-- MySQL dump 10.13  Distrib 5.7.20, for linux-glibc2.12 (x86_64)
--
-- Host: localhost    Database: weibbix
-- ------------------------------------------------------
-- Server version	5.7.20

/*!40101 SET @OLD_CHARACTER_SET_CLIENT=@@CHARACTER_SET_CLIENT */;
/*!40101 SET @OLD_CHARACTER_SET_RESULTS=@@CHARACTER_SET_RESULTS */;
/*!40101 SET @OLD_COLLATION_CONNECTION=@@COLLATION_CONNECTION */;
/*!40101 SET NAMES utf8 */;
/*!40103 SET @OLD_TIME_ZONE=@@TIME_ZONE */;
/*!40103 SET TIME_ZONE='+00:00' */;
/*!40014 SET @OLD_UNIQUE_CHECKS=@@UNIQUE_CHECKS, UNIQUE_CHECKS=0 */;
/*!40014 SET @OLD_FOREIGN_KEY_CHECKS=@@FOREIGN_KEY_CHECKS, FOREIGN_KEY_CHECKS=0 */;
/*!40101 SET @OLD_SQL_MODE=@@SQL_MODE, SQL_MODE='NO_AUTO_VALUE_ON_ZERO' */;
/*!40111 SET @OLD_SQL_NOTES=@@SQL_NOTES, SQL_NOTES=0 */;

--
-- Table structure for table `account`
--

DROP TABLE IF EXISTS `account`;
/*!40101 SET @saved_cs_client     = @@character_set_client */;
/*!40101 SET character_set_client = utf8 */;
CREATE TABLE `account` (
  `id` varchar(255) NOT NULL,
  `name` varchar(255) NOT NULL,
  `user` varchar(255) NOT NULL,
  `password` varchar(255) NOT NULL,
  `type` varchar(255) NOT NULL,
  `addr` varchar(255) NOT NULL,
  `notice` varchar(255) DEFAULT NULL,
  PRIMARY KEY (`id`)
) ENGINE=InnoDB DEFAULT CHARSET=utf8mb4;
/*!40101 SET character_set_client = @saved_cs_client */;

--
-- Dumping data for table `account`
--

LOCK TABLES `account` WRITE;
/*!40000 ALTER TABLE `account` DISABLE KEYS */;
INSERT INTO `account` VALUES ('1554113044290','é˜¿é‡Œäº‘(ç½‘ç»œ)','qhebusbar','Bsb/2018','Web','https://www.aliyun.com','ç½‘ç»œå…¬å¸é˜¿é‡Œäº‘è´¦å·'),('1554113603826','é˜¿é‡Œäº‘(ç§‘æŠ€)','busbar@ebusbar.net','abc@1234','Web','https://www.aliyun.com','ç§‘æŠ€å…¬å¸é˜¿é‡Œäº‘è´¦å·'),('1554169568651','Gitlab','root','Bsb/2018','Web','http://gitlab.qhebusbar.com:880','å†…ç½‘ï¼šhttp://188.188.1.121'),('1554170180018','é˜²ç«å¢™(åŠå…¬å®¤)','admin','Bsb.net@2018','Web','https://192.168.1.1:8443','åŠå…¬å®¤é˜²ç«å¢™ç®¡ç†å‘˜è´¦å·'),('1554170295729','ç§æœ‰äº‘ç®¡ç†å¹³å°','administrator@vsphere.local','Abc@123456','Web','https://172.16.2.32','ç§æœ‰äº‘ç®¡ç†å‘˜è´¦å·'),('1554170499160','é˜²ç«å¢™(ç”µä¿¡æœºæˆ¿)','admin','Bsb.net@2018','Web','https://59.37.126.60:8443','å†…ç½‘:https://172.16.3.2:8443    å¤‡ç”¨:http://59.37.126.60:8844'),('1554171342670','Zabbix','Admin','Bsb.net@2018','Web','http://59.37.126.60:90','Zabbix ç®¡ç†å‘˜è´¦å·'),('1554171446550','V5030 å­˜å‚¨','superuser','Abc@123456','Web','https://172.16.2.16','å¤‡ç”¨: https://172.16.2.17'),('1554171710005','é‚®ç®±','huhaiqing@ebusbar.net','Hu/2018','Web','https://exmail.qq.com/cgi-bin/loginpage','åŠå…¬é‚®ç®±è´¦å·'),('1554171780789','è·¯ç”±å™¨(æ²¡ä½¿ç”¨)','admin','bsb.2017.B','Web','https://172.16.3.2:8443','åŸç”µä¿¡æœºæˆ¿è·¯ç”±å™¨ç®¡ç†å‘˜è´¦å·'),('1554171934372','ITåŸºç¡€è®¾æ–½ç®¡ç†å¹³å°','sysadmin','Yacmp123','Web','http://172.16.2.35',''),('1554172055708','æ ¸å¿ƒäº¤æ¢æœº','admin','Abc@123456','Web','https://172.16.2.1','ç”µä¿¡æœºæˆ¿æ ¸å¿ƒäº¤æ¢æœºç®¡ç†å‘˜è´¦å·'),('1554178634547','è“é²¸','admin','Bsb.net@2018','Web','http://paas.qhebusbar.com','å†…ç½‘: http://192.168.1.253'),('1554178674060','ç”µä¿¡å¤‡æ¡ˆ','qhebusbar','a111111','Web','http://beian.ct10000.com/icp/index.jsp',''),('1554178762355','åŠå…¬å®¤ç”µä¿¡ä¸Šç½‘','075505273080@163.gd','ANGIFXUG','Web','http://www.189.cn/','åŠå…¬å®¤ç”µä¿¡ä¸Šç½‘è´¦å·'),('1554178884963','wifi å¯†ç ','','86251115','Other','BSB-NW',''),('1554179152610','å¼€å‘ Linux','devuser','3Y2h8vf1','Other','','ç”Ÿäº§ã€æµ‹è¯•å¼€å‘äººå‘˜ä½¿ç”¨'),('1554179254818','ç”Ÿäº§ç™¾è·‘ tomcat','tomcat','XCxR6nI8','Other','','ç™¾è·‘ç”Ÿäº§ç¯å¢ƒ jar åŒ…å¯åŠ¨è´¦å·'),('1554179344978','ç¦…é“','admin','Bsbnet123','Web','http://zentao.qhebusbar.net:90/zentao/',''),('1554179425769','ç”Ÿäº§ç¯å¢ƒ FTP ç”¨æˆ·','ftpuser','8BQ9Z4yU','Other','','ç”¨äºä¸Šä¼ é™æ€æ–‡ä»¶'),('1554183353039','Oracle ç®¡ç†å‘˜',' sys/system','eklcX6u9!zny','Oracle','172.16.1.11ã€172.16.1.12','ç”Ÿäº§ Oracle ç®¡ç†å‘˜è´¦å·'),('1554183535302','ç”Ÿäº§ BBOG','BBGO','84HxY@2T','Oracle','172.16.1.11ã€172.16.1.12','IIS è¿æ¥æ•°æ®åº“è´¦å·'),('1554183660071','ç™¾è·‘ MySQL ç®¡ç†å‘˜','root','256KorF0*81C','MySQL','172.16.1.36','ç”Ÿäº§ç™¾è·‘MySQLç®¡ç†å‘˜'),('1554183917366','ç™¾è·‘MySQLæ•°æ®åº“','baipao','8yBC*L5yc','MySQL','172.16.1.36 172.16.1.46','åªæœ‰ ebusbar_baipao æƒé™ï¼Œå¼€å‘äººå‘˜ä½¿ç”¨'),('1554184088237','ç”Ÿäº§VPN','huhaiqing','Bsb848','VPN','59.37.126.35:9443','ç”¨äºè¿æ¥ç”Ÿäº§VPN'),('1554184451612','Zabbix MySQL','root@\'localhost\'','MySQL2018','MySQL','172.16.2.39','Zabbix MySQL æ•°æ®åº“æœ¬åœ°ç®¡ç†å‘˜è´¦å·'),('1554185363306','ESXi01','root','Abc@123456','Esxi','https://172.16.2.26','CMM: https://172.16.2.18    IMM: https://172.16.2.19 '),('1554185559353','ESXi02','root','Abc@123456','Esxi','https://172.16.2.27','CMM: https://172.16.2.18    IMM: https://172.16.2.20'),('1554185631049','ESXi03','root','Abc@123456','Esxi','https://172.16.2.28','CMM: https://172.16.2.18    IMM: https://172.16.2.21'),('1554185785953','ESXi04','root','Abc@123456','Esxi','https://172.16.2.29','CMM: https://172.16.2.18    IMM: https://172.16.2.22'),('1554185863089','ESXi05','root','Abc@123456','Esxi','https://172.16.2.30','CMM: https://172.16.2.18    IMM: https://172.16.2.23'),('1554185941512','testesxi01','root','bsb2018','Esxi','192.168.1.241','å—å±±æµ‹è¯•æœåŠ¡å™¨'),('1554185997440','testesxi02','root','bsbnet2018','Esxi','https://188.188.1.31','åªå±±æµ‹è¯•æœåŠ¡å™¨');
/*!40000 ALTER TABLE `account` ENABLE KEYS */;
UNLOCK TABLES;

--
-- Table structure for table `account_type`
--

DROP TABLE IF EXISTS `account_type`;
/*!40101 SET @saved_cs_client     = @@character_set_client */;
/*!40101 SET character_set_client = utf8 */;
CREATE TABLE `account_type` (
  `id` varchar(255) NOT NULL,
  `name` varchar(255) NOT NULL,
  PRIMARY KEY (`id`)
) ENGINE=InnoDB DEFAULT CHARSET=latin1;
/*!40101 SET character_set_client = @saved_cs_client */;

--
-- Dumping data for table `account_type`
--

LOCK TABLES `account_type` WRITE;
/*!40000 ALTER TABLE `account_type` DISABLE KEYS */;
INSERT INTO `account_type` VALUES ('001','Web'),('002','MySQL'),('003','Oracle'),('004','VPN'),('005','Esxi'),('999','Other');
/*!40000 ALTER TABLE `account_type` ENABLE KEYS */;
UNLOCK TABLES;

--
-- Table structure for table `cluster`
--

DROP TABLE IF EXISTS `cluster`;
/*!40101 SET @saved_cs_client     = @@character_set_client */;
/*!40101 SET character_set_client = utf8 */;
CREATE TABLE `cluster` (
  `id` varchar(255) NOT NULL,
  `name` varchar(255) NOT NULL,
  `env` varchar(255) NOT NULL,
  `type` varchar(255) NOT NULL,
  `createdAt` datetime DEFAULT CURRENT_TIMESTAMP,
  PRIMARY KEY (`id`),
  UNIQUE KEY `name` (`name`,`type`,`env`)
) ENGINE=InnoDB DEFAULT CHARSET=utf8mb4;
/*!40101 SET character_set_client = @saved_cs_client */;

--
-- Dumping data for table `cluster`
--

LOCK TABLES `cluster` WRITE;
/*!40000 ALTER TABLE `cluster` DISABLE KEYS */;
INSERT INTO `cluster` VALUES ('1553248264458','baipao_nginx_web_cluster','pro','nginx-web','2019-03-22 17:51:04'),('1553248998680','nginx_proxy_cluster','pro','nginx-proxy','2019-03-22 18:03:19'),('1553478979766','gps_java_cluster_pro','pro','java','2019-03-25 09:56:20'),('1553479855524','gps_zookeeper_cluster_pro','pro','zookeeper','2019-03-25 10:10:56'),('1553480004099','gps_kafka_cluster_pro','pro','kafka','2019-03-25 10:13:24'),('1553480971170','gps_mongodb_cluster_pro','pro','mongodb','2019-03-25 10:29:31'),('1553481425760','gps_redis_cluster_pro','pro','redis','2019-03-25 10:37:06'),('1553481748295','baipao_manager_cluster_pro','pro','java','2019-03-25 10:42:28'),('1553481777070','bapao_driverapp_cluster_pro','pro','java','2019-03-25 10:42:57'),('1553506389622','mysql_cluster_pro01','pro','mysql','2019-03-25 17:33:10'),('1553507465947','baipao_redis_cluster_pro01','pro','redis','2019-03-25 17:51:06'),('1555380707735','chongdian_iis_cluster','pro','iis','2019-04-16 10:11:48'),('1555382804957','www_apache_cluster','pro','apache','2019-04-16 10:46:45'),('1555383139211','kuaidianyun_java_cluster','pro','java','2019-04-16 10:52:19'),('1555383329866','kuaidianyun_nginx_web_cluster_pro','pro','nginx-web','2019-04-16 10:55:30'),('1555383924648','zabbix_www_mysql_cluster','pro','mysql','2019-04-16 11:05:25'),('1555384565804','zabbix_nginx_web_cluster','pro','nginx-web','2019-04-16 11:16:06'),('1555384592397','weibbix_nginx_web_cluster','pro','nginx-web','2019-04-16 11:16:32'),('1555384782500','weibbix_java_cluster','pro','java','2019-04-16 11:19:43'),('1555388971744','zabbix_php_cluster','pro','php','2019-04-16 12:29:32'),('1555395100075','elk_kibana_es','pro','java','2019-04-16 14:11:40'),('1555400535248','oldbaipao_oracle_cluster','pro','oracle','2019-04-16 15:42:15'),('1555400569624','old baipao admin cluster','pro','iis','2019-04-16 15:42:50'),('1555400602976','old baipao app api cluster','pro','iis','2019-04-16 15:43:23'),('1555400653080','old baipao weixin api cluster','pro','iis','2019-04-16 15:44:13'),('1555400772655','old baipao redis cluster','pro','redis','2019-04-16 15:46:13');
/*!40000 ALTER TABLE `cluster` ENABLE KEYS */;
UNLOCK TABLES;

--
-- Table structure for table `hosts`
--

DROP TABLE IF EXISTS `hosts`;
/*!40101 SET @saved_cs_client     = @@character_set_client */;
/*!40101 SET character_set_client = utf8 */;
CREATE TABLE `hosts` (
  `hostId` varchar(255) NOT NULL,
  `hostName` varchar(255) NOT NULL,
  `ip` varchar(255) NOT NULL,
  `envType` varchar(255) NOT NULL,
  `hostGroup` varchar(255) NOT NULL,
  `place` varchar(255) NOT NULL,
  `rootPassword` varchar(255) NOT NULL,
  `allocated` bit(1) NOT NULL,
  `createdAt` timestamp NOT NULL DEFAULT CURRENT_TIMESTAMP,
  `osVersion` varchar(255) NOT NULL,
  `configuration` varchar(255) NOT NULL,
  `hostType` varchar(255) NOT NULL,
  `esxiIp` varchar(255) DEFAULT NULL,
  `enabled` bit(1) NOT NULL,
  `cluster` varchar(255) DEFAULT NULL,
  `project` varchar(255) DEFAULT NULL,
  `ins_num` int(10) NOT NULL DEFAULT '0',
  PRIMARY KEY (`hostId`),
  UNIQUE KEY `ip` (`ip`,`hostGroup`)
) ENGINE=InnoDB DEFAULT CHARSET=utf8mb4;
/*!40101 SET character_set_client = @saved_cs_client */;

--
-- Dumping data for table `hosts`
--

LOCK TABLES `hosts` WRITE;
/*!40000 ALTER TABLE `hosts` DISABLE KEYS */;
INSERT INTO `hosts` VALUES ('38388392831175377','baipao01','172.16.1.55','pro','java','æœºæˆ¿','ZwdGacGq','\0','2019-03-22 09:49:36','CentOS 7','4C 8G 40G','è™šæ‹Ÿæœº','172.16.2.27','',NULL,NULL,3),('38388392836648009','baipao02','172.16.1.65','pro','java','æœºæˆ¿','Ret46gRa','\0','2019-03-22 09:49:36','CentOS 7','4C 8G 40G','è™šæ‹Ÿæœº','172.16.2.30','',NULL,NULL,3),('38388392840320783','baipao01','172.16.1.55','pro','nginx-web','æœºæˆ¿','ZwdGacGq','\0','2019-03-22 09:49:36','CentOS 7','4C 8G 40G','è™šæ‹Ÿæœº','172.16.2.27','',NULL,NULL,3),('38388392846467727','baipao02','172.16.1.65','pro','nginx-web','æœºæˆ¿','Ret46gRa','\0','2019-03-22 09:49:36','CentOS 7','4C 8G 40G','è™šæ‹Ÿæœº','172.16.2.30','',NULL,NULL,3),('38389107804771259','Server-qmeg73','172.16.1.52','pro','nginx-proxy','æœºæˆ¿','9j5NeHHz','\0','2019-03-22 10:01:31','CentOS 7','4C 8G 40G','è™šæ‹Ÿæœº','172.16.2.28','',NULL,NULL,1),('38619172016364368','gps-web02','192.168.1.36','pro','java','æœºæˆ¿','7y4QLnP8$','\0','2019-03-25 01:55:55','CentOS 7','4C 8G 40G','è™šæ‹Ÿæœº',NULL,'',NULL,NULL,1),('38619172018164914','gps-mongodb01','192.168.1.37','pro','mongodb','æœºæˆ¿','a6J284IV','\0','2019-03-25 01:55:55','CentOS 7','4C 8G 40G','è™šæ‹Ÿæœº',NULL,'',NULL,NULL,1),('38619172020065960','gps-web01','192.168.1.35','pro','java','æœºæˆ¿','658u8qXR%','\0','2019-03-25 01:55:55','CentOS 7','4C 8G 40G','è™šæ‹Ÿæœº',NULL,'',NULL,NULL,2),('38619172021269360','gps-kafka02','192.168.1.33','pro','kafka','æœºæˆ¿','L22Lr9yq','\0','2019-03-25 01:55:55','CentOS 7','4C 8G 40G','è™šæ‹Ÿæœº',NULL,'',NULL,NULL,2),('38619172022481128','gps-kafka03','192.168.1.34','pro','kafka','æœºæˆ¿','dhh2S75K','\0','2019-03-25 01:55:55','CentOS 7','4C 8G 40G','è™šæ‹Ÿæœº',NULL,'',NULL,NULL,2),('38619172023586341','gps-mongodb03','192.168.1.39','pro','mongodb','æœºæˆ¿','ZsM57MR8','\0','2019-03-25 01:55:55','CentOS 7','4C 8G 40G','è™šæ‹Ÿæœº',NULL,'',NULL,NULL,1),('38619172024658446','gps-kafka01','192.168.1.32','pro','kafka','æœºæˆ¿','Fct65MEH','\0','2019-03-25 01:55:55','CentOS 7','4C 8G 40G','è™šæ‹Ÿæœº',NULL,'',NULL,NULL,2),('38619172025725027','gps-mongodb02','192.168.1.38','pro','mongodb','æœºæˆ¿','IJ6cK22F','\0','2019-03-25 01:55:55','CentOS 7','4C 8G 40G','è™šæ‹Ÿæœº',NULL,'',NULL,NULL,1),('38619172026861099','gps-kafka02','192.168.1.33','pro','zookeeper','æœºæˆ¿','L22Lr9yq','\0','2019-03-25 01:55:55','CentOS 7','4C 8G 40G','è™šæ‹Ÿæœº',NULL,'',NULL,NULL,2),('38619172027954727','gps-kafka03','192.168.1.34','pro','zookeeper','æœºæˆ¿','dhh2S75K','\0','2019-03-25 01:55:55','CentOS 7','4C 8G 40G','è™šæ‹Ÿæœº',NULL,'',NULL,NULL,2),('38619172029097853','gps-kafka01','192.168.1.32','pro','zookeeper','æœºæˆ¿','Fct65MEH','\0','2019-03-25 01:55:55','CentOS 7','4C 8G 40G','è™šæ‹Ÿæœº',NULL,'',NULL,NULL,2),('38621662910885667','gps-web01','192.168.1.35','pro','redis','æœºæˆ¿','658u8qXR%','\0','2019-03-25 02:37:26','CentOS 7','4C 8G 40G','è™šæ‹Ÿæœº',NULL,'',NULL,NULL,1),('38646504133029352','mysql-master','172.16.1.36','pro','mysql','æœºæˆ¿','E4LzEvhT','\0','2019-03-25 09:31:28','CentOS 7','8C 16G 80G','è™šæ‹Ÿæœº','172.16.2.30','',NULL,NULL,2),('38646504141420143','mysql-slave','172.16.1.46','pro','mysql','æœºæˆ¿','82E1ph6R','\0','2019-03-25 09:31:28','CentOS 7','8C 16G 80G','è™šæ‹Ÿæœº','172.16.2.28','',NULL,NULL,1),('38646504144634506','dataguard','192.168.1.40','pro','mysql','é˜¿é‡Œäº‘','P684+*Sgx8Xt','\0','2019-03-25 09:31:28','CentOS 7','8C 16G 80G','è™šæ‹Ÿæœº','172.16.2.28','',NULL,NULL,2),('38647656712611490','mysql-master','172.16.1.36','pro','redis','æœºæˆ¿','E4LzEvhT','\0','2019-03-25 09:50:40','CentOS 7','8C 16G 80G','è™šæ‹Ÿæœº','172.16.2.30','',NULL,NULL,1),('40520845201367003','News01','172.16.1.37','pro','iis','æœºæˆ¿','jKjWv9nV','\0','2019-04-16 02:08:54','Windows 2008 R2','8C 16G 80G','è™šæ‹Ÿæœº','172.16.2.28','',NULL,NULL,1),('40520845204158276','News02','172.16.1.38','pro','iis','æœºæˆ¿','8z11dBH4','\0','2019-04-16 02:08:54','Windows 2008 R2','8C 16G 80G','è™šæ‹Ÿæœº','172.16.2.29','',NULL,NULL,1),('40522962671444371','kuaidianyun01','172.16.1.31','pro','apache','æœºæˆ¿','QDpf5s8D','\0','2019-04-16 02:44:12','CentOS 7','4C 8G 40G','è™šæ‹Ÿæœº','172.16.2.29','',NULL,NULL,3),('40522962678959741','kuaidianyun01','172.16.1.31','pro','java','æœºæˆ¿','QDpf5s8D','\0','2019-04-16 02:44:12','CentOS 7','4C 8G 40G','è™šæ‹Ÿæœº','172.16.2.29','',NULL,NULL,3),('40523502554872158','kuaidianyun01','172.16.1.31','pro','nginx-web','æœºæˆ¿','QDpf5s8D','\0','2019-04-16 02:53:12','CentOS 7','4C 8G 40G','è™šæ‹Ÿæœº','172.16.2.29','',NULL,NULL,1),('40524098355190500','zabbix','172.16.2.39','pro','nginx-web','æœºæˆ¿','ksTB7WQc','\0','2019-04-16 03:03:07','CentOS 7','4C 8G 40G','è™šæ‹Ÿæœº','172.16.2.30','',NULL,NULL,5),('40524098359342439','zabbix','172.16.2.39','pro','java','æœºæˆ¿','ksTB7WQc','\0','2019-04-16 03:03:07','CentOS 7','4C 8G 40G','è™šæ‹Ÿæœº','172.16.2.30','',NULL,NULL,5),('40524098361857379','zabbix','172.16.2.39','pro','mysql','æœºæˆ¿','ksTB7WQc','\0','2019-04-16 03:03:07','CentOS 7','4C 8G 40G','è™šæ‹Ÿæœº','172.16.2.30','',NULL,NULL,5),('40529220533609009','zabbix','172.16.2.39','pro','php','æœºæˆ¿','ksTB7WQc','\0','2019-04-16 04:28:30','CentOS 7','4C 8G 40G','è™šæ‹Ÿæœº','172.16.2.30','',NULL,NULL,1),('40535226298770228','elk','172.16.1.32','pro','java','æœºæˆ¿','lXFdtRH2','\0','2019-04-16 06:08:35','CentOS 7','4C 8G 40G','è™šæ‹Ÿæœº','172.16.2.30','',NULL,NULL,1),('40537463910693751','managervm(ç”Ÿäº§ç¯å¢ƒè·³æ¿æœº)','172.16.2.33','pro','other','æœºæˆ¿','Qrxy1rYh','\0','2019-04-16 06:45:53','Windows 2008 R2','2C 4G 40G','è™šæ‹Ÿæœº','172.16.2.29','',NULL,NULL,0),('40539171274415375','bbsvr01','172.16.1.11','pro','oracle','æœºæˆ¿','3aMki3419$fk','\0','2019-04-16 07:14:20','Oracle Linux 6.8','10C 52G','è™šæ‹Ÿæœº','172.16.2.26','',NULL,NULL,2),('40539171279494760','bbsvr02','172.16.1.12','pro','oracle','æœºæˆ¿','X23175/pfV%Y','\0','2019-04-16 07:14:20','Oracle Linux 6.8','10C 52G','è™šæ‹Ÿæœº','172.16.2.27','',NULL,NULL,1),('40539171282754751','dataguard','192.168.1.40','pro','oracle','é˜¿é‡Œäº‘','P684+*Sgx8Xt','\0','2019-04-16 07:14:20','CentOS 6','8C 32G','è™šæ‹Ÿæœº','172.16.2.27','',NULL,NULL,1),('40539247270588097','bbsvr01','172.16.1.11','pro','redis','æœºæˆ¿','3aMki3419$fk','\0','2019-04-16 07:15:36','Oracle Linux 6.8','10C 52G','è™šæ‹Ÿæœº','172.16.2.26','',NULL,NULL,2),('40540401141455719','AppServer01','172.16.1.50','pro','iis','æœºæˆ¿','LvN4iBb2','\0','2019-04-16 07:34:50','Windows 2008 R2','8C 16G 80G','è™šæ‹Ÿæœº','172.16.2.26','',NULL,NULL,1),('40540401147080570','AppServer03','172.16.1.61','pro','iis','æœºæˆ¿','5Aph2RQ8','\0','2019-04-16 07:34:50','Windows 2008 R2','8C 16G 80G','è™šæ‹Ÿæœº','172.16.2.28','',NULL,NULL,2),('40540401151237764','AppServer04','172.16.1.62','pro','iis','æœºæˆ¿','GF493Szk','\0','2019-04-16 07:34:50','Windows 2008 R2','8C 16G 80G','è™šæ‹Ÿæœº','172.16.2.27','',NULL,NULL,0),('40540401153092016','AppServer02','172.16.1.51','pro','iis','æœºæˆ¿','8HUdbWDQ','\0','2019-04-16 07:34:50','Windows 2008 R2','8C 16G 80G','è™šæ‹Ÿæœº','172.16.2.30','',NULL,NULL,2),('40607225416731180','esxi01(åªå±±)','188.188.1.31','test','other','æœºæˆ¿','bsbnet2018','\0','2019-04-17 02:08:34','exsi 6.5','16C 64G','ç‰©ç†æœº',NULL,'',NULL,NULL,0),('40607225419716866','esxi02(å—å±±)','192.168.1.241','test','other','æœºæˆ¿','bsb2018','\0','2019-04-17 02:08:34','esxi 6.0','8C 32G','ç‰©ç†æœº',NULL,'',NULL,NULL,0),('40608140592892830','win200801(æ—§ç™¾è·‘) ','188.188.1.24','test','iis','æœºæˆ¿','bsb123.BSB','\0','2019-04-17 02:23:50','Windows 2008 R2','16C 64G','ç‰©ç†æœº',NULL,'',NULL,NULL,0),('40608140599909425','win200802(å……ç”µ)','188.188.1.30','test','iis','æœºæˆ¿','bsb123.BSB','\0','2019-04-17 02:23:50','Windows 2008 R2','4C 8G 40G','è™šæ‹Ÿæœº','188.188.1.31','',NULL,NULL,0),('40608140614467835','win200803(å¤‡ç”¨)','188.188.1.144','test','iis','æœºæˆ¿','bsb123.BSB','\0','2019-04-17 02:23:50','Windows 2008 R2','4C 8G 40G','è™šæ‹Ÿæœº','188.188.1.31','',NULL,NULL,0),('40608191330632111','win200804(æ—§å……ç”µ)','188.188.1.145','test','iis','æœºæˆ¿','bsb123.BSB','\0','2019-04-17 02:24:40','Windows 2008 R2','8C 32G','ç‰©ç†æœº',NULL,'\0',NULL,NULL,0),('40608929967192509','gpsweb01(å¤‡ä»½NFS)','188.188.1.133','test','other','æœºæˆ¿','52R#jnFra%T1','\0','2019-04-17 02:36:59','CentOS 7','2C 4G 40G','è™šæ‹Ÿæœº','188.188.1.31','',NULL,NULL,0),('40608929968818329','gitlab','188.188.1.121','test','other','æœºæˆ¿','XtMf6Y33','\0','2019-04-17 02:36:59','CentOS 7','2C 4G 40G','è™šæ‹Ÿæœº','188.188.1.31','',NULL,NULL,0),('40608929969863838','jenkins','188.188.1.132','test','other','æœºæˆ¿','bsbnet','\0','2019-04-17 02:36:59','CentOS 7','2C 4G 40G','è™šæ‹Ÿæœº','188.188.1.31','',NULL,NULL,0),('40608929971064242','win2008(åŠå…¬åŒºå…±äº«)','192.168.1.223','test','other','æœºæˆ¿','abc@1234','\0','2019-04-17 02:36:59','CentOS 7','2C 4G 40G','è™šæ‹Ÿæœº','192.168.1.241','',NULL,NULL,0);
/*!40000 ALTER TABLE `hosts` ENABLE KEYS */;
UNLOCK TABLES;

--
-- Table structure for table `instance`
--

DROP TABLE IF EXISTS `instance`;
/*!40101 SET @saved_cs_client     = @@character_set_client */;
/*!40101 SET character_set_client = utf8 */;
CREATE TABLE `instance` (
  `id` varchar(255) NOT NULL,
  `ip` varchar(255) NOT NULL,
  `port` varchar(255) NOT NULL,
  `name` varchar(255) NOT NULL,
  `dir` varchar(255) NOT NULL,
  `env` varchar(255) NOT NULL,
  `type` varchar(255) NOT NULL,
  `allocated` bit(1) NOT NULL,
  `cluster` varchar(255) DEFAULT NULL,
  `project` varchar(255) DEFAULT NULL,
  PRIMARY KEY (`id`),
  UNIQUE KEY `ip` (`ip`,`name`)
) ENGINE=InnoDB DEFAULT CHARSET=utf8mb4;
/*!40101 SET character_set_client = @saved_cs_client */;

--
-- Dumping data for table `instance`
--

LOCK TABLES `instance` WRITE;
/*!40000 ALTER TABLE `instance` DISABLE KEYS */;
INSERT INTO `instance` VALUES ('1553248227770','172.16.1.55','80','baipao_nginx_web_instance','/var/www/html','pro','nginx-web','','baipao_nginx_web_cluster','æ–°ç™¾è·‘ Manager'),('1553248227813','172.16.1.65','80','baipao_nginx_web_instance','/var/www/html','pro','nginx-web','','baipao_nginx_web_cluster','æ–°ç™¾è·‘ Manager'),('1553248966305','172.16.1.52','80 443','nginx_proxy01','/var/www/html','pro','nginx-proxy','','nginx_proxy_cluster','å¿«ç‚¹äº‘æœ'),('1553478948382','192.168.1.35','88','gps_java_instance_pro','/data/apps','pro','java','','gps_java_cluster_pro','GPS æ•°æ®å¤„ç†ç³»ç»Ÿ'),('1553478948450','192.168.1.36','88','gps_java_instance_pro','/data/apps','pro','java','','gps_java_cluster_pro','GPS æ•°æ®å¤„ç†ç³»ç»Ÿ'),('1553479471597','192.168.1.32','9092','gps_kafka_instance_pro','/usr/local/kafka','pro','kafka','','gps_kafka_cluster_pro','GPS æ•°æ®å¤„ç†ç³»ç»Ÿ'),('1553479471703','192.168.1.33','9092','gps_kafka_instance_pro','/usr/local/kafka','pro','kafka','','gps_kafka_cluster_pro','GPS æ•°æ®å¤„ç†ç³»ç»Ÿ'),('1553479471748','192.168.1.34','9092','gps_kafka_instance_pro','/usr/local/kafka','pro','kafka','','gps_kafka_cluster_pro','GPS æ•°æ®å¤„ç†ç³»ç»Ÿ'),('1553479804172','192.168.1.32','2181    13888','gps_zookeeper_instance_pro','/usr/local/zookeeper','pro','zookeeper','','gps_zookeeper_cluster_pro','GPS æ•°æ®å¤„ç†ç³»ç»Ÿ'),('1553479804233','192.168.1.33','2181    13888','gps_zookeeper_instance_pro','/usr/local/zookeeper','pro','zookeeper','','gps_zookeeper_cluster_pro','GPS æ•°æ®å¤„ç†ç³»ç»Ÿ'),('1553479804283','192.168.1.34','2181    13888','gps_zookeeper_instance_pro','/usr/local/zookeeper','pro','zookeeper','','gps_zookeeper_cluster_pro','GPS æ•°æ®å¤„ç†ç³»ç»Ÿ'),('1553480944113','192.168.1.37','27001','gps_mongodb_instance_pro','/usr/local/mongodb','pro','mongodb','','gps_mongodb_cluster_pro','GPS æ•°æ®å¤„ç†ç³»ç»Ÿ'),('1553480944180','192.168.1.38','27001','gps_mongodb_instance_pro','/usr/local/mongodb','pro','mongodb','','gps_mongodb_cluster_pro','GPS æ•°æ®å¤„ç†ç³»ç»Ÿ'),('1553480944206','192.168.1.39','27001','gps_mongodb_instance_pro','/usr/local/mongodb','pro','mongodb','','gps_mongodb_cluster_pro','GPS æ•°æ®å¤„ç†ç³»ç»Ÿ'),('1553481403688','192.168.1.35','6379','gps_redis_instance_pro','/usr/local/bin/redis-server','pro','redis','','gps_redis_cluster_pro','GPS æ•°æ®å¤„ç†ç³»ç»Ÿ'),('1553481652775','172.16.1.55','8444','baipao_manager_instance_pro','/usr/local/baipao/manager/','pro','java','','baipao_manager_cluster_pro','æ–°ç™¾è·‘ Manager'),('1553481652825','172.16.1.65','8444','baipao_manager_instance_pro','/usr/local/baipao/manager/','pro','java','','baipao_manager_cluster_pro','æ–°ç™¾è·‘ Manager'),('1553481695719','172.16.1.55','8666','baipao_driverapp_instance_pro','/usr/local/baipao/driverapp','pro','java','','bapao_driverapp_cluster_pro','æ–°ç™¾è·‘ Driverapp'),('1553481695759','172.16.1.65','8666','baipao_driverapp_instance_pro','/usr/local/baipao/driverapp','pro','java','','bapao_driverapp_cluster_pro','æ–°ç™¾è·‘ Driverapp'),('1553506291504','172.16.1.36','3306','mysql_master_instance_pro','/var/lib/mysql','pro','mysql','','mysql_cluster_pro01','å¿«ç‚¹äº‘æœ'),('1553506319903','172.16.1.46','3306','mysql_slave_instance_pro01','/usr/local/mysql','pro','mysql','','mysql_cluster_pro01','å¿«ç‚¹äº‘æœ'),('1553506361319','192.168.1.40','3306','mysql_slave_instance_pro02','/var/lib/mysql','pro','mysql','','mysql_cluster_pro01','å¿«ç‚¹äº‘æœ'),('1553507440380','172.16.1.36','6379','baipao_redis_instance_pro01','/usr/local/redis','pro','redis','','baipao_redis_cluster_pro01','å¿«ç‚¹äº‘æœ'),('1555380640240','172.16.1.37','8998','chongdian_iis_instance_pro','D:\\BBcommsvr_api','pro','iis','','chongdian_iis_cluster','å……ç”µ'),('1555380680407','172.16.1.38','8999','chongdian_iis_instance_pro','D:\\BBcommsvr_api','pro','iis','','chongdian_iis_cluster','å……ç”µ'),('1555382765710','172.16.1.31','80','www_apache_instance_pro','/var/www/html','pro','apache','','www_apache_cluster','å®˜ç½‘'),('1555383070908','172.16.1.31','8080 8081 8083','kuaidianyun_java_instance','/usr/local/kuaidianyun','pro','java','','kuaidianyun_java_cluster','å¿«ç‚¹äº‘æœ'),('1555383294411','172.16.1.31','90','kuaidianyun_nginx_web_instance_pro','/var/www/boss','pro','nginx-web','','kuaidianyun_nginx_web_cluster_pro','å¿«ç‚¹äº‘æœ'),('1555383896856','172.16.2.39','3306','zabbix_www_mysql_instance','/usr/local/mysql','pro','mysql','','zabbix_www_mysql_cluster','è¿ç»´å·¥å…· Zabbix'),('1555384382270','172.16.2.39','88','weibbix_nginx_web','/var/www/weibbix','pro','nginx-web','','weibbix_nginx_web_cluster','è¿ç»´å·¥å…· Weibbix'),('1555384427845','172.16.2.39','90','zabbix_nginx_web','/usr/local/nginx/html','pro','nginx-web','','zabbix_nginx_web_cluster','è¿ç»´å·¥å…· Zabbix'),('1555384744860','172.16.2.39','8080','weibbix_java_instance','/usr/local/weibbix','pro','java','','weibbix_java_cluster','è¿ç»´å·¥å…· Weibbix'),('1555388954239','172.16.2.39','9000','zabbix_php_instance','/usr/local/nginx/html','pro','php','','zabbix_php_cluster','è¿ç»´å·¥å…· Zabbix'),('1555395013627','172.16.1.32','kibana:5601    es:9200','elk_java_instance','/usr/local','pro','java','','elk_kibana_es','è¿ç»´å·¥å…· ELK'),('1555400264314','172.16.1.50','80','oldbaipao_admin_iis_instance','D:\\bsb_server\\EbusServer','pro','iis','','old baipao admin cluster','æ—§ç™¾è·‘ PC ç«™ç‚¹'),('1555400323777','172.16.1.51','80','oldbaipao_app_api_iis_instance','D:\\bsb_server\\EbusServer','pro','iis','','old baipao app api cluster','æ—§ç™¾è·‘ APP API'),('1555400323825','172.16.1.61','80','oldbaipao_app_api_iis_instance','D:\\bsb_server\\EbusServer','pro','iis','','old baipao app api cluster','æ—§ç™¾è·‘ APP API'),('1555400393537','172.16.1.51','81','oldbaipao_weixin_api_instance','D:\\wx.qhebusbar.com','pro','iis','','old baipao weixin api cluster','æ—§ç™¾è·‘å¾®ä¿¡ API'),('1555400393579','172.16.1.61','81','oldbaipao_weixin_api_instance','D:\\wx.qhebusbar.com','pro','iis','','old baipao weixin api cluster','æ—§ç™¾è·‘å¾®ä¿¡ API'),('1555400506177','172.16.1.11','1521','oldbaipao_oracle_instance','/u01','pro','oracle','','oldbaipao_oracle_cluster','å……ç”µ'),('1555400506286','172.16.1.12','1521','oldbaipao_oracle_instance','/u01','pro','oracle','','oldbaipao_oracle_cluster','å……ç”µ'),('1555400506328','192.168.1.40','1521','oldbaipao_oracle_instance','/u01','pro','oracle','','oldbaipao_oracle_cluster','å……ç”µ'),('1555400711199','172.16.1.11','6379','old baipao redis instance','/usr/redis','pro','redis','','old baipao redis cluster','å……ç”µ');
/*!40000 ALTER TABLE `instance` ENABLE KEYS */;
UNLOCK TABLES;

--
-- Table structure for table `instance_cluster`
--

DROP TABLE IF EXISTS `instance_cluster`;
/*!40101 SET @saved_cs_client     = @@character_set_client */;
/*!40101 SET character_set_client = utf8 */;
CREATE TABLE `instance_cluster` (
  `id` varchar(255) NOT NULL,
  `instanceId` varchar(255) NOT NULL,
  `clusterId` varchar(255) NOT NULL,
  PRIMARY KEY (`id`)
) ENGINE=InnoDB DEFAULT CHARSET=latin1;
/*!40101 SET character_set_client = @saved_cs_client */;

--
-- Dumping data for table `instance_cluster`
--

LOCK TABLES `instance_cluster` WRITE;
/*!40000 ALTER TABLE `instance_cluster` DISABLE KEYS */;
INSERT INTO `instance_cluster` VALUES ('1553248264514','1553248227770','1553248264458'),('1553248264536','1553248227813','1553248264458'),('1553248998724','1553248966305','1553248998680'),('1553478979805','1553478948382','1553478979766'),('1553478979819','1553478948450','1553478979766'),('1553479855561','1553479804172','1553479855524'),('1553479855578','1553479804233','1553479855524'),('1553479855596','1553479804283','1553479855524'),('1553480004140','1553479471597','1553480004099'),('1553480004152','1553479471703','1553480004099'),('1553480004166','1553479471748','1553480004099'),('1553480971207','1553480944113','1553480971170'),('1553480971224','1553480944180','1553480971170'),('1553480971241','1553480944206','1553480971170'),('1553481425804','1553481403688','1553481425760'),('1553481748338','1553481652775','1553481748295'),('1553481748356','1553481652825','1553481748295'),('1553481777110','1553481695719','1553481777070'),('1553481777123','1553481695759','1553481777070'),('1553506389671','1553506291504','1553506389622'),('1553506389702','1553506319903','1553506389622'),('1553506389721','1553506361319','1553506389622'),('1553507465987','1553507440380','1553507465947'),('1555380707795','1555380640240','1555380707735'),('1555380707817','1555380680407','1555380707735'),('1555382805001','1555382765710','1555382804957'),('1555383139256','1555383070908','1555383139211'),('1555383329904','1555383294411','1555383329866'),('1555383924684','1555383896856','1555383924648'),('1555384565847','1555384427845','1555384565804'),('1555384592436','1555384382270','1555384592397'),('1555384782540','1555384744860','1555384782500'),('1555388971787','1555388954239','1555388971744'),('1555395100115','1555395013627','1555395100075'),('1555400535300','1555400506177','1555400535248'),('1555400535320','1555400506286','1555400535248'),('1555400535339','1555400506328','1555400535248'),('1555400569658','1555400264314','1555400569624'),('1555400603031','1555400323777','1555400602976'),('1555400603051','1555400323825','1555400602976'),('1555400653139','1555400393537','1555400653080'),('1555400653168','1555400393579','1555400653080'),('1555400772692','1555400711199','1555400772655');
/*!40000 ALTER TABLE `instance_cluster` ENABLE KEYS */;
UNLOCK TABLES;

--
-- Table structure for table `oauth_access_token`
--

DROP TABLE IF EXISTS `oauth_access_token`;
/*!40101 SET @saved_cs_client     = @@character_set_client */;
/*!40101 SET character_set_client = utf8 */;
CREATE TABLE `oauth_access_token` (
  `create_time` timestamp NULL DEFAULT CURRENT_TIMESTAMP,
  `token_id` varchar(255) DEFAULT NULL,
  `token` blob,
  `authentication_id` varchar(255) DEFAULT NULL,
  `user_name` varchar(255) DEFAULT NULL,
  `client_id` varchar(255) DEFAULT NULL,
  `authentication` blob,
  `refresh_token` varchar(255) DEFAULT NULL
) ENGINE=InnoDB DEFAULT CHARSET=utf8;
/*!40101 SET character_set_client = @saved_cs_client */;

--
-- Dumping data for table `oauth_access_token`
--

LOCK TABLES `oauth_access_token` WRITE;
/*!40000 ALTER TABLE `oauth_access_token` DISABLE KEYS */;
INSERT INTO `oauth_access_token` VALUES ('2019-04-17 01:41:22','4eab9244357b05c8849c52d9925d50b0','¬\í\0sr\0Corg.springframework.security.oauth2.common.DefaultOAuth2AccessToken²6$ú\Î\0L\0additionalInformationt\0Ljava/util/Map;L\0\nexpirationt\0Ljava/util/Date;L\0refreshTokent\0?Lorg/springframework/security/oauth2/common/OAuth2RefreshToken;L\0scopet\0Ljava/util/Set;L\0	tokenTypet\0Ljava/lang/String;L\0valueq\0~\0xpsr\0java.util.Collections$EmptyMapY6…Z\Ü\ç\Ğ\0\0xpsr\0java.util.DatehjKYt\0\0xpw\0\0j.\Zş\0xsr\0Lorg.springframework.security.oauth2.common.DefaultExpiringOAuth2RefreshToken/\ßGc\ĞÉ·\0L\0\nexpirationq\0~\0xr\0Dorg.springframework.security.oauth2.common.DefaultOAuth2RefreshTokens\á\ncT\Ô^\0L\0valueq\0~\0xpt\0$e107bec3-9099-43b0-ade0-2319d495ca74sq\0~\0	w\0\0j.\Zş\0xsr\0%java.util.Collections$UnmodifiableSet€’Ñ›€U\0\0xr\0,java.util.Collections$UnmodifiableCollectionB\0€\Ë^÷\0L\0ct\0Ljava/util/Collection;xpsr\0java.util.LinkedHashSet\Øl\×Z•\İ*\0\0xr\0java.util.HashSetºD…•–¸·4\0\0xpw\0\0\0?@\0\0\0\0\0t\0readt\0writext\0bearert\0$c1b8b466-a1af-44a8-ac1d-9ddd6614ed87','578e2a355d165ba24732043b788db7e6','admin','test','¬\í\0sr\0Aorg.springframework.security.oauth2.provider.OAuth2Authentication½@bR\0L\0\rstoredRequestt\0<Lorg/springframework/security/oauth2/provider/OAuth2Request;L\0userAuthenticationt\02Lorg/springframework/security/core/Authentication;xr\0Gorg.springframework.security.authentication.AbstractAuthenticationTokenÓª(~nGd\0Z\0\rauthenticatedL\0authoritiest\0Ljava/util/Collection;L\0detailst\0Ljava/lang/Object;xp\0sr\0&java.util.Collections$UnmodifiableListü%1µ\ì\0L\0listt\0Ljava/util/List;xr\0,java.util.Collections$UnmodifiableCollectionB\0€\Ë^÷\0L\0cq\0~\0xpsr\0java.util.ArrayListx\Ò™\Ça\0I\0sizexp\0\0\0\0w\0\0\0\0xq\0~\0psr\0:org.springframework.security.oauth2.provider.OAuth2Request\0\0\0\0\0\0\0\0Z\0approvedL\0authoritiesq\0~\0L\0\nextensionst\0Ljava/util/Map;L\0redirectUrit\0Ljava/lang/String;L\0refresht\0;Lorg/springframework/security/oauth2/provider/TokenRequest;L\0resourceIdst\0Ljava/util/Set;L\0\rresponseTypesq\0~\0xr\08org.springframework.security.oauth2.provider.BaseRequest6(z>£qi½\0L\0clientIdq\0~\0L\0requestParametersq\0~\0L\0scopeq\0~\0xpt\0testsr\0%java.util.Collections$UnmodifiableMapñ¥¨ştõB\0L\0mq\0~\0xpsr\0java.util.HashMap\ÚÁ\Ã`\Ñ\0F\0\nloadFactorI\0	thresholdxp?@\0\0\0\0\0w\0\0\0\0\0\0t\0\ngrant_typet\0passwordt\0	client_idt\0testt\0scopet\0\nread writet\0usernamet\0adminxsr\0%java.util.Collections$UnmodifiableSet€’Ñ›€U\0\0xq\0~\0	sr\0java.util.LinkedHashSet\Øl\×Z•\İ*\0\0xr\0java.util.HashSetºD…•–¸·4\0\0xpw\0\0\0?@\0\0\0\0\0t\0readt\0writexsq\0~\0$w\0\0\0?@\0\0\0\0\0\0xsq\0~\0?@\0\0\0\0\0\0w\0\0\0\0\0\0\0xppsq\0~\0$w\0\0\0?@\0\0\0\0\0\0xsq\0~\0$w\0\0\0?@\0\0\0\0\0\0xsr\0Oorg.springframework.security.authentication.UsernamePasswordAuthenticationToken\0\0\0\0\0\0¤\0L\0credentialsq\0~\0L\0	principalq\0~\0xq\0~\0sq\0~\0sq\0~\0\0\0\0\0w\0\0\0\0xq\0~\0/sr\0java.util.LinkedHashMap4ÀN\\lÀû\0Z\0accessOrderxq\0~\0?@\0\0\0\0\0w\0\0\0\0\0\0q\0~\0q\0~\0\Zq\0~\0q\0~\0t\0\rclient_secrett\0123456q\0~\0q\0~\0q\0~\0q\0~\0 x\0psr\0-com.yunwei.weibbix.oauth.entity.MyUserDetails†\àY/®YÁ\0L\0usert\0 Lcom/yunwei/weibbix/entity/User;xr\02org.springframework.security.core.userdetails.User\0\0\0\0\0\0¤\0Z\0accountNonExpiredZ\0accountNonLockedZ\0credentialsNonExpiredZ\0enabledL\0authoritiesq\0~\0L\0passwordq\0~\0L\0usernameq\0~\0xpsq\0~\0!sr\0java.util.TreeSetİ˜P“•\í‡[\0\0xpsr\0Forg.springframework.security.core.userdetails.User$AuthorityComparator\0\0\0\0\0\0¤\0\0xpw\0\0\0\0xpt\0adminsr\0com.yunwei.weibbix.entity.User^xX(:—n\0Z\0enabledL\0passwordq\0~\0L\0userIdt\0Ljava/math/BigInteger;L\0userNameq\0~\0xpt\0<$2a$10$rujM8XhL20KCln2aS9IgYuUbRDDoQKy3V3uuhvrKmwLcUtX3uRNBmsr\0java.math.BigIntegerŒüŸ©;û\0I\0bitCountI\0	bitLengthI\0firstNonzeroByteNumI\0lowestSetBitI\0signum[\0	magnitudet\0[Bxr\0java.lang.Number†¬•”\à‹\0\0xpÿÿÿÿÿÿÿÿÿÿÿşÿÿÿş\0\0\0ur\0[B¬óøT\à\0\0xp\0\0\0Lxq\0~\0=','8230abc0154b1dc7eb37ec0eb1e768f3');
/*!40000 ALTER TABLE `oauth_access_token` ENABLE KEYS */;
UNLOCK TABLES;

--
-- Table structure for table `oauth_refresh_token`
--

DROP TABLE IF EXISTS `oauth_refresh_token`;
/*!40101 SET @saved_cs_client     = @@character_set_client */;
/*!40101 SET character_set_client = utf8 */;
CREATE TABLE `oauth_refresh_token` (
  `create_time` timestamp NULL DEFAULT CURRENT_TIMESTAMP,
  `token_id` varchar(255) DEFAULT NULL,
  `token` blob,
  `authentication` blob
) ENGINE=InnoDB DEFAULT CHARSET=utf8;
/*!40101 SET character_set_client = @saved_cs_client */;

--
-- Dumping data for table `oauth_refresh_token`
--

LOCK TABLES `oauth_refresh_token` WRITE;
/*!40000 ALTER TABLE `oauth_refresh_token` DISABLE KEYS */;
INSERT INTO `oauth_refresh_token` VALUES ('2019-03-22 08:22:02','e9917333d93fbafb91a2fbd9cb4438bd','¬\í\0sr\0Lorg.springframework.security.oauth2.common.DefaultExpiringOAuth2RefreshToken/\ßGc\ĞÉ·\0L\0\nexpirationt\0Ljava/util/Date;xr\0Dorg.springframework.security.oauth2.common.DefaultOAuth2RefreshTokens\á\ncT\Ô^\0L\0valuet\0Ljava/lang/String;xpt\0$43e4a566-3279-4260-ae58-83bd4b944f71sr\0java.util.DatehjKYt\0\0xpw\0\0i©¤{\Èx','¬\í\0sr\0Aorg.springframework.security.oauth2.provider.OAuth2Authentication½@bR\0L\0\rstoredRequestt\0<Lorg/springframework/security/oauth2/provider/OAuth2Request;L\0userAuthenticationt\02Lorg/springframework/security/core/Authentication;xr\0Gorg.springframework.security.authentication.AbstractAuthenticationTokenÓª(~nGd\0Z\0\rauthenticatedL\0authoritiest\0Ljava/util/Collection;L\0detailst\0Ljava/lang/Object;xp\0sr\0&java.util.Collections$UnmodifiableListü%1µ\ì\0L\0listt\0Ljava/util/List;xr\0,java.util.Collections$UnmodifiableCollectionB\0€\Ë^÷\0L\0cq\0~\0xpsr\0java.util.ArrayListx\Ò™\Ça\0I\0sizexp\0\0\0\0w\0\0\0\0xq\0~\0psr\0:org.springframework.security.oauth2.provider.OAuth2Request\0\0\0\0\0\0\0\0Z\0approvedL\0authoritiesq\0~\0L\0\nextensionst\0Ljava/util/Map;L\0redirectUrit\0Ljava/lang/String;L\0refresht\0;Lorg/springframework/security/oauth2/provider/TokenRequest;L\0resourceIdst\0Ljava/util/Set;L\0\rresponseTypesq\0~\0xr\08org.springframework.security.oauth2.provider.BaseRequest6(z>£qi½\0L\0clientIdq\0~\0L\0requestParametersq\0~\0L\0scopeq\0~\0xpt\0testsr\0%java.util.Collections$UnmodifiableMapñ¥¨ştõB\0L\0mq\0~\0xpsr\0java.util.HashMap\ÚÁ\Ã`\Ñ\0F\0\nloadFactorI\0	thresholdxp?@\0\0\0\0\0w\0\0\0\0\0\0t\0\ngrant_typet\0passwordt\0	client_idt\0testt\0scopet\0\nread writet\0usernamet\0adminxsr\0%java.util.Collections$UnmodifiableSet€’Ñ›€U\0\0xq\0~\0	sr\0java.util.LinkedHashSet\Øl\×Z•\İ*\0\0xr\0java.util.HashSetºD…•–¸·4\0\0xpw\0\0\0?@\0\0\0\0\0t\0readt\0writexsq\0~\0$w\0\0\0?@\0\0\0\0\0\0xsq\0~\0?@\0\0\0\0\0\0w\0\0\0\0\0\0\0xppsq\0~\0$w\0\0\0?@\0\0\0\0\0\0xsq\0~\0$w\0\0\0?@\0\0\0\0\0\0xsr\0Oorg.springframework.security.authentication.UsernamePasswordAuthenticationToken\0\0\0\0\0\0¤\0L\0credentialsq\0~\0L\0	principalq\0~\0xq\0~\0sq\0~\0sq\0~\0\0\0\0\0w\0\0\0\0xq\0~\0/sr\0java.util.LinkedHashMap4ÀN\\lÀû\0Z\0accessOrderxq\0~\0?@\0\0\0\0\0w\0\0\0\0\0\0q\0~\0q\0~\0\Zq\0~\0q\0~\0t\0\rclient_secrett\0123456q\0~\0q\0~\0q\0~\0q\0~\0 x\0psr\0-com.yunwei.weibbix.oauth.entity.MyUserDetails†\àY/®YÁ\0L\0usert\0 Lcom/yunwei/weibbix/entity/User;xr\02org.springframework.security.core.userdetails.User\0\0\0\0\0\0¤\0Z\0accountNonExpiredZ\0accountNonLockedZ\0credentialsNonExpiredZ\0enabledL\0authoritiesq\0~\0L\0passwordq\0~\0L\0usernameq\0~\0xpsq\0~\0!sr\0java.util.TreeSetİ˜P“•\í‡[\0\0xpsr\0Forg.springframework.security.core.userdetails.User$AuthorityComparator\0\0\0\0\0\0¤\0\0xpw\0\0\0\0xpt\0adminsr\0com.yunwei.weibbix.entity.User^xX(:—n\0Z\0enabledL\0passwordq\0~\0L\0userIdt\0Ljava/math/BigInteger;L\0userNameq\0~\0xpt\0<$2a$10$rujM8XhL20KCln2aS9IgYuUbRDDoQKy3V3uuhvrKmwLcUtX3uRNBmsr\0java.math.BigIntegerŒüŸ©;û\0I\0bitCountI\0	bitLengthI\0firstNonzeroByteNumI\0lowestSetBitI\0signum[\0	magnitudet\0[Bxr\0java.lang.Number†¬•”\à‹\0\0xpÿÿÿÿÿÿÿÿÿÿÿşÿÿÿş\0\0\0ur\0[B¬óøT\à\0\0xp\0\0\0Lxq\0~\0='),('2019-03-25 01:23:58','ec3187421f1828c9bf687f35d714e4e5','¬\í\0sr\0Lorg.springframework.security.oauth2.common.DefaultExpiringOAuth2RefreshToken/\ßGc\ĞÉ·\0L\0\nexpirationt\0Ljava/util/Date;xr\0Dorg.springframework.security.oauth2.common.DefaultOAuth2RefreshTokens\á\ncT\Ô^\0L\0valuet\0Ljava/lang/String;xpt\0$4ce12b39-76e2-4569-9411-116acd1f5ecesr\0java.util.DatehjKYt\0\0xpw\0\0i·˜\Î\Èx','¬\í\0sr\0Aorg.springframework.security.oauth2.provider.OAuth2Authentication½@bR\0L\0\rstoredRequestt\0<Lorg/springframework/security/oauth2/provider/OAuth2Request;L\0userAuthenticationt\02Lorg/springframework/security/core/Authentication;xr\0Gorg.springframework.security.authentication.AbstractAuthenticationTokenÓª(~nGd\0Z\0\rauthenticatedL\0authoritiest\0Ljava/util/Collection;L\0detailst\0Ljava/lang/Object;xp\0sr\0&java.util.Collections$UnmodifiableListü%1µ\ì\0L\0listt\0Ljava/util/List;xr\0,java.util.Collections$UnmodifiableCollectionB\0€\Ë^÷\0L\0cq\0~\0xpsr\0java.util.ArrayListx\Ò™\Ça\0I\0sizexp\0\0\0\0w\0\0\0\0xq\0~\0psr\0:org.springframework.security.oauth2.provider.OAuth2Request\0\0\0\0\0\0\0\0Z\0approvedL\0authoritiesq\0~\0L\0\nextensionst\0Ljava/util/Map;L\0redirectUrit\0Ljava/lang/String;L\0refresht\0;Lorg/springframework/security/oauth2/provider/TokenRequest;L\0resourceIdst\0Ljava/util/Set;L\0\rresponseTypesq\0~\0xr\08org.springframework.security.oauth2.provider.BaseRequest6(z>£qi½\0L\0clientIdq\0~\0L\0requestParametersq\0~\0L\0scopeq\0~\0xpt\0testsr\0%java.util.Collections$UnmodifiableMapñ¥¨ştõB\0L\0mq\0~\0xpsr\0java.util.HashMap\ÚÁ\Ã`\Ñ\0F\0\nloadFactorI\0	thresholdxp?@\0\0\0\0\0w\0\0\0\0\0\0t\0\ngrant_typet\0passwordt\0	client_idt\0testt\0scopet\0\nread writet\0usernamet\0adminxsr\0%java.util.Collections$UnmodifiableSet€’Ñ›€U\0\0xq\0~\0	sr\0java.util.LinkedHashSet\Øl\×Z•\İ*\0\0xr\0java.util.HashSetºD…•–¸·4\0\0xpw\0\0\0?@\0\0\0\0\0t\0readt\0writexsq\0~\0$w\0\0\0?@\0\0\0\0\0\0xsq\0~\0?@\0\0\0\0\0\0w\0\0\0\0\0\0\0xppsq\0~\0$w\0\0\0?@\0\0\0\0\0\0xsq\0~\0$w\0\0\0?@\0\0\0\0\0\0xsr\0Oorg.springframework.security.authentication.UsernamePasswordAuthenticationToken\0\0\0\0\0\0¤\0L\0credentialsq\0~\0L\0	principalq\0~\0xq\0~\0sq\0~\0sq\0~\0\0\0\0\0w\0\0\0\0xq\0~\0/sr\0java.util.LinkedHashMap4ÀN\\lÀû\0Z\0accessOrderxq\0~\0?@\0\0\0\0\0w\0\0\0\0\0\0q\0~\0q\0~\0\Zq\0~\0q\0~\0t\0\rclient_secrett\0123456q\0~\0q\0~\0q\0~\0q\0~\0 x\0psr\0-com.yunwei.weibbix.oauth.entity.MyUserDetails†\àY/®YÁ\0L\0usert\0 Lcom/yunwei/weibbix/entity/User;xr\02org.springframework.security.core.userdetails.User\0\0\0\0\0\0¤\0Z\0accountNonExpiredZ\0accountNonLockedZ\0credentialsNonExpiredZ\0enabledL\0authoritiesq\0~\0L\0passwordq\0~\0L\0usernameq\0~\0xpsq\0~\0!sr\0java.util.TreeSetİ˜P“•\í‡[\0\0xpsr\0Forg.springframework.security.core.userdetails.User$AuthorityComparator\0\0\0\0\0\0¤\0\0xpw\0\0\0\0xpt\0adminsr\0com.yunwei.weibbix.entity.User^xX(:—n\0Z\0enabledL\0passwordq\0~\0L\0userIdt\0Ljava/math/BigInteger;L\0userNameq\0~\0xpt\0<$2a$10$rujM8XhL20KCln2aS9IgYuUbRDDoQKy3V3uuhvrKmwLcUtX3uRNBmsr\0java.math.BigIntegerŒüŸ©;û\0I\0bitCountI\0	bitLengthI\0firstNonzeroByteNumI\0lowestSetBitI\0signum[\0	magnitudet\0[Bxr\0java.lang.Number†¬•”\à‹\0\0xpÿÿÿÿÿÿÿÿÿÿÿşÿÿÿş\0\0\0ur\0[B¬óøT\à\0\0xp\0\0\0Lxq\0~\0='),('2019-03-29 05:54:29','b6e7c4ab029b76e20865b3665b914795','¬\í\0sr\0Lorg.springframework.security.oauth2.common.DefaultExpiringOAuth2RefreshToken/\ßGc\ĞÉ·\0L\0\nexpirationt\0Ljava/util/Date;xr\0Dorg.springframework.security.oauth2.common.DefaultOAuth2RefreshTokens\á\ncT\Ô^\0L\0valuet\0Ljava/lang/String;xpt\0$7de3cfa7-b93c-45b6-ac57-3059038f74a4sr\0java.util.DatehjKYt\0\0xpw\0\0i\Í)\écx','¬\í\0sr\0Aorg.springframework.security.oauth2.provider.OAuth2Authentication½@bR\0L\0\rstoredRequestt\0<Lorg/springframework/security/oauth2/provider/OAuth2Request;L\0userAuthenticationt\02Lorg/springframework/security/core/Authentication;xr\0Gorg.springframework.security.authentication.AbstractAuthenticationTokenÓª(~nGd\0Z\0\rauthenticatedL\0authoritiest\0Ljava/util/Collection;L\0detailst\0Ljava/lang/Object;xp\0sr\0&java.util.Collections$UnmodifiableListü%1µ\ì\0L\0listt\0Ljava/util/List;xr\0,java.util.Collections$UnmodifiableCollectionB\0€\Ë^÷\0L\0cq\0~\0xpsr\0java.util.ArrayListx\Ò™\Ça\0I\0sizexp\0\0\0\0w\0\0\0\0xq\0~\0psr\0:org.springframework.security.oauth2.provider.OAuth2Request\0\0\0\0\0\0\0\0Z\0approvedL\0authoritiesq\0~\0L\0\nextensionst\0Ljava/util/Map;L\0redirectUrit\0Ljava/lang/String;L\0refresht\0;Lorg/springframework/security/oauth2/provider/TokenRequest;L\0resourceIdst\0Ljava/util/Set;L\0\rresponseTypesq\0~\0xr\08org.springframework.security.oauth2.provider.BaseRequest6(z>£qi½\0L\0clientIdq\0~\0L\0requestParametersq\0~\0L\0scopeq\0~\0xpt\0testsr\0%java.util.Collections$UnmodifiableMapñ¥¨ştõB\0L\0mq\0~\0xpsr\0java.util.HashMap\ÚÁ\Ã`\Ñ\0F\0\nloadFactorI\0	thresholdxp?@\0\0\0\0\0w\0\0\0\0\0\0t\0\ngrant_typet\0passwordt\0	client_idt\0testt\0scopet\0\nread writet\0usernamet\0adminxsr\0%java.util.Collections$UnmodifiableSet€’Ñ›€U\0\0xq\0~\0	sr\0java.util.LinkedHashSet\Øl\×Z•\İ*\0\0xr\0java.util.HashSetºD…•–¸·4\0\0xpw\0\0\0?@\0\0\0\0\0t\0readt\0writexsq\0~\0$w\0\0\0?@\0\0\0\0\0\0xsq\0~\0?@\0\0\0\0\0\0w\0\0\0\0\0\0\0xppsq\0~\0$w\0\0\0?@\0\0\0\0\0\0xsq\0~\0$w\0\0\0?@\0\0\0\0\0\0xsr\0Oorg.springframework.security.authentication.UsernamePasswordAuthenticationToken\0\0\0\0\0\0¤\0L\0credentialsq\0~\0L\0	principalq\0~\0xq\0~\0sq\0~\0sq\0~\0\0\0\0\0w\0\0\0\0xq\0~\0/sr\0java.util.LinkedHashMap4ÀN\\lÀû\0Z\0accessOrderxq\0~\0?@\0\0\0\0\0w\0\0\0\0\0\0q\0~\0q\0~\0\Zq\0~\0q\0~\0t\0\rclient_secrett\0123456q\0~\0q\0~\0q\0~\0q\0~\0 x\0psr\0-com.yunwei.weibbix.oauth.entity.MyUserDetails†\àY/®YÁ\0L\0usert\0 Lcom/yunwei/weibbix/entity/User;xr\02org.springframework.security.core.userdetails.User\0\0\0\0\0\0¤\0Z\0accountNonExpiredZ\0accountNonLockedZ\0credentialsNonExpiredZ\0enabledL\0authoritiesq\0~\0L\0passwordq\0~\0L\0usernameq\0~\0xpsq\0~\0!sr\0java.util.TreeSetİ˜P“•\í‡[\0\0xpsr\0Forg.springframework.security.core.userdetails.User$AuthorityComparator\0\0\0\0\0\0¤\0\0xpw\0\0\0\0xpt\0adminsr\0com.yunwei.weibbix.entity.User^xX(:—n\0Z\0enabledL\0passwordq\0~\0L\0userIdt\0Ljava/math/BigInteger;L\0userNameq\0~\0xpt\0<$2a$10$rujM8XhL20KCln2aS9IgYuUbRDDoQKy3V3uuhvrKmwLcUtX3uRNBmsr\0java.math.BigIntegerŒüŸ©;û\0I\0bitCountI\0	bitLengthI\0firstNonzeroByteNumI\0lowestSetBitI\0signum[\0	magnitudet\0[Bxr\0java.lang.Number†¬•”\à‹\0\0xpÿÿÿÿÿÿÿÿÿÿÿşÿÿÿş\0\0\0ur\0[B¬óøT\à\0\0xp\0\0\0Lxq\0~\0='),('2019-04-01 02:54:55','f06a62423576644b372e1332f418909a','¬\í\0sr\0Lorg.springframework.security.oauth2.common.DefaultExpiringOAuth2RefreshToken/\ßGc\ĞÉ·\0L\0\nexpirationt\0Ljava/util/Date;xr\0Dorg.springframework.security.oauth2.common.DefaultOAuth2RefreshTokens\á\ncT\Ô^\0L\0valuet\0Ljava/lang/String;xpt\0$fe9cd692-2cca-42ed-9ef3-ec52e43a8268sr\0java.util.DatehjKYt\0\0xpw\0\0i\Ûø–\êx','¬\í\0sr\0Aorg.springframework.security.oauth2.provider.OAuth2Authentication½@bR\0L\0\rstoredRequestt\0<Lorg/springframework/security/oauth2/provider/OAuth2Request;L\0userAuthenticationt\02Lorg/springframework/security/core/Authentication;xr\0Gorg.springframework.security.authentication.AbstractAuthenticationTokenÓª(~nGd\0Z\0\rauthenticatedL\0authoritiest\0Ljava/util/Collection;L\0detailst\0Ljava/lang/Object;xp\0sr\0&java.util.Collections$UnmodifiableListü%1µ\ì\0L\0listt\0Ljava/util/List;xr\0,java.util.Collections$UnmodifiableCollectionB\0€\Ë^÷\0L\0cq\0~\0xpsr\0java.util.ArrayListx\Ò™\Ça\0I\0sizexp\0\0\0\0w\0\0\0\0xq\0~\0psr\0:org.springframework.security.oauth2.provider.OAuth2Request\0\0\0\0\0\0\0\0Z\0approvedL\0authoritiesq\0~\0L\0\nextensionst\0Ljava/util/Map;L\0redirectUrit\0Ljava/lang/String;L\0refresht\0;Lorg/springframework/security/oauth2/provider/TokenRequest;L\0resourceIdst\0Ljava/util/Set;L\0\rresponseTypesq\0~\0xr\08org.springframework.security.oauth2.provider.BaseRequest6(z>£qi½\0L\0clientIdq\0~\0L\0requestParametersq\0~\0L\0scopeq\0~\0xpt\0testsr\0%java.util.Collections$UnmodifiableMapñ¥¨ştõB\0L\0mq\0~\0xpsr\0java.util.HashMap\ÚÁ\Ã`\Ñ\0F\0\nloadFactorI\0	thresholdxp?@\0\0\0\0\0w\0\0\0\0\0\0t\0\ngrant_typet\0passwordt\0	client_idt\0testt\0scopet\0\nread writet\0usernamet\0adminxsr\0%java.util.Collections$UnmodifiableSet€’Ñ›€U\0\0xq\0~\0	sr\0java.util.LinkedHashSet\Øl\×Z•\İ*\0\0xr\0java.util.HashSetºD…•–¸·4\0\0xpw\0\0\0?@\0\0\0\0\0t\0readt\0writexsq\0~\0$w\0\0\0?@\0\0\0\0\0\0xsq\0~\0?@\0\0\0\0\0\0w\0\0\0\0\0\0\0xppsq\0~\0$w\0\0\0?@\0\0\0\0\0\0xsq\0~\0$w\0\0\0?@\0\0\0\0\0\0xsr\0Oorg.springframework.security.authentication.UsernamePasswordAuthenticationToken\0\0\0\0\0\0¤\0L\0credentialsq\0~\0L\0	principalq\0~\0xq\0~\0sq\0~\0sq\0~\0\0\0\0\0w\0\0\0\0xq\0~\0/sr\0java.util.LinkedHashMap4ÀN\\lÀû\0Z\0accessOrderxq\0~\0?@\0\0\0\0\0w\0\0\0\0\0\0q\0~\0q\0~\0\Zq\0~\0q\0~\0t\0\rclient_secrett\0123456q\0~\0q\0~\0q\0~\0q\0~\0 x\0psr\0-com.yunwei.weibbix.oauth.entity.MyUserDetails†\àY/®YÁ\0L\0usert\0 Lcom/yunwei/weibbix/entity/User;xr\02org.springframework.security.core.userdetails.User\0\0\0\0\0\0¤\0Z\0accountNonExpiredZ\0accountNonLockedZ\0credentialsNonExpiredZ\0enabledL\0authoritiesq\0~\0L\0passwordq\0~\0L\0usernameq\0~\0xpsq\0~\0!sr\0java.util.TreeSetİ˜P“•\í‡[\0\0xpsr\0Forg.springframework.security.core.userdetails.User$AuthorityComparator\0\0\0\0\0\0¤\0\0xpw\0\0\0\0xpt\0adminsr\0com.yunwei.weibbix.entity.User^xX(:—n\0Z\0enabledL\0passwordq\0~\0L\0userIdt\0Ljava/math/BigInteger;L\0userNameq\0~\0xpt\0<$2a$10$rujM8XhL20KCln2aS9IgYuUbRDDoQKy3V3uuhvrKmwLcUtX3uRNBmsr\0java.math.BigIntegerŒüŸ©;û\0I\0bitCountI\0	bitLengthI\0firstNonzeroByteNumI\0lowestSetBitI\0signum[\0	magnitudet\0[Bxr\0java.lang.Number†¬•”\à‹\0\0xpÿÿÿÿÿÿÿÿÿÿÿşÿÿÿş\0\0\0ur\0[B¬óøT\à\0\0xp\0\0\0Lxq\0~\0='),('2019-04-02 04:17:08','8a3ffd172a9bc0cedb17ebadaed15938','¬\í\0sr\0Lorg.springframework.security.oauth2.common.DefaultExpiringOAuth2RefreshToken/\ßGc\ĞÉ·\0L\0\nexpirationt\0Ljava/util/Date;xr\0Dorg.springframework.security.oauth2.common.DefaultOAuth2RefreshTokens\á\ncT\Ô^\0L\0valuet\0Ljava/lang/String;xpt\0$405abe25-d6be-401b-a21b-f1e5b8d51e40sr\0java.util.DatehjKYt\0\0xpw\0\0i\áj8x','¬\í\0sr\0Aorg.springframework.security.oauth2.provider.OAuth2Authentication½@bR\0L\0\rstoredRequestt\0<Lorg/springframework/security/oauth2/provider/OAuth2Request;L\0userAuthenticationt\02Lorg/springframework/security/core/Authentication;xr\0Gorg.springframework.security.authentication.AbstractAuthenticationTokenÓª(~nGd\0Z\0\rauthenticatedL\0authoritiest\0Ljava/util/Collection;L\0detailst\0Ljava/lang/Object;xp\0sr\0&java.util.Collections$UnmodifiableListü%1µ\ì\0L\0listt\0Ljava/util/List;xr\0,java.util.Collections$UnmodifiableCollectionB\0€\Ë^÷\0L\0cq\0~\0xpsr\0java.util.ArrayListx\Ò™\Ça\0I\0sizexp\0\0\0\0w\0\0\0\0xq\0~\0psr\0:org.springframework.security.oauth2.provider.OAuth2Request\0\0\0\0\0\0\0\0Z\0approvedL\0authoritiesq\0~\0L\0\nextensionst\0Ljava/util/Map;L\0redirectUrit\0Ljava/lang/String;L\0refresht\0;Lorg/springframework/security/oauth2/provider/TokenRequest;L\0resourceIdst\0Ljava/util/Set;L\0\rresponseTypesq\0~\0xr\08org.springframework.security.oauth2.provider.BaseRequest6(z>£qi½\0L\0clientIdq\0~\0L\0requestParametersq\0~\0L\0scopeq\0~\0xpt\0testsr\0%java.util.Collections$UnmodifiableMapñ¥¨ştõB\0L\0mq\0~\0xpsr\0java.util.HashMap\ÚÁ\Ã`\Ñ\0F\0\nloadFactorI\0	thresholdxp?@\0\0\0\0\0w\0\0\0\0\0\0t\0\ngrant_typet\0passwordt\0	client_idt\0testt\0scopet\0\nread writet\0usernamet\0adminxsr\0%java.util.Collections$UnmodifiableSet€’Ñ›€U\0\0xq\0~\0	sr\0java.util.LinkedHashSet\Øl\×Z•\İ*\0\0xr\0java.util.HashSetºD…•–¸·4\0\0xpw\0\0\0?@\0\0\0\0\0t\0readt\0writexsq\0~\0$w\0\0\0?@\0\0\0\0\0\0xsq\0~\0?@\0\0\0\0\0\0w\0\0\0\0\0\0\0xppsq\0~\0$w\0\0\0?@\0\0\0\0\0\0xsq\0~\0$w\0\0\0?@\0\0\0\0\0\0xsr\0Oorg.springframework.security.authentication.UsernamePasswordAuthenticationToken\0\0\0\0\0\0¤\0L\0credentialsq\0~\0L\0	principalq\0~\0xq\0~\0sq\0~\0sq\0~\0\0\0\0\0w\0\0\0\0xq\0~\0/sr\0java.util.LinkedHashMap4ÀN\\lÀû\0Z\0accessOrderxq\0~\0?@\0\0\0\0\0w\0\0\0\0\0\0q\0~\0q\0~\0\Zq\0~\0q\0~\0t\0\rclient_secrett\0123456q\0~\0q\0~\0q\0~\0q\0~\0 x\0psr\0-com.yunwei.weibbix.oauth.entity.MyUserDetails†\àY/®YÁ\0L\0usert\0 Lcom/yunwei/weibbix/entity/User;xr\02org.springframework.security.core.userdetails.User\0\0\0\0\0\0¤\0Z\0accountNonExpiredZ\0accountNonLockedZ\0credentialsNonExpiredZ\0enabledL\0authoritiesq\0~\0L\0passwordq\0~\0L\0usernameq\0~\0xpsq\0~\0!sr\0java.util.TreeSetİ˜P“•\í‡[\0\0xpsr\0Forg.springframework.security.core.userdetails.User$AuthorityComparator\0\0\0\0\0\0¤\0\0xpw\0\0\0\0xpt\0adminsr\0com.yunwei.weibbix.entity.User^xX(:—n\0Z\0enabledL\0passwordq\0~\0L\0userIdt\0Ljava/math/BigInteger;L\0userNameq\0~\0xpt\0<$2a$10$rujM8XhL20KCln2aS9IgYuUbRDDoQKy3V3uuhvrKmwLcUtX3uRNBmsr\0java.math.BigIntegerŒüŸ©;û\0I\0bitCountI\0	bitLengthI\0firstNonzeroByteNumI\0lowestSetBitI\0signum[\0	magnitudet\0[Bxr\0java.lang.Number†¬•”\à‹\0\0xpÿÿÿÿÿÿÿÿÿÿÿşÿÿÿş\0\0\0ur\0[B¬óøT\à\0\0xp\0\0\0Lxq\0~\0='),('2019-04-03 09:16:13','9f9380e84bde6749c9d0554b5fa1dabf','¬\í\0sr\0Lorg.springframework.security.oauth2.common.DefaultExpiringOAuth2RefreshToken/\ßGc\ĞÉ·\0L\0\nexpirationt\0Ljava/util/Date;xr\0Dorg.springframework.security.oauth2.common.DefaultOAuth2RefreshTokens\á\ncT\Ô^\0L\0valuet\0Ljava/lang/String;xpt\0$9b06282f-ce08-4f5b-93a1-624b1007f326sr\0java.util.DatehjKYt\0\0xpw\0\0i\ç¢e\éx','¬\í\0sr\0Aorg.springframework.security.oauth2.provider.OAuth2Authentication½@bR\0L\0\rstoredRequestt\0<Lorg/springframework/security/oauth2/provider/OAuth2Request;L\0userAuthenticationt\02Lorg/springframework/security/core/Authentication;xr\0Gorg.springframework.security.authentication.AbstractAuthenticationTokenÓª(~nGd\0Z\0\rauthenticatedL\0authoritiest\0Ljava/util/Collection;L\0detailst\0Ljava/lang/Object;xp\0sr\0&java.util.Collections$UnmodifiableListü%1µ\ì\0L\0listt\0Ljava/util/List;xr\0,java.util.Collections$UnmodifiableCollectionB\0€\Ë^÷\0L\0cq\0~\0xpsr\0java.util.ArrayListx\Ò™\Ça\0I\0sizexp\0\0\0\0w\0\0\0\0xq\0~\0psr\0:org.springframework.security.oauth2.provider.OAuth2Request\0\0\0\0\0\0\0\0Z\0approvedL\0authoritiesq\0~\0L\0\nextensionst\0Ljava/util/Map;L\0redirectUrit\0Ljava/lang/String;L\0refresht\0;Lorg/springframework/security/oauth2/provider/TokenRequest;L\0resourceIdst\0Ljava/util/Set;L\0\rresponseTypesq\0~\0xr\08org.springframework.security.oauth2.provider.BaseRequest6(z>£qi½\0L\0clientIdq\0~\0L\0requestParametersq\0~\0L\0scopeq\0~\0xpt\0testsr\0%java.util.Collections$UnmodifiableMapñ¥¨ştõB\0L\0mq\0~\0xpsr\0java.util.HashMap\ÚÁ\Ã`\Ñ\0F\0\nloadFactorI\0	thresholdxp?@\0\0\0\0\0w\0\0\0\0\0\0t\0\ngrant_typet\0passwordt\0	client_idt\0testt\0scopet\0\nread writet\0usernamet\0adminxsr\0%java.util.Collections$UnmodifiableSet€’Ñ›€U\0\0xq\0~\0	sr\0java.util.LinkedHashSet\Øl\×Z•\İ*\0\0xr\0java.util.HashSetºD…•–¸·4\0\0xpw\0\0\0?@\0\0\0\0\0t\0readt\0writexsq\0~\0$w\0\0\0?@\0\0\0\0\0\0xsq\0~\0?@\0\0\0\0\0\0w\0\0\0\0\0\0\0xppsq\0~\0$w\0\0\0?@\0\0\0\0\0\0xsq\0~\0$w\0\0\0?@\0\0\0\0\0\0xsr\0Oorg.springframework.security.authentication.UsernamePasswordAuthenticationToken\0\0\0\0\0\0¤\0L\0credentialsq\0~\0L\0	principalq\0~\0xq\0~\0sq\0~\0sq\0~\0\0\0\0\0w\0\0\0\0xq\0~\0/sr\0java.util.LinkedHashMap4ÀN\\lÀû\0Z\0accessOrderxq\0~\0?@\0\0\0\0\0w\0\0\0\0\0\0q\0~\0q\0~\0\Zq\0~\0q\0~\0t\0\rclient_secrett\0123456q\0~\0q\0~\0q\0~\0q\0~\0 x\0psr\0-com.yunwei.weibbix.oauth.entity.MyUserDetails†\àY/®YÁ\0L\0usert\0 Lcom/yunwei/weibbix/entity/User;xr\02org.springframework.security.core.userdetails.User\0\0\0\0\0\0¤\0Z\0accountNonExpiredZ\0accountNonLockedZ\0credentialsNonExpiredZ\0enabledL\0authoritiesq\0~\0L\0passwordq\0~\0L\0usernameq\0~\0xpsq\0~\0!sr\0java.util.TreeSetİ˜P“•\í‡[\0\0xpsr\0Forg.springframework.security.core.userdetails.User$AuthorityComparator\0\0\0\0\0\0¤\0\0xpw\0\0\0\0xpt\0adminsr\0com.yunwei.weibbix.entity.User^xX(:—n\0Z\0enabledL\0passwordq\0~\0L\0userIdt\0Ljava/math/BigInteger;L\0userNameq\0~\0xpt\0<$2a$10$rujM8XhL20KCln2aS9IgYuUbRDDoQKy3V3uuhvrKmwLcUtX3uRNBmsr\0java.math.BigIntegerŒüŸ©;û\0I\0bitCountI\0	bitLengthI\0firstNonzeroByteNumI\0lowestSetBitI\0signum[\0	magnitudet\0[Bxr\0java.lang.Number†¬•”\à‹\0\0xpÿÿÿÿÿÿÿÿÿÿÿşÿÿÿş\0\0\0ur\0[B¬óøT\à\0\0xp\0\0\0Lxq\0~\0='),('2019-04-04 09:19:17','7834213a8b56386b6946b1dac96c2d1c','¬\í\0sr\0Lorg.springframework.security.oauth2.common.DefaultExpiringOAuth2RefreshToken/\ßGc\ĞÉ·\0L\0\nexpirationt\0Ljava/util/Date;xr\0Dorg.springframework.security.oauth2.common.DefaultOAuth2RefreshTokens\á\ncT\Ô^\0L\0valuet\0Ljava/lang/String;xpt\0$6161dc5f-9e5f-45d3-b334-83ef1030ab61sr\0java.util.DatehjKYt\0\0xpw\0\0i\ìËx','¬\í\0sr\0Aorg.springframework.security.oauth2.provider.OAuth2Authentication½@bR\0L\0\rstoredRequestt\0<Lorg/springframework/security/oauth2/provider/OAuth2Request;L\0userAuthenticationt\02Lorg/springframework/security/core/Authentication;xr\0Gorg.springframework.security.authentication.AbstractAuthenticationTokenÓª(~nGd\0Z\0\rauthenticatedL\0authoritiest\0Ljava/util/Collection;L\0detailst\0Ljava/lang/Object;xp\0sr\0&java.util.Collections$UnmodifiableListü%1µ\ì\0L\0listt\0Ljava/util/List;xr\0,java.util.Collections$UnmodifiableCollectionB\0€\Ë^÷\0L\0cq\0~\0xpsr\0java.util.ArrayListx\Ò™\Ça\0I\0sizexp\0\0\0\0w\0\0\0\0xq\0~\0psr\0:org.springframework.security.oauth2.provider.OAuth2Request\0\0\0\0\0\0\0\0Z\0approvedL\0authoritiesq\0~\0L\0\nextensionst\0Ljava/util/Map;L\0redirectUrit\0Ljava/lang/String;L\0refresht\0;Lorg/springframework/security/oauth2/provider/TokenRequest;L\0resourceIdst\0Ljava/util/Set;L\0\rresponseTypesq\0~\0xr\08org.springframework.security.oauth2.provider.BaseRequest6(z>£qi½\0L\0clientIdq\0~\0L\0requestParametersq\0~\0L\0scopeq\0~\0xpt\0testsr\0%java.util.Collections$UnmodifiableMapñ¥¨ştõB\0L\0mq\0~\0xpsr\0java.util.HashMap\ÚÁ\Ã`\Ñ\0F\0\nloadFactorI\0	thresholdxp?@\0\0\0\0\0w\0\0\0\0\0\0t\0\ngrant_typet\0passwordt\0	client_idt\0testt\0scopet\0\nread writet\0usernamet\0adminxsr\0%java.util.Collections$UnmodifiableSet€’Ñ›€U\0\0xq\0~\0	sr\0java.util.LinkedHashSet\Øl\×Z•\İ*\0\0xr\0java.util.HashSetºD…•–¸·4\0\0xpw\0\0\0?@\0\0\0\0\0t\0readt\0writexsq\0~\0$w\0\0\0?@\0\0\0\0\0\0xsq\0~\0?@\0\0\0\0\0\0w\0\0\0\0\0\0\0xppsq\0~\0$w\0\0\0?@\0\0\0\0\0\0xsq\0~\0$w\0\0\0?@\0\0\0\0\0\0xsr\0Oorg.springframework.security.authentication.UsernamePasswordAuthenticationToken\0\0\0\0\0\0¤\0L\0credentialsq\0~\0L\0	principalq\0~\0xq\0~\0sq\0~\0sq\0~\0\0\0\0\0w\0\0\0\0xq\0~\0/sr\0java.util.LinkedHashMap4ÀN\\lÀû\0Z\0accessOrderxq\0~\0?@\0\0\0\0\0w\0\0\0\0\0\0q\0~\0q\0~\0\Zq\0~\0q\0~\0t\0\rclient_secrett\0123456q\0~\0q\0~\0q\0~\0q\0~\0 x\0psr\0-com.yunwei.weibbix.oauth.entity.MyUserDetails†\àY/®YÁ\0L\0usert\0 Lcom/yunwei/weibbix/entity/User;xr\02org.springframework.security.core.userdetails.User\0\0\0\0\0\0¤\0Z\0accountNonExpiredZ\0accountNonLockedZ\0credentialsNonExpiredZ\0enabledL\0authoritiesq\0~\0L\0passwordq\0~\0L\0usernameq\0~\0xpsq\0~\0!sr\0java.util.TreeSetİ˜P“•\í‡[\0\0xpsr\0Forg.springframework.security.core.userdetails.User$AuthorityComparator\0\0\0\0\0\0¤\0\0xpw\0\0\0\0xpt\0adminsr\0com.yunwei.weibbix.entity.User^xX(:—n\0Z\0enabledL\0passwordq\0~\0L\0userIdt\0Ljava/math/BigInteger;L\0userNameq\0~\0xpt\0<$2a$10$rujM8XhL20KCln2aS9IgYuUbRDDoQKy3V3uuhvrKmwLcUtX3uRNBmsr\0java.math.BigIntegerŒüŸ©;û\0I\0bitCountI\0	bitLengthI\0firstNonzeroByteNumI\0lowestSetBitI\0signum[\0	magnitudet\0[Bxr\0java.lang.Number†¬•”\à‹\0\0xpÿÿÿÿÿÿÿÿÿÿÿşÿÿÿş\0\0\0ur\0[B¬óøT\à\0\0xp\0\0\0Lxq\0~\0='),('2019-04-08 01:28:12','9efce6c43514939340dcd71fd1569697','¬\í\0sr\0Lorg.springframework.security.oauth2.common.DefaultExpiringOAuth2RefreshToken/\ßGc\ĞÉ·\0L\0\nexpirationt\0Ljava/util/Date;xr\0Dorg.springframework.security.oauth2.common.DefaultOAuth2RefreshTokens\á\ncT\Ô^\0L\0valuet\0Ljava/lang/String;xpt\0$4bce419d-cd44-48bf-a34e-a7a60c62c0c2sr\0java.util.DatehjKYt\0\0xpw\0\0iÿµ´«x','¬\í\0sr\0Aorg.springframework.security.oauth2.provider.OAuth2Authentication½@bR\0L\0\rstoredRequestt\0<Lorg/springframework/security/oauth2/provider/OAuth2Request;L\0userAuthenticationt\02Lorg/springframework/security/core/Authentication;xr\0Gorg.springframework.security.authentication.AbstractAuthenticationTokenÓª(~nGd\0Z\0\rauthenticatedL\0authoritiest\0Ljava/util/Collection;L\0detailst\0Ljava/lang/Object;xp\0sr\0&java.util.Collections$UnmodifiableListü%1µ\ì\0L\0listt\0Ljava/util/List;xr\0,java.util.Collections$UnmodifiableCollectionB\0€\Ë^÷\0L\0cq\0~\0xpsr\0java.util.ArrayListx\Ò™\Ça\0I\0sizexp\0\0\0\0w\0\0\0\0xq\0~\0psr\0:org.springframework.security.oauth2.provider.OAuth2Request\0\0\0\0\0\0\0\0Z\0approvedL\0authoritiesq\0~\0L\0\nextensionst\0Ljava/util/Map;L\0redirectUrit\0Ljava/lang/String;L\0refresht\0;Lorg/springframework/security/oauth2/provider/TokenRequest;L\0resourceIdst\0Ljava/util/Set;L\0\rresponseTypesq\0~\0xr\08org.springframework.security.oauth2.provider.BaseRequest6(z>£qi½\0L\0clientIdq\0~\0L\0requestParametersq\0~\0L\0scopeq\0~\0xpt\0testsr\0%java.util.Collections$UnmodifiableMapñ¥¨ştõB\0L\0mq\0~\0xpsr\0java.util.HashMap\ÚÁ\Ã`\Ñ\0F\0\nloadFactorI\0	thresholdxp?@\0\0\0\0\0w\0\0\0\0\0\0t\0\ngrant_typet\0passwordt\0	client_idt\0testt\0scopet\0\nread writet\0usernamet\0adminxsr\0%java.util.Collections$UnmodifiableSet€’Ñ›€U\0\0xq\0~\0	sr\0java.util.LinkedHashSet\Øl\×Z•\İ*\0\0xr\0java.util.HashSetºD…•–¸·4\0\0xpw\0\0\0?@\0\0\0\0\0t\0readt\0writexsq\0~\0$w\0\0\0?@\0\0\0\0\0\0xsq\0~\0?@\0\0\0\0\0\0w\0\0\0\0\0\0\0xppsq\0~\0$w\0\0\0?@\0\0\0\0\0\0xsq\0~\0$w\0\0\0?@\0\0\0\0\0\0xsr\0Oorg.springframework.security.authentication.UsernamePasswordAuthenticationToken\0\0\0\0\0\0¤\0L\0credentialsq\0~\0L\0	principalq\0~\0xq\0~\0sq\0~\0sq\0~\0\0\0\0\0w\0\0\0\0xq\0~\0/sr\0java.util.LinkedHashMap4ÀN\\lÀû\0Z\0accessOrderxq\0~\0?@\0\0\0\0\0w\0\0\0\0\0\0q\0~\0q\0~\0\Zq\0~\0q\0~\0t\0\rclient_secrett\0123456q\0~\0q\0~\0q\0~\0q\0~\0 x\0psr\0-com.yunwei.weibbix.oauth.entity.MyUserDetails†\àY/®YÁ\0L\0usert\0 Lcom/yunwei/weibbix/entity/User;xr\02org.springframework.security.core.userdetails.User\0\0\0\0\0\0¤\0Z\0accountNonExpiredZ\0accountNonLockedZ\0credentialsNonExpiredZ\0enabledL\0authoritiesq\0~\0L\0passwordq\0~\0L\0usernameq\0~\0xpsq\0~\0!sr\0java.util.TreeSetİ˜P“•\í‡[\0\0xpsr\0Forg.springframework.security.core.userdetails.User$AuthorityComparator\0\0\0\0\0\0¤\0\0xpw\0\0\0\0xpt\0adminsr\0com.yunwei.weibbix.entity.User^xX(:—n\0Z\0enabledL\0passwordq\0~\0L\0userIdt\0Ljava/math/BigInteger;L\0userNameq\0~\0xpt\0<$2a$10$rujM8XhL20KCln2aS9IgYuUbRDDoQKy3V3uuhvrKmwLcUtX3uRNBmsr\0java.math.BigIntegerŒüŸ©;û\0I\0bitCountI\0	bitLengthI\0firstNonzeroByteNumI\0lowestSetBitI\0signum[\0	magnitudet\0[Bxr\0java.lang.Number†¬•”\à‹\0\0xpÿÿÿÿÿÿÿÿÿÿÿşÿÿÿş\0\0\0ur\0[B¬óøT\à\0\0xp\0\0\0Lxq\0~\0='),('2019-04-09 09:53:02','13153e96fec99d5b2aaea9a78a15e349','¬\í\0sr\0Lorg.springframework.security.oauth2.common.DefaultExpiringOAuth2RefreshToken/\ßGc\ĞÉ·\0L\0\nexpirationt\0Ljava/util/Date;xr\0Dorg.springframework.security.oauth2.common.DefaultOAuth2RefreshTokens\á\ncT\Ô^\0L\0valuet\0Ljava/lang/String;xpt\0$e34c7467-f501-4844-b654-d1427f7a0a4asr\0java.util.DatehjKYt\0\0xpw\0\0jªB”x','¬\í\0sr\0Aorg.springframework.security.oauth2.provider.OAuth2Authentication½@bR\0L\0\rstoredRequestt\0<Lorg/springframework/security/oauth2/provider/OAuth2Request;L\0userAuthenticationt\02Lorg/springframework/security/core/Authentication;xr\0Gorg.springframework.security.authentication.AbstractAuthenticationTokenÓª(~nGd\0Z\0\rauthenticatedL\0authoritiest\0Ljava/util/Collection;L\0detailst\0Ljava/lang/Object;xp\0sr\0&java.util.Collections$UnmodifiableListü%1µ\ì\0L\0listt\0Ljava/util/List;xr\0,java.util.Collections$UnmodifiableCollectionB\0€\Ë^÷\0L\0cq\0~\0xpsr\0java.util.ArrayListx\Ò™\Ça\0I\0sizexp\0\0\0\0w\0\0\0\0xq\0~\0psr\0:org.springframework.security.oauth2.provider.OAuth2Request\0\0\0\0\0\0\0\0Z\0approvedL\0authoritiesq\0~\0L\0\nextensionst\0Ljava/util/Map;L\0redirectUrit\0Ljava/lang/String;L\0refresht\0;Lorg/springframework/security/oauth2/provider/TokenRequest;L\0resourceIdst\0Ljava/util/Set;L\0\rresponseTypesq\0~\0xr\08org.springframework.security.oauth2.provider.BaseRequest6(z>£qi½\0L\0clientIdq\0~\0L\0requestParametersq\0~\0L\0scopeq\0~\0xpt\0testsr\0%java.util.Collections$UnmodifiableMapñ¥¨ştõB\0L\0mq\0~\0xpsr\0java.util.HashMap\ÚÁ\Ã`\Ñ\0F\0\nloadFactorI\0	thresholdxp?@\0\0\0\0\0w\0\0\0\0\0\0t\0\ngrant_typet\0passwordt\0	client_idt\0testt\0scopet\0\nread writet\0usernamet\0adminxsr\0%java.util.Collections$UnmodifiableSet€’Ñ›€U\0\0xq\0~\0	sr\0java.util.LinkedHashSet\Øl\×Z•\İ*\0\0xr\0java.util.HashSetºD…•–¸·4\0\0xpw\0\0\0?@\0\0\0\0\0t\0readt\0writexsq\0~\0$w\0\0\0?@\0\0\0\0\0\0xsq\0~\0?@\0\0\0\0\0\0w\0\0\0\0\0\0\0xppsq\0~\0$w\0\0\0?@\0\0\0\0\0\0xsq\0~\0$w\0\0\0?@\0\0\0\0\0\0xsr\0Oorg.springframework.security.authentication.UsernamePasswordAuthenticationToken\0\0\0\0\0\0¤\0L\0credentialsq\0~\0L\0	principalq\0~\0xq\0~\0sq\0~\0sq\0~\0\0\0\0\0w\0\0\0\0xq\0~\0/sr\0java.util.LinkedHashMap4ÀN\\lÀû\0Z\0accessOrderxq\0~\0?@\0\0\0\0\0w\0\0\0\0\0\0q\0~\0q\0~\0\Zq\0~\0q\0~\0t\0\rclient_secrett\0123456q\0~\0q\0~\0q\0~\0q\0~\0 x\0psr\0-com.yunwei.weibbix.oauth.entity.MyUserDetails†\àY/®YÁ\0L\0usert\0 Lcom/yunwei/weibbix/entity/User;xr\02org.springframework.security.core.userdetails.User\0\0\0\0\0\0¤\0Z\0accountNonExpiredZ\0accountNonLockedZ\0credentialsNonExpiredZ\0enabledL\0authoritiesq\0~\0L\0passwordq\0~\0L\0usernameq\0~\0xpsq\0~\0!sr\0java.util.TreeSetİ˜P“•\í‡[\0\0xpsr\0Forg.springframework.security.core.userdetails.User$AuthorityComparator\0\0\0\0\0\0¤\0\0xpw\0\0\0\0xpt\0adminsr\0com.yunwei.weibbix.entity.User^xX(:—n\0Z\0enabledL\0passwordq\0~\0L\0userIdt\0Ljava/math/BigInteger;L\0userNameq\0~\0xpt\0<$2a$10$rujM8XhL20KCln2aS9IgYuUbRDDoQKy3V3uuhvrKmwLcUtX3uRNBmsr\0java.math.BigIntegerŒüŸ©;û\0I\0bitCountI\0	bitLengthI\0firstNonzeroByteNumI\0lowestSetBitI\0signum[\0	magnitudet\0[Bxr\0java.lang.Number†¬•”\à‹\0\0xpÿÿÿÿÿÿÿÿÿÿÿşÿÿÿş\0\0\0ur\0[B¬óøT\à\0\0xp\0\0\0Lxq\0~\0='),('2019-04-10 10:34:59','39e299b784b9306d710392b127e4d7ec','¬\í\0sr\0Lorg.springframework.security.oauth2.common.DefaultExpiringOAuth2RefreshToken/\ßGc\ĞÉ·\0L\0\nexpirationt\0Ljava/util/Date;xr\0Dorg.springframework.security.oauth2.common.DefaultOAuth2RefreshTokens\á\ncT\Ô^\0L\0valuet\0Ljava/lang/String;xpt\0$4fecd5ab-b05d-474c-a501-fd71ec7eb715sr\0java.util.DatehjKYt\0\0xpw\0\0j÷“x','¬\í\0sr\0Aorg.springframework.security.oauth2.provider.OAuth2Authentication½@bR\0L\0\rstoredRequestt\0<Lorg/springframework/security/oauth2/provider/OAuth2Request;L\0userAuthenticationt\02Lorg/springframework/security/core/Authentication;xr\0Gorg.springframework.security.authentication.AbstractAuthenticationTokenÓª(~nGd\0Z\0\rauthenticatedL\0authoritiest\0Ljava/util/Collection;L\0detailst\0Ljava/lang/Object;xp\0sr\0&java.util.Collections$UnmodifiableListü%1µ\ì\0L\0listt\0Ljava/util/List;xr\0,java.util.Collections$UnmodifiableCollectionB\0€\Ë^÷\0L\0cq\0~\0xpsr\0java.util.ArrayListx\Ò™\Ça\0I\0sizexp\0\0\0\0w\0\0\0\0xq\0~\0psr\0:org.springframework.security.oauth2.provider.OAuth2Request\0\0\0\0\0\0\0\0Z\0approvedL\0authoritiesq\0~\0L\0\nextensionst\0Ljava/util/Map;L\0redirectUrit\0Ljava/lang/String;L\0refresht\0;Lorg/springframework/security/oauth2/provider/TokenRequest;L\0resourceIdst\0Ljava/util/Set;L\0\rresponseTypesq\0~\0xr\08org.springframework.security.oauth2.provider.BaseRequest6(z>£qi½\0L\0clientIdq\0~\0L\0requestParametersq\0~\0L\0scopeq\0~\0xpt\0testsr\0%java.util.Collections$UnmodifiableMapñ¥¨ştõB\0L\0mq\0~\0xpsr\0java.util.HashMap\ÚÁ\Ã`\Ñ\0F\0\nloadFactorI\0	thresholdxp?@\0\0\0\0\0w\0\0\0\0\0\0t\0\ngrant_typet\0passwordt\0	client_idt\0testt\0scopet\0\nread writet\0usernamet\0adminxsr\0%java.util.Collections$UnmodifiableSet€’Ñ›€U\0\0xq\0~\0	sr\0java.util.LinkedHashSet\Øl\×Z•\İ*\0\0xr\0java.util.HashSetºD…•–¸·4\0\0xpw\0\0\0?@\0\0\0\0\0t\0readt\0writexsq\0~\0$w\0\0\0?@\0\0\0\0\0\0xsq\0~\0?@\0\0\0\0\0\0w\0\0\0\0\0\0\0xppsq\0~\0$w\0\0\0?@\0\0\0\0\0\0xsq\0~\0$w\0\0\0?@\0\0\0\0\0\0xsr\0Oorg.springframework.security.authentication.UsernamePasswordAuthenticationToken\0\0\0\0\0\0¤\0L\0credentialsq\0~\0L\0	principalq\0~\0xq\0~\0sq\0~\0sq\0~\0\0\0\0\0w\0\0\0\0xq\0~\0/sr\0java.util.LinkedHashMap4ÀN\\lÀû\0Z\0accessOrderxq\0~\0?@\0\0\0\0\0w\0\0\0\0\0\0q\0~\0q\0~\0\Zq\0~\0q\0~\0t\0\rclient_secrett\0123456q\0~\0q\0~\0q\0~\0q\0~\0 x\0psr\0-com.yunwei.weibbix.oauth.entity.MyUserDetails†\àY/®YÁ\0L\0usert\0 Lcom/yunwei/weibbix/entity/User;xr\02org.springframework.security.core.userdetails.User\0\0\0\0\0\0¤\0Z\0accountNonExpiredZ\0accountNonLockedZ\0credentialsNonExpiredZ\0enabledL\0authoritiesq\0~\0L\0passwordq\0~\0L\0usernameq\0~\0xpsq\0~\0!sr\0java.util.TreeSetİ˜P“•\í‡[\0\0xpsr\0Forg.springframework.security.core.userdetails.User$AuthorityComparator\0\0\0\0\0\0¤\0\0xpw\0\0\0\0xpt\0adminsr\0com.yunwei.weibbix.entity.User^xX(:—n\0Z\0enabledL\0passwordq\0~\0L\0userIdt\0Ljava/math/BigInteger;L\0userNameq\0~\0xpt\0<$2a$10$rujM8XhL20KCln2aS9IgYuUbRDDoQKy3V3uuhvrKmwLcUtX3uRNBmsr\0java.math.BigIntegerŒüŸ©;û\0I\0bitCountI\0	bitLengthI\0firstNonzeroByteNumI\0lowestSetBitI\0signum[\0	magnitudet\0[Bxr\0java.lang.Number†¬•”\à‹\0\0xpÿÿÿÿÿÿÿÿÿÿÿşÿÿÿş\0\0\0ur\0[B¬óøT\à\0\0xp\0\0\0Lxq\0~\0='),('2019-04-12 01:23:58','e15fe2883bf5ca800bf3684c84ee503a','¬\í\0sr\0Lorg.springframework.security.oauth2.common.DefaultExpiringOAuth2RefreshToken/\ßGc\ĞÉ·\0L\0\nexpirationt\0Ljava/util/Date;xr\0Dorg.springframework.security.oauth2.common.DefaultOAuth2RefreshTokens\á\ncT\Ô^\0L\0valuet\0Ljava/lang/String;xpt\0$c06e7441-3a38-4262-b7c8-3d9b80a356c5sr\0java.util.DatehjKYt\0\0xpw\0\0jKEx','¬\í\0sr\0Aorg.springframework.security.oauth2.provider.OAuth2Authentication½@bR\0L\0\rstoredRequestt\0<Lorg/springframework/security/oauth2/provider/OAuth2Request;L\0userAuthenticationt\02Lorg/springframework/security/core/Authentication;xr\0Gorg.springframework.security.authentication.AbstractAuthenticationTokenÓª(~nGd\0Z\0\rauthenticatedL\0authoritiest\0Ljava/util/Collection;L\0detailst\0Ljava/lang/Object;xp\0sr\0&java.util.Collections$UnmodifiableListü%1µ\ì\0L\0listt\0Ljava/util/List;xr\0,java.util.Collections$UnmodifiableCollectionB\0€\Ë^÷\0L\0cq\0~\0xpsr\0java.util.ArrayListx\Ò™\Ça\0I\0sizexp\0\0\0\0w\0\0\0\0xq\0~\0psr\0:org.springframework.security.oauth2.provider.OAuth2Request\0\0\0\0\0\0\0\0Z\0approvedL\0authoritiesq\0~\0L\0\nextensionst\0Ljava/util/Map;L\0redirectUrit\0Ljava/lang/String;L\0refresht\0;Lorg/springframework/security/oauth2/provider/TokenRequest;L\0resourceIdst\0Ljava/util/Set;L\0\rresponseTypesq\0~\0xr\08org.springframework.security.oauth2.provider.BaseRequest6(z>£qi½\0L\0clientIdq\0~\0L\0requestParametersq\0~\0L\0scopeq\0~\0xpt\0testsr\0%java.util.Collections$UnmodifiableMapñ¥¨ştõB\0L\0mq\0~\0xpsr\0java.util.HashMap\ÚÁ\Ã`\Ñ\0F\0\nloadFactorI\0	thresholdxp?@\0\0\0\0\0w\0\0\0\0\0\0t\0\ngrant_typet\0passwordt\0	client_idt\0testt\0scopet\0\nread writet\0usernamet\0adminxsr\0%java.util.Collections$UnmodifiableSet€’Ñ›€U\0\0xq\0~\0	sr\0java.util.LinkedHashSet\Øl\×Z•\İ*\0\0xr\0java.util.HashSetºD…•–¸·4\0\0xpw\0\0\0?@\0\0\0\0\0t\0readt\0writexsq\0~\0$w\0\0\0?@\0\0\0\0\0\0xsq\0~\0?@\0\0\0\0\0\0w\0\0\0\0\0\0\0xppsq\0~\0$w\0\0\0?@\0\0\0\0\0\0xsq\0~\0$w\0\0\0?@\0\0\0\0\0\0xsr\0Oorg.springframework.security.authentication.UsernamePasswordAuthenticationToken\0\0\0\0\0\0¤\0L\0credentialsq\0~\0L\0	principalq\0~\0xq\0~\0sq\0~\0sq\0~\0\0\0\0\0w\0\0\0\0xq\0~\0/sr\0java.util.LinkedHashMap4ÀN\\lÀû\0Z\0accessOrderxq\0~\0?@\0\0\0\0\0w\0\0\0\0\0\0q\0~\0q\0~\0\Zq\0~\0q\0~\0t\0\rclient_secrett\0123456q\0~\0q\0~\0q\0~\0q\0~\0 x\0psr\0-com.yunwei.weibbix.oauth.entity.MyUserDetails†\àY/®YÁ\0L\0usert\0 Lcom/yunwei/weibbix/entity/User;xr\02org.springframework.security.core.userdetails.User\0\0\0\0\0\0¤\0Z\0accountNonExpiredZ\0accountNonLockedZ\0credentialsNonExpiredZ\0enabledL\0authoritiesq\0~\0L\0passwordq\0~\0L\0usernameq\0~\0xpsq\0~\0!sr\0java.util.TreeSetİ˜P“•\í‡[\0\0xpsr\0Forg.springframework.security.core.userdetails.User$AuthorityComparator\0\0\0\0\0\0¤\0\0xpw\0\0\0\0xpt\0adminsr\0com.yunwei.weibbix.entity.User^xX(:—n\0Z\0enabledL\0passwordq\0~\0L\0userIdt\0Ljava/math/BigInteger;L\0userNameq\0~\0xpt\0<$2a$10$rujM8XhL20KCln2aS9IgYuUbRDDoQKy3V3uuhvrKmwLcUtX3uRNBmsr\0java.math.BigIntegerŒüŸ©;û\0I\0bitCountI\0	bitLengthI\0firstNonzeroByteNumI\0lowestSetBitI\0signum[\0	magnitudet\0[Bxr\0java.lang.Number†¬•”\à‹\0\0xpÿÿÿÿÿÿÿÿÿÿÿşÿÿÿş\0\0\0ur\0[B¬óøT\à\0\0xp\0\0\0Lxq\0~\0='),('2019-04-15 01:27:13','d20f6392ab01473ef17f2c4c4940b0f4','¬\í\0sr\0Lorg.springframework.security.oauth2.common.DefaultExpiringOAuth2RefreshToken/\ßGc\ĞÉ·\0L\0\nexpirationt\0Ljava/util/Date;xr\0Dorg.springframework.security.oauth2.common.DefaultOAuth2RefreshTokens\á\ncT\Ô^\0L\0valuet\0Ljava/lang/String;xpt\0$c5e43fef-6e3b-49c4-9401-ae11959b3140sr\0java.util.DatehjKYt\0\0xpw\0\0j#ÁT\êx','¬\í\0sr\0Aorg.springframework.security.oauth2.provider.OAuth2Authentication½@bR\0L\0\rstoredRequestt\0<Lorg/springframework/security/oauth2/provider/OAuth2Request;L\0userAuthenticationt\02Lorg/springframework/security/core/Authentication;xr\0Gorg.springframework.security.authentication.AbstractAuthenticationTokenÓª(~nGd\0Z\0\rauthenticatedL\0authoritiest\0Ljava/util/Collection;L\0detailst\0Ljava/lang/Object;xp\0sr\0&java.util.Collections$UnmodifiableListü%1µ\ì\0L\0listt\0Ljava/util/List;xr\0,java.util.Collections$UnmodifiableCollectionB\0€\Ë^÷\0L\0cq\0~\0xpsr\0java.util.ArrayListx\Ò™\Ça\0I\0sizexp\0\0\0\0w\0\0\0\0xq\0~\0psr\0:org.springframework.security.oauth2.provider.OAuth2Request\0\0\0\0\0\0\0\0Z\0approvedL\0authoritiesq\0~\0L\0\nextensionst\0Ljava/util/Map;L\0redirectUrit\0Ljava/lang/String;L\0refresht\0;Lorg/springframework/security/oauth2/provider/TokenRequest;L\0resourceIdst\0Ljava/util/Set;L\0\rresponseTypesq\0~\0xr\08org.springframework.security.oauth2.provider.BaseRequest6(z>£qi½\0L\0clientIdq\0~\0L\0requestParametersq\0~\0L\0scopeq\0~\0xpt\0testsr\0%java.util.Collections$UnmodifiableMapñ¥¨ştõB\0L\0mq\0~\0xpsr\0java.util.HashMap\ÚÁ\Ã`\Ñ\0F\0\nloadFactorI\0	thresholdxp?@\0\0\0\0\0w\0\0\0\0\0\0t\0\ngrant_typet\0passwordt\0	client_idt\0testt\0scopet\0\nread writet\0usernamet\0adminxsr\0%java.util.Collections$UnmodifiableSet€’Ñ›€U\0\0xq\0~\0	sr\0java.util.LinkedHashSet\Øl\×Z•\İ*\0\0xr\0java.util.HashSetºD…•–¸·4\0\0xpw\0\0\0?@\0\0\0\0\0t\0readt\0writexsq\0~\0$w\0\0\0?@\0\0\0\0\0\0xsq\0~\0?@\0\0\0\0\0\0w\0\0\0\0\0\0\0xppsq\0~\0$w\0\0\0?@\0\0\0\0\0\0xsq\0~\0$w\0\0\0?@\0\0\0\0\0\0xsr\0Oorg.springframework.security.authentication.UsernamePasswordAuthenticationToken\0\0\0\0\0\0¤\0L\0credentialsq\0~\0L\0	principalq\0~\0xq\0~\0sq\0~\0sq\0~\0\0\0\0\0w\0\0\0\0xq\0~\0/sr\0java.util.LinkedHashMap4ÀN\\lÀû\0Z\0accessOrderxq\0~\0?@\0\0\0\0\0w\0\0\0\0\0\0q\0~\0q\0~\0\Zq\0~\0q\0~\0t\0\rclient_secrett\0123456q\0~\0q\0~\0q\0~\0q\0~\0 x\0psr\0-com.yunwei.weibbix.oauth.entity.MyUserDetails†\àY/®YÁ\0L\0usert\0 Lcom/yunwei/weibbix/entity/User;xr\02org.springframework.security.core.userdetails.User\0\0\0\0\0\0¤\0Z\0accountNonExpiredZ\0accountNonLockedZ\0credentialsNonExpiredZ\0enabledL\0authoritiesq\0~\0L\0passwordq\0~\0L\0usernameq\0~\0xpsq\0~\0!sr\0java.util.TreeSetİ˜P“•\í‡[\0\0xpsr\0Forg.springframework.security.core.userdetails.User$AuthorityComparator\0\0\0\0\0\0¤\0\0xpw\0\0\0\0xpt\0adminsr\0com.yunwei.weibbix.entity.User^xX(:—n\0Z\0enabledL\0passwordq\0~\0L\0userIdt\0Ljava/math/BigInteger;L\0userNameq\0~\0xpt\0<$2a$10$rujM8XhL20KCln2aS9IgYuUbRDDoQKy3V3uuhvrKmwLcUtX3uRNBmsr\0java.math.BigIntegerŒüŸ©;û\0I\0bitCountI\0	bitLengthI\0firstNonzeroByteNumI\0lowestSetBitI\0signum[\0	magnitudet\0[Bxr\0java.lang.Number†¬•”\à‹\0\0xpÿÿÿÿÿÿÿÿÿÿÿşÿÿÿş\0\0\0ur\0[B¬óøT\à\0\0xp\0\0\0Lxq\0~\0='),('2019-04-16 01:33:17','06a9fbeb5ab49db4e22a05a68846b3e4','¬\í\0sr\0Lorg.springframework.security.oauth2.common.DefaultExpiringOAuth2RefreshToken/\ßGc\ĞÉ·\0L\0\nexpirationt\0Ljava/util/Date;xr\0Dorg.springframework.security.oauth2.common.DefaultOAuth2RefreshTokens\á\ncT\Ô^\0L\0valuet\0Ljava/lang/String;xpt\0$344d2b76-b41b-4730-8180-599d40753789sr\0java.util.DatehjKYt\0\0xpw\0\0j(\í;ox','¬\í\0sr\0Aorg.springframework.security.oauth2.provider.OAuth2Authentication½@bR\0L\0\rstoredRequestt\0<Lorg/springframework/security/oauth2/provider/OAuth2Request;L\0userAuthenticationt\02Lorg/springframework/security/core/Authentication;xr\0Gorg.springframework.security.authentication.AbstractAuthenticationTokenÓª(~nGd\0Z\0\rauthenticatedL\0authoritiest\0Ljava/util/Collection;L\0detailst\0Ljava/lang/Object;xp\0sr\0&java.util.Collections$UnmodifiableListü%1µ\ì\0L\0listt\0Ljava/util/List;xr\0,java.util.Collections$UnmodifiableCollectionB\0€\Ë^÷\0L\0cq\0~\0xpsr\0java.util.ArrayListx\Ò™\Ça\0I\0sizexp\0\0\0\0w\0\0\0\0xq\0~\0psr\0:org.springframework.security.oauth2.provider.OAuth2Request\0\0\0\0\0\0\0\0Z\0approvedL\0authoritiesq\0~\0L\0\nextensionst\0Ljava/util/Map;L\0redirectUrit\0Ljava/lang/String;L\0refresht\0;Lorg/springframework/security/oauth2/provider/TokenRequest;L\0resourceIdst\0Ljava/util/Set;L\0\rresponseTypesq\0~\0xr\08org.springframework.security.oauth2.provider.BaseRequest6(z>£qi½\0L\0clientIdq\0~\0L\0requestParametersq\0~\0L\0scopeq\0~\0xpt\0testsr\0%java.util.Collections$UnmodifiableMapñ¥¨ştõB\0L\0mq\0~\0xpsr\0java.util.HashMap\ÚÁ\Ã`\Ñ\0F\0\nloadFactorI\0	thresholdxp?@\0\0\0\0\0w\0\0\0\0\0\0t\0\ngrant_typet\0passwordt\0	client_idt\0testt\0scopet\0\nread writet\0usernamet\0adminxsr\0%java.util.Collections$UnmodifiableSet€’Ñ›€U\0\0xq\0~\0	sr\0java.util.LinkedHashSet\Øl\×Z•\İ*\0\0xr\0java.util.HashSetºD…•–¸·4\0\0xpw\0\0\0?@\0\0\0\0\0t\0readt\0writexsq\0~\0$w\0\0\0?@\0\0\0\0\0\0xsq\0~\0?@\0\0\0\0\0\0w\0\0\0\0\0\0\0xppsq\0~\0$w\0\0\0?@\0\0\0\0\0\0xsq\0~\0$w\0\0\0?@\0\0\0\0\0\0xsr\0Oorg.springframework.security.authentication.UsernamePasswordAuthenticationToken\0\0\0\0\0\0¤\0L\0credentialsq\0~\0L\0	principalq\0~\0xq\0~\0sq\0~\0sq\0~\0\0\0\0\0w\0\0\0\0xq\0~\0/sr\0java.util.LinkedHashMap4ÀN\\lÀû\0Z\0accessOrderxq\0~\0?@\0\0\0\0\0w\0\0\0\0\0\0q\0~\0q\0~\0\Zq\0~\0q\0~\0t\0\rclient_secrett\0123456q\0~\0q\0~\0q\0~\0q\0~\0 x\0psr\0-com.yunwei.weibbix.oauth.entity.MyUserDetails†\àY/®YÁ\0L\0usert\0 Lcom/yunwei/weibbix/entity/User;xr\02org.springframework.security.core.userdetails.User\0\0\0\0\0\0¤\0Z\0accountNonExpiredZ\0accountNonLockedZ\0credentialsNonExpiredZ\0enabledL\0authoritiesq\0~\0L\0passwordq\0~\0L\0usernameq\0~\0xpsq\0~\0!sr\0java.util.TreeSetİ˜P“•\í‡[\0\0xpsr\0Forg.springframework.security.core.userdetails.User$AuthorityComparator\0\0\0\0\0\0¤\0\0xpw\0\0\0\0xpt\0adminsr\0com.yunwei.weibbix.entity.User^xX(:—n\0Z\0enabledL\0passwordq\0~\0L\0userIdt\0Ljava/math/BigInteger;L\0userNameq\0~\0xpt\0<$2a$10$rujM8XhL20KCln2aS9IgYuUbRDDoQKy3V3uuhvrKmwLcUtX3uRNBmsr\0java.math.BigIntegerŒüŸ©;û\0I\0bitCountI\0	bitLengthI\0firstNonzeroByteNumI\0lowestSetBitI\0signum[\0	magnitudet\0[Bxr\0java.lang.Number†¬•”\à‹\0\0xpÿÿÿÿÿÿÿÿÿÿÿşÿÿÿş\0\0\0ur\0[B¬óøT\à\0\0xp\0\0\0Lxq\0~\0='),('2019-04-17 01:41:22','8230abc0154b1dc7eb37ec0eb1e768f3','¬\í\0sr\0Lorg.springframework.security.oauth2.common.DefaultExpiringOAuth2RefreshToken/\ßGc\ĞÉ·\0L\0\nexpirationt\0Ljava/util/Date;xr\0Dorg.springframework.security.oauth2.common.DefaultOAuth2RefreshTokens\á\ncT\Ô^\0L\0valuet\0Ljava/lang/String;xpt\0$e107bec3-9099-43b0-ade0-2319d495ca74sr\0java.util.DatehjKYt\0\0xpw\0\0j.\Zş\0x','¬\í\0sr\0Aorg.springframework.security.oauth2.provider.OAuth2Authentication½@bR\0L\0\rstoredRequestt\0<Lorg/springframework/security/oauth2/provider/OAuth2Request;L\0userAuthenticationt\02Lorg/springframework/security/core/Authentication;xr\0Gorg.springframework.security.authentication.AbstractAuthenticationTokenÓª(~nGd\0Z\0\rauthenticatedL\0authoritiest\0Ljava/util/Collection;L\0detailst\0Ljava/lang/Object;xp\0sr\0&java.util.Collections$UnmodifiableListü%1µ\ì\0L\0listt\0Ljava/util/List;xr\0,java.util.Collections$UnmodifiableCollectionB\0€\Ë^÷\0L\0cq\0~\0xpsr\0java.util.ArrayListx\Ò™\Ça\0I\0sizexp\0\0\0\0w\0\0\0\0xq\0~\0psr\0:org.springframework.security.oauth2.provider.OAuth2Request\0\0\0\0\0\0\0\0Z\0approvedL\0authoritiesq\0~\0L\0\nextensionst\0Ljava/util/Map;L\0redirectUrit\0Ljava/lang/String;L\0refresht\0;Lorg/springframework/security/oauth2/provider/TokenRequest;L\0resourceIdst\0Ljava/util/Set;L\0\rresponseTypesq\0~\0xr\08org.springframework.security.oauth2.provider.BaseRequest6(z>£qi½\0L\0clientIdq\0~\0L\0requestParametersq\0~\0L\0scopeq\0~\0xpt\0testsr\0%java.util.Collections$UnmodifiableMapñ¥¨ştõB\0L\0mq\0~\0xpsr\0java.util.HashMap\ÚÁ\Ã`\Ñ\0F\0\nloadFactorI\0	thresholdxp?@\0\0\0\0\0w\0\0\0\0\0\0t\0\ngrant_typet\0passwordt\0	client_idt\0testt\0scopet\0\nread writet\0usernamet\0adminxsr\0%java.util.Collections$UnmodifiableSet€’Ñ›€U\0\0xq\0~\0	sr\0java.util.LinkedHashSet\Øl\×Z•\İ*\0\0xr\0java.util.HashSetºD…•–¸·4\0\0xpw\0\0\0?@\0\0\0\0\0t\0readt\0writexsq\0~\0$w\0\0\0?@\0\0\0\0\0\0xsq\0~\0?@\0\0\0\0\0\0w\0\0\0\0\0\0\0xppsq\0~\0$w\0\0\0?@\0\0\0\0\0\0xsq\0~\0$w\0\0\0?@\0\0\0\0\0\0xsr\0Oorg.springframework.security.authentication.UsernamePasswordAuthenticationToken\0\0\0\0\0\0¤\0L\0credentialsq\0~\0L\0	principalq\0~\0xq\0~\0sq\0~\0sq\0~\0\0\0\0\0w\0\0\0\0xq\0~\0/sr\0java.util.LinkedHashMap4ÀN\\lÀû\0Z\0accessOrderxq\0~\0?@\0\0\0\0\0w\0\0\0\0\0\0q\0~\0q\0~\0\Zq\0~\0q\0~\0t\0\rclient_secrett\0123456q\0~\0q\0~\0q\0~\0q\0~\0 x\0psr\0-com.yunwei.weibbix.oauth.entity.MyUserDetails†\àY/®YÁ\0L\0usert\0 Lcom/yunwei/weibbix/entity/User;xr\02org.springframework.security.core.userdetails.User\0\0\0\0\0\0¤\0Z\0accountNonExpiredZ\0accountNonLockedZ\0credentialsNonExpiredZ\0enabledL\0authoritiesq\0~\0L\0passwordq\0~\0L\0usernameq\0~\0xpsq\0~\0!sr\0java.util.TreeSetİ˜P“•\í‡[\0\0xpsr\0Forg.springframework.security.core.userdetails.User$AuthorityComparator\0\0\0\0\0\0¤\0\0xpw\0\0\0\0xpt\0adminsr\0com.yunwei.weibbix.entity.User^xX(:—n\0Z\0enabledL\0passwordq\0~\0L\0userIdt\0Ljava/math/BigInteger;L\0userNameq\0~\0xpt\0<$2a$10$rujM8XhL20KCln2aS9IgYuUbRDDoQKy3V3uuhvrKmwLcUtX3uRNBmsr\0java.math.BigIntegerŒüŸ©;û\0I\0bitCountI\0	bitLengthI\0firstNonzeroByteNumI\0lowestSetBitI\0signum[\0	magnitudet\0[Bxr\0java.lang.Number†¬•”\à‹\0\0xpÿÿÿÿÿÿÿÿÿÿÿşÿÿÿş\0\0\0ur\0[B¬óøT\à\0\0xp\0\0\0Lxq\0~\0=');
/*!40000 ALTER TABLE `oauth_refresh_token` ENABLE KEYS */;
UNLOCK TABLES;

--
-- Table structure for table `software`
--

DROP TABLE IF EXISTS `software`;
/*!40101 SET @saved_cs_client     = @@character_set_client */;
/*!40101 SET character_set_client = utf8 */;
CREATE TABLE `software` (
  `id` varchar(255) NOT NULL,
  `name` varchar(255) NOT NULL,
  PRIMARY KEY (`id`),
  UNIQUE KEY `name` (`name`)
) ENGINE=InnoDB DEFAULT CHARSET=utf8mb4;
/*!40101 SET character_set_client = @saved_cs_client */;

--
-- Dumping data for table `software`
--

LOCK TABLES `software` WRITE;
/*!40000 ALTER TABLE `software` DISABLE KEYS */;
INSERT INTO `software` VALUES ('211','apache'),('311','iis'),('301','java'),('501','kafka'),('431','mongodb'),('401','mysql'),('101','nginx-proxy'),('201','nginx-web'),('411','oracle'),('999','other'),('321','php'),('421','redis'),('511','zookeeper');
/*!40000 ALTER TABLE `software` ENABLE KEYS */;
UNLOCK TABLES;

--
-- Table structure for table `tree_app`
--

DROP TABLE IF EXISTS `tree_app`;
/*!40101 SET @saved_cs_client     = @@character_set_client */;
/*!40101 SET character_set_client = utf8 */;
CREATE TABLE `tree_app` (
  `id` varchar(255) NOT NULL,
  `text` varchar(255) NOT NULL,
  `icon` varchar(255) NOT NULL,
  `env` varchar(255) NOT NULL,
  PRIMARY KEY (`id`),
  UNIQUE KEY `text` (`text`,`env`)
) ENGINE=InnoDB DEFAULT CHARSET=utf8mb4;
/*!40101 SET character_set_client = @saved_cs_client */;

--
-- Dumping data for table `tree_app`
--

LOCK TABLES `tree_app` WRITE;
/*!40000 ALTER TABLE `tree_app` DISABLE KEYS */;
INSERT INTO `tree_app` VALUES ('app_1553243809686_dev','æ—§ç™¾è·‘ APP API','glyphicon glyphicon-th-large','dev'),('app_1553243809686_pro','æ—§ç™¾è·‘ APP API','glyphicon glyphicon-th-large','pro'),('app_1553243809686_test','æ—§ç™¾è·‘ APP API','glyphicon glyphicon-th-large','test'),('app_1553243824518_dev','æ—§ç™¾è·‘å¾®ä¿¡ API','glyphicon glyphicon-th-large','dev'),('app_1553243824518_pro','æ—§ç™¾è·‘å¾®ä¿¡ API','glyphicon glyphicon-th-large','pro'),('app_1553243824518_test','æ—§ç™¾è·‘å¾®ä¿¡ API','glyphicon glyphicon-th-large','test'),('app_1553243905806_dev','æ—§ç™¾è·‘ PC ç«™ç‚¹','glyphicon glyphicon-th-large','dev'),('app_1553243905806_pro','æ—§ç™¾è·‘ PC ç«™ç‚¹','glyphicon glyphicon-th-large','pro'),('app_1553243905806_test','æ—§ç™¾è·‘ PC ç«™ç‚¹','glyphicon glyphicon-th-large','test'),('app_1553244340220_dev','æ–°ç™¾è·‘ Manager','glyphicon glyphicon-th-large','dev'),('app_1553244340220_pro','æ–°ç™¾è·‘ Manager','glyphicon glyphicon-th-large','pro'),('app_1553244340220_test','æ–°ç™¾è·‘ Manager','glyphicon glyphicon-th-large','test'),('app_1553244362852_dev','æ–°ç™¾è·‘ Driverapp','glyphicon glyphicon-th-large','dev'),('app_1553244362852_pro','æ–°ç™¾è·‘ Driverapp','glyphicon glyphicon-th-large','pro'),('app_1553244362852_test','æ–°ç™¾è·‘ Driverapp','glyphicon glyphicon-th-large','test'),('app_1553244493244_dev','è¿ç»´å·¥å…· Weibbix','glyphicon glyphicon-th-large','dev'),('app_1553244493244_pro','è¿ç»´å·¥å…· Weibbix','glyphicon glyphicon-th-large','pro'),('app_1553244493244_test','è¿ç»´å·¥å…· Weibbix','glyphicon glyphicon-th-large','test'),('app_1553244547692_dev','è¿ç»´å·¥å…· Zabbix','glyphicon glyphicon-th-large','dev'),('app_1553244547692_pro','è¿ç»´å·¥å…· Zabbix','glyphicon glyphicon-th-large','pro'),('app_1553244547692_test','è¿ç»´å·¥å…· Zabbix','glyphicon glyphicon-th-large','test'),('app_1553244570068_dev','è¿ç»´å·¥å…· ELK','glyphicon glyphicon-th-large','dev'),('app_1553244570068_pro','è¿ç»´å·¥å…· ELK','glyphicon glyphicon-th-large','pro'),('app_1553244570068_test','è¿ç»´å·¥å…· ELK','glyphicon glyphicon-th-large','test'),('app_1553244600116_dev','å®˜ç½‘','glyphicon glyphicon-th-large','dev'),('app_1553244600116_pro','å®˜ç½‘','glyphicon glyphicon-th-large','pro'),('app_1553244600116_test','å®˜ç½‘','glyphicon glyphicon-th-large','test'),('app_1553244661036_dev','GPS æ•°æ®å¤„ç†ç³»ç»Ÿ','glyphicon glyphicon-th-large','dev'),('app_1553244661036_pro','GPS æ•°æ®å¤„ç†ç³»ç»Ÿ','glyphicon glyphicon-th-large','pro'),('app_1553244661036_test','GPS æ•°æ®å¤„ç†ç³»ç»Ÿ','glyphicon glyphicon-th-large','test'),('app_1553478259440_dev','å……ç”µ','glyphicon glyphicon-th-large','dev'),('app_1553478259440_pro','å……ç”µ','glyphicon glyphicon-th-large','pro'),('app_1553478259440_test','å……ç”µ','glyphicon glyphicon-th-large','test'),('app_1553506431639_dev','å¿«ç‚¹äº‘æœ','glyphicon glyphicon-th-large','dev'),('app_1553506431639_pro','å¿«ç‚¹äº‘æœ','glyphicon glyphicon-th-large','pro'),('app_1553506431639_test','å¿«ç‚¹äº‘æœ','glyphicon glyphicon-th-large','test');
/*!40000 ALTER TABLE `tree_app` ENABLE KEYS */;
UNLOCK TABLES;

--
-- Table structure for table `tree_model`
--

DROP TABLE IF EXISTS `tree_model`;
/*!40101 SET @saved_cs_client     = @@character_set_client */;
/*!40101 SET character_set_client = utf8 */;
CREATE TABLE `tree_model` (
  `id` varchar(255) NOT NULL,
  `text` varchar(255) NOT NULL,
  `icon` varchar(255) NOT NULL,
  `appId` varchar(255) NOT NULL,
  `clusterId` varchar(255) NOT NULL,
  PRIMARY KEY (`id`)
) ENGINE=InnoDB DEFAULT CHARSET=utf8mb4;
/*!40101 SET character_set_client = @saved_cs_client */;

--
-- Dumping data for table `tree_model`
--

LOCK TABLES `tree_model` WRITE;
/*!40000 ALTER TABLE `tree_model` DISABLE KEYS */;
INSERT INTO `tree_model` VALUES ('1553248296731','nginx-web','glyphicon glyphicon-th','app_1553244362852_pro','1553248264458'),('1553248335219','nginx-web','glyphicon glyphicon-th','app_1553244340220_pro','1553248264458'),('1553249024456','nginx-proxy','glyphicon glyphicon-th','app_1553244362852_pro','1553248998680'),('1553249050888','nginx-proxy','glyphicon glyphicon-th','app_1553244340220_pro','1553248998680'),('1553249125944','nginx-proxy','glyphicon glyphicon-th','app_1553244600116_pro','1553248998680'),('1553249144824','nginx-proxy','glyphicon glyphicon-th','app_1553243809686_pro','1553248998680'),('1553249161743','nginx-proxy','glyphicon glyphicon-th','app_1553243905806_pro','1553248998680'),('1553249174711','nginx-proxy','glyphicon glyphicon-th','app_1553243824518_pro','1553248998680'),('1553479011702','java','glyphicon glyphicon-th','app_1553244661036_pro','1553478979766'),('1553480788346','kafka','glyphicon glyphicon-th','app_1553244661036_pro','1553480004099'),('1553480796698','zookeeper','glyphicon glyphicon-th','app_1553244661036_pro','1553479855524'),('1553480991881','mongodb','glyphicon glyphicon-th','app_1553244661036_pro','1553480971170'),('1553481452784','redis','glyphicon glyphicon-th','app_1553244661036_pro','1553481425760'),('1553481874358','java','glyphicon glyphicon-th','app_1553244362852_pro','1553481777070'),('1553481906078','java','glyphicon glyphicon-th','app_1553244340220_pro','1553481748295'),('1553506454047','mysql','glyphicon glyphicon-th','app_1553244362852_pro','1553506389622'),('1553506475271','mysql','glyphicon glyphicon-th','app_1553244340220_pro','1553506389622'),('1553507497100','redis','glyphicon glyphicon-th','app_1553244362852_pro','1553507465947'),('1553507507724','redis','glyphicon glyphicon-th','app_1553244340220_pro','1553507465947'),('1555380745983','iis','glyphicon glyphicon-th','app_1553478259440_pro','1555380707735'),('1555382848005','apache','glyphicon glyphicon-th','app_1553244600116_pro','1555382804957'),('1555382894476','nginx-proxy','glyphicon glyphicon-th','app_1553506431639_pro','1553248998680'),('1555383392738','nginx-web','glyphicon glyphicon-th','app_1553506431639_pro','1555383329866'),('1555383406458','java','glyphicon glyphicon-th','app_1553506431639_pro','1555383139211'),('1555383942384','mysql','glyphicon glyphicon-th','app_1553244600116_pro','1555383924648'),('1555384048663','redis','glyphicon glyphicon-th','app_1553506431639_pro','1553507465947'),('1555384078024','mysql','glyphicon glyphicon-th','app_1553506431639_pro','1553506389622'),('1555384670734','nginx-web','glyphicon glyphicon-th','app_1553244493244_pro','1555384592397'),('1555384801900','java','glyphicon glyphicon-th','app_1553244493244_pro','1555384782500'),('1555384966154','mysql','glyphicon glyphicon-th','app_1553244493244_pro','1555383924648'),('1555385304681','nginx-web','glyphicon glyphicon-th','app_1553244547692_pro','1555384565804'),('1555385317617','mysql','glyphicon glyphicon-th','app_1553244547692_pro','1555383924648'),('1555388994728','php','glyphicon glyphicon-th','app_1553244547692_pro','1555388971744'),('1555395115875','java','glyphicon glyphicon-th','app_1553244570068_pro','1555395100075'),('1555400829736','iis','glyphicon glyphicon-th','app_1553243809686_pro','1555400602976'),('1555400853351','oracle','glyphicon glyphicon-th','app_1553243809686_pro','1555400535248'),('1555401049598','redis','glyphicon glyphicon-th','app_1553243809686_pro','1555400772655'),('1555401084837','iis','glyphicon glyphicon-th','app_1553243905806_pro','1555400569624'),('1555401216541','oracle','glyphicon glyphicon-th','app_1553243905806_pro','1555400535248'),('1555401230085','redis','glyphicon glyphicon-th','app_1553243905806_pro','1555400772655'),('1555401250389','iis','glyphicon glyphicon-th','app_1553243824518_pro','1555400653080'),('1555401287461','oracle','glyphicon glyphicon-th','app_1553243824518_pro','1555400535248'),('1555401303637','redis','glyphicon glyphicon-th','app_1553243824518_pro','1555400772655'),('1555401687291','oracle','glyphicon glyphicon-th','app_1553478259440_pro','1555400535248'),('1555401716970','redis','glyphicon glyphicon-th','app_1553478259440_pro','1555400772655');
/*!40000 ALTER TABLE `tree_model` ENABLE KEYS */;
UNLOCK TABLES;

--
-- Table structure for table `users`
--

DROP TABLE IF EXISTS `users`;
/*!40101 SET @saved_cs_client     = @@character_set_client */;
/*!40101 SET character_set_client = utf8 */;
CREATE TABLE `users` (
  `userId` bigint(20) unsigned NOT NULL AUTO_INCREMENT,
  `userName` char(50) NOT NULL,
  `password` char(100) DEFAULT NULL,
  `enabled` bit(1) NOT NULL,
  PRIMARY KEY (`userId`),
  UNIQUE KEY `userName` (`userName`)
) ENGINE=InnoDB AUTO_INCREMENT=77 DEFAULT CHARSET=utf8mb4;
/*!40101 SET character_set_client = @saved_cs_client */;

--
-- Dumping data for table `users`
--

LOCK TABLES `users` WRITE;
/*!40000 ALTER TABLE `users` DISABLE KEYS */;
INSERT INTO `users` VALUES (76,'admin','$2a$10$rujM8XhL20KCln2aS9IgYuUbRDDoQKy3V3uuhvrKmwLcUtX3uRNBm','');
/*!40000 ALTER TABLE `users` ENABLE KEYS */;
UNLOCK TABLES;

--
-- Table structure for table `usersGroup`
--

DROP TABLE IF EXISTS `usersGroup`;
/*!40101 SET @saved_cs_client     = @@character_set_client */;
/*!40101 SET character_set_client = utf8 */;
CREATE TABLE `usersGroup` (
  `groupName` char(50) NOT NULL,
  `enabled` bit(1) NOT NULL,
  `groupId` bigint(20) unsigned NOT NULL AUTO_INCREMENT,
  PRIMARY KEY (`groupId`),
  UNIQUE KEY `groupName` (`groupName`)
) ENGINE=InnoDB AUTO_INCREMENT=33 DEFAULT CHARSET=utf8mb4;
/*!40101 SET character_set_client = @saved_cs_client */;

--
-- Dumping data for table `usersGroup`
--

LOCK TABLES `usersGroup` WRITE;
/*!40000 ALTER TABLE `usersGroup` DISABLE KEYS */;
/*!40000 ALTER TABLE `usersGroup` ENABLE KEYS */;
UNLOCK TABLES;

--
-- Table structure for table `users_groups`
--

DROP TABLE IF EXISTS `users_groups`;
/*!40101 SET @saved_cs_client     = @@character_set_client */;
/*!40101 SET character_set_client = utf8 */;
CREATE TABLE `users_groups` (
  `id` bigint(20) NOT NULL AUTO_INCREMENT,
  `groupId` bigint(20) unsigned NOT NULL,
  `userId` bigint(20) unsigned NOT NULL,
  PRIMARY KEY (`id`),
  KEY `c_users_groups_2` (`userId`),
  KEY `FK_ID` (`groupId`),
  CONSTRAINT `FK_ID` FOREIGN KEY (`groupId`) REFERENCES `usersGroup` (`groupId`),
  CONSTRAINT `c_users_groups_2` FOREIGN KEY (`userId`) REFERENCES `users` (`userId`) ON DELETE CASCADE
) ENGINE=InnoDB AUTO_INCREMENT=62 DEFAULT CHARSET=utf8mb4;
/*!40101 SET character_set_client = @saved_cs_client */;

--
-- Dumping data for table `users_groups`
--

LOCK TABLES `users_groups` WRITE;
/*!40000 ALTER TABLE `users_groups` DISABLE KEYS */;
/*!40000 ALTER TABLE `users_groups` ENABLE KEYS */;
UNLOCK TABLES;
/*!40103 SET TIME_ZONE=@OLD_TIME_ZONE */;

/*!40101 SET SQL_MODE=@OLD_SQL_MODE */;
/*!40014 SET FOREIGN_KEY_CHECKS=@OLD_FOREIGN_KEY_CHECKS */;
/*!40014 SET UNIQUE_CHECKS=@OLD_UNIQUE_CHECKS */;
/*!40101 SET CHARACTER_SET_CLIENT=@OLD_CHARACTER_SET_CLIENT */;
/*!40101 SET CHARACTER_SET_RESULTS=@OLD_CHARACTER_SET_RESULTS */;
/*!40101 SET COLLATION_CONNECTION=@OLD_COLLATION_CONNECTION */;
/*!40111 SET SQL_NOTES=@OLD_SQL_NOTES */;

-- Dump completed on 2019-04-17 10:55:12
