-- MySQL dump 10.13  Distrib 8.0.12, for linux-glibc2.12 (x86_64)
--
-- Host: localhost    Database: testdb
-- ------------------------------------------------------
-- Server version	8.0.12

/*!40101 SET @OLD_CHARACTER_SET_CLIENT=@@CHARACTER_SET_CLIENT */;
/*!40101 SET @OLD_CHARACTER_SET_RESULTS=@@CHARACTER_SET_RESULTS */;
/*!40101 SET @OLD_COLLATION_CONNECTION=@@COLLATION_CONNECTION */;
 SET NAMES utf8mb4 ;
/*!40103 SET @OLD_TIME_ZONE=@@TIME_ZONE */;
/*!40103 SET TIME_ZONE='+00:00' */;
/*!40014 SET @OLD_UNIQUE_CHECKS=@@UNIQUE_CHECKS, UNIQUE_CHECKS=0 */;
/*!40014 SET @OLD_FOREIGN_KEY_CHECKS=@@FOREIGN_KEY_CHECKS, FOREIGN_KEY_CHECKS=0 */;
/*!40101 SET @OLD_SQL_MODE=@@SQL_MODE, SQL_MODE='NO_AUTO_VALUE_ON_ZERO' */;
/*!40111 SET @OLD_SQL_NOTES=@@SQL_NOTES, SQL_NOTES=0 */;

--
-- Table structure for table `department`
--

DROP TABLE IF EXISTS `department`;
/*!40101 SET @saved_cs_client     = @@character_set_client */;
 SET character_set_client = utf8mb4 ;
CREATE TABLE `department` (
  `id` int(11) NOT NULL AUTO_INCREMENT,
  `departmentName` varchar(255) DEFAULT NULL,
  PRIMARY KEY (`id`)
) ENGINE=InnoDB AUTO_INCREMENT=83 DEFAULT CHARSET=utf8mb4 COLLATE=utf8mb4_0900_ai_ci;
/*!40101 SET character_set_client = @saved_cs_client */;

--
-- Dumping data for table `department`
--

LOCK TABLES `department` WRITE;
/*!40000 ALTER TABLE `department` DISABLE KEYS */;
INSERT INTO `department` VALUES (74,'è´¢åŠ¡éƒ¨'),(75,'è´¢åŠ¡éƒ¨'),(76,'è´¢åŠ¡éƒ¨'),(77,'è´¢åŠ¡éƒ¨'),(78,'è´¢åŠ¡éƒ¨'),(79,'è´¢åŠ¡éƒ¨'),(80,'è´¢åŠ¡éƒ¨'),(81,'ç”Ÿäº§éƒ¨'),(82,'å®¢æœéƒ¨');
/*!40000 ALTER TABLE `department` ENABLE KEYS */;
UNLOCK TABLES;

--
-- Table structure for table `employee`
--

DROP TABLE IF EXISTS `employee`;
/*!40101 SET @saved_cs_client     = @@character_set_client */;
 SET character_set_client = utf8mb4 ;
CREATE TABLE `employee` (
  `id` int(11) NOT NULL AUTO_INCREMENT,
  `lastName` varchar(255) DEFAULT NULL,
  `email` varchar(255) DEFAULT NULL,
  `gender` int(2) DEFAULT NULL,
  `d_id` int(11) DEFAULT NULL,
  PRIMARY KEY (`id`)
) ENGINE=InnoDB AUTO_INCREMENT=2 DEFAULT CHARSET=utf8;
/*!40101 SET character_set_client = @saved_cs_client */;

--
-- Dumping data for table `employee`
--

LOCK TABLES `employee` WRITE;
/*!40000 ALTER TABLE `employee` DISABLE KEYS */;
INSERT INTO `employee` VALUES (1,'aa','aa@qq.com',1,1);
/*!40000 ALTER TABLE `employee` ENABLE KEYS */;
UNLOCK TABLES;

--
-- Table structure for table `host_cluster`
--

DROP TABLE IF EXISTS `host_cluster`;
/*!40101 SET @saved_cs_client     = @@character_set_client */;
 SET character_set_client = utf8mb4 ;
CREATE TABLE `host_cluster` (
  `hcId` varchar(255) NOT NULL,
  `hostId` varchar(255) NOT NULL,
  `clusterId` varchar(255) NOT NULL,
  PRIMARY KEY (`hcId`),
  KEY `c_host_cluster_1` (`hostId`),
  KEY `c_host_cluster_2` (`clusterId`),
  CONSTRAINT `c_host_cluster_1` FOREIGN KEY (`hostId`) REFERENCES `hosts` (`hostid`),
  CONSTRAINT `c_host_cluster_2` FOREIGN KEY (`clusterId`) REFERENCES `kafka_cluster` (`clusterid`)
) ENGINE=InnoDB DEFAULT CHARSET=utf8mb4 COLLATE=utf8mb4_0900_ai_ci;
/*!40101 SET character_set_client = @saved_cs_client */;

--
-- Dumping data for table `host_cluster`
--

LOCK TABLES `host_cluster` WRITE;
/*!40000 ALTER TABLE `host_cluster` DISABLE KEYS */;
INSERT INTO `host_cluster` VALUES ('1547182841045','1713517261785019','1547182840899'),('1547182841322','1713517311815095','1547182840899'),('1547182841481','1713517370380806','1547182840899'),('1548411975510','1713516879100878','1547180718036'),('1548411975618','1713517145251375','1547180718036'),('1548412220860','1713517203769190','1547180718036');
/*!40000 ALTER TABLE `host_cluster` ENABLE KEYS */;
UNLOCK TABLES;

--
-- Table structure for table `hosts`
--

DROP TABLE IF EXISTS `hosts`;
/*!40101 SET @saved_cs_client     = @@character_set_client */;
 SET character_set_client = utf8mb4 ;
CREATE TABLE `hosts` (
  `hostId` varchar(255) NOT NULL,
  `hostName` varchar(255) NOT NULL,
  `ip` varchar(255) NOT NULL,
  `envType` varchar(255) NOT NULL,
  `hostGroup` varchar(255) NOT NULL,
  `place` varchar(255) NOT NULL,
  `rootPassword` varchar(255) NOT NULL,
  `allocated` bit(1) NOT NULL,
  `createdAt` timestamp NOT NULL DEFAULT CURRENT_TIMESTAMP,
  `osVersion` varchar(255) NOT NULL,
  `configuration` varchar(255) NOT NULL,
  `hostType` varchar(255) NOT NULL,
  `esxiIp` varchar(255) DEFAULT NULL,
  `enabled` bit(1) NOT NULL,
  `cluster` varchar(255) DEFAULT NULL,
  `project` varchar(255) DEFAULT NULL,
  `ins_num` int(10) NOT NULL DEFAULT '0',
  PRIMARY KEY (`hostId`),
  UNIQUE KEY `hostName` (`hostName`),
  UNIQUE KEY `ip` (`ip`)
) ENGINE=InnoDB DEFAULT CHARSET=utf8mb4 COLLATE=utf8mb4_0900_ai_ci;
/*!40101 SET character_set_client = @saved_cs_client */;

--
-- Dumping data for table `hosts`
--

LOCK TABLES `hosts` WRITE;
/*!40000 ALTER TABLE `hosts` DISABLE KEYS */;
INSERT INTO `hosts` VALUES ('160067033996055','kafka20190125001','1.1.1.1','dev','kafka','æœºæˆ¿','abc123456',_binary '\0','2019-01-25 07:41:47','CentOS 7','4C 8G 40G','è™šæ‹Ÿæœº',NULL,_binary '',NULL,NULL,0),('160154934350182','kafka25002','1.1.1.2','dev','kafka','æœºæˆ¿','abc123456',_binary '\0','2019-01-25 07:43:15','CentOS 7','4C 8G 40G','è™šæ‹Ÿæœº',NULL,_binary '',NULL,NULL,0),('160155078052678','kafka25003','1.1.1.3','dev','kafka','æœºæˆ¿','abc123456',_binary '\0','2019-01-25 07:43:15','CentOS 7','4C 8G 40G','è™šæ‹Ÿæœº',NULL,_binary '',NULL,NULL,0),('160155377833782','kafka25004','1.1.1.4','dev','kafka','æœºæˆ¿','abc123456',_binary '\0','2019-01-25 07:43:15','CentOS 7','4C 8G 40G','è™šæ‹Ÿæœº',NULL,_binary '',NULL,NULL,0),('160155443801462','kafka25005','1.1.1.5','dev','kafka','æœºæˆ¿','abc123456',_binary '\0','2019-01-25 07:43:15','CentOS 7','4C 8G 40G','è™šæ‹Ÿæœº',NULL,_binary '',NULL,NULL,0),('160155493656744','kafka25006','1.1.1.6','dev','kafka','æœºæˆ¿','abc123456',_binary '\0','2019-01-25 07:43:15','CentOS 7','4C 8G 40G','è™šæ‹Ÿæœº',NULL,_binary '',NULL,NULL,0),('160155577972745','kafka25007','1.1.1.7','dev','kafka','æœºæˆ¿','abc123456',_binary '\0','2019-01-25 07:43:16','CentOS 7','4C 8G 40G','è™šæ‹Ÿæœº',NULL,_binary '',NULL,NULL,0),('160155629353582','kafka25008','1.1.1.8','dev','kafka','æœºæˆ¿','abc123456',_binary '\0','2019-01-25 07:43:16','CentOS 7','4C 8G 40G','è™šæ‹Ÿæœº',NULL,_binary '',NULL,NULL,0),('160155701993265','kafka25009','1.1.1.9','dev','kafka','æœºæˆ¿','abc123456',_binary '\0','2019-01-25 07:43:16','CentOS 7','4C 8G 40G','è™šæ‹Ÿæœº',NULL,_binary '',NULL,NULL,0),('160155768999131','kafka25010','1.1.1.10','dev','kafka','æœºæˆ¿','abc123456',_binary '\0','2019-01-25 07:43:16','CentOS 7','4C 8G 40G','è™šæ‹Ÿæœº',NULL,_binary '',NULL,NULL,0),('160155810184727','kafka25011','1.1.1.11','dev','kafka','æœºæˆ¿','abc123456',_binary '\0','2019-01-25 07:43:16','CentOS 7','4C 8G 40G','è™šæ‹Ÿæœº',NULL,_binary '',NULL,NULL,0),('160155851816948','kafka25012','1.1.1.12','dev','kafka','æœºæˆ¿','abc123456',_binary '\0','2019-01-25 07:43:16','CentOS 7','4C 8G 40G','è™šæ‹Ÿæœº',NULL,_binary '',NULL,NULL,0),('160155951884253','kafka25013','1.1.1.13','dev','kafka','æœºæˆ¿','abc123456',_binary '\0','2019-01-25 07:43:16','CentOS 7','4C 8G 40G','è™šæ‹Ÿæœº',NULL,_binary '',NULL,NULL,0),('160156010996738','kafka25014','1.1.1.14','dev','kafka','æœºæˆ¿','abc123456',_binary '\0','2019-01-25 07:43:16','CentOS 7','4C 8G 40G','è™šæ‹Ÿæœº',NULL,_binary '',NULL,NULL,0),('160156051872869','kafka25015','1.1.1.15','dev','kafka','æœºæˆ¿','abc123456',_binary '\0','2019-01-25 07:43:16','CentOS 7','4C 8G 40G','è™šæ‹Ÿæœº',NULL,_binary '',NULL,NULL,0),('160156127052966','kafka25016','1.1.1.16','dev','kafka','æœºæˆ¿','abc123456',_binary '\0','2019-01-25 07:43:16','CentOS 7','4C 8G 40G','è™šæ‹Ÿæœº',NULL,_binary '',NULL,NULL,0),('160156168801197','kafka25017','1.1.1.17','dev','kafka','æœºæˆ¿','abc123456',_binary '\0','2019-01-25 07:43:16','CentOS 7','4C 8G 40G','è™šæ‹Ÿæœº',NULL,_binary '',NULL,NULL,0),('160156226914375','kafka25018','1.1.1.18','dev','kafka','æœºæˆ¿','abc123456',_binary '\0','2019-01-25 07:43:16','CentOS 7','4C 8G 40G','è™šæ‹Ÿæœº',NULL,_binary '',NULL,NULL,0),('160156277028115','kafka25019','1.1.1.19','dev','kafka','æœºæˆ¿','abc123456',_binary '\0','2019-01-25 07:43:16','CentOS 7','4C 8G 40G','è™šæ‹Ÿæœº',NULL,_binary '',NULL,NULL,0),('160156335240508','kafka25020','1.1.1.20','dev','kafka','æœºæˆ¿','abc123456',_binary '\0','2019-01-25 07:43:16','CentOS 7','4C 8G 40G','è™šæ‹Ÿæœº',NULL,_binary '',NULL,NULL,0),('160156393661596','kafka25021','1.1.1.21','dev','kafka','æœºæˆ¿','abc123456',_binary '\0','2019-01-25 07:43:16','CentOS 7','4C 8G 40G','è™šæ‹Ÿæœº',NULL,_binary '',NULL,NULL,0),('160156435321498','kafka25022','1.1.1.22','dev','kafka','æœºæˆ¿','abc123456',_binary '\0','2019-01-25 07:43:16','CentOS 7','4C 8G 40G','è™šæ‹Ÿæœº',NULL,_binary '',NULL,NULL,0),('1629921491950799','tomcat02','192.168.100.12','pro','tomcat','é˜¿é‡Œäº‘','666667',_binary '\0','2019-01-09 07:57:59','CentOS 8','4C 8G 41G','è™šæ‹Ÿæœº',NULL,_binary '',NULL,NULL,0),('1629921592229908','tomcat03','192.168.100.13','pro','tomcat','é˜¿é‡Œäº‘','666668',_binary '\0','2019-01-09 07:58:00','CentOS 9','4C 8G 42G','è™šæ‹Ÿæœº',NULL,_binary '',NULL,NULL,0),('1629921700366630','tomcat04','192.168.100.14','pro','tomcat','é˜¿é‡Œäº‘','666669',_binary '\0','2019-01-09 07:58:00','CentOS 10','4C 8G 43G','è™šæ‹Ÿæœº',NULL,_binary '\0',NULL,NULL,0),('1629921758694723','tomcat05','192.168.100.15','pro','tomcat','é˜¿é‡Œäº‘','666670',_binary '\0','2019-01-09 07:58:00','CentOS 11','4C 8G 44G','è™šæ‹Ÿæœº',NULL,_binary '',NULL,NULL,0),('1629921917199910','tomcat06','192.168.100.16','pro','tomcat','é˜¿é‡Œäº‘','666671',_binary '\0','2019-01-09 07:58:00','CentOS 12','4C 8G 45G','è™šæ‹Ÿæœº',NULL,_binary '',NULL,NULL,0),('1629922000255347','tomcat07','192.168.100.17','pro','tomcat','é˜¿é‡Œäº‘','666672',_binary '\0','2019-01-09 07:58:00','CentOS 13','4C 8G 46G','è™šæ‹Ÿæœº',NULL,_binary '\0',NULL,NULL,0),('1629922050620702','tomcat08','192.168.100.18','pro','tomcat','é˜¿é‡Œäº‘','666673',_binary '\0','2019-01-09 07:58:00','CentOS 14','4C 8G 47G','è™šæ‹Ÿæœº',NULL,_binary '\0',NULL,NULL,0),('1629922100587330','tomcat09','192.168.100.19','pro','tomcat','é˜¿é‡Œäº‘','666674',_binary '\0','2019-01-09 07:58:00','CentOS 15','4C 8G 48G','è™šæ‹Ÿæœº',NULL,_binary '\0',NULL,NULL,0),('1629922158803766','tomcat10','192.168.100.20','pro','tomcat','é˜¿é‡Œäº‘','666675',_binary '\0','2019-01-09 07:58:00','CentOS 16','4C 8G 49G','è™šæ‹Ÿæœº',NULL,_binary '',NULL,NULL,0),('1629922200521207','tomcat11','192.168.100.21','pro','tomcat','é˜¿é‡Œäº‘','666676',_binary '\0','2019-01-09 07:58:00','CentOS 17','4C 8G 50G','è™šæ‹Ÿæœº',NULL,_binary '',NULL,NULL,0),('1629922259386743','tomcat12','192.168.100.22','pro','tomcat','é˜¿é‡Œäº‘','666677',_binary '\0','2019-01-09 07:58:00','CentOS 18','4C 8G 51G','è™šæ‹Ÿæœº',NULL,_binary '',NULL,NULL,0),('1629922316847400','tomcat13','192.168.100.23','pro','tomcat','é˜¿é‡Œäº‘','666678',_binary '\0','2019-01-09 07:58:00','CentOS 19','4C 8G 52G','è™šæ‹Ÿæœº',NULL,_binary '',NULL,NULL,0),('1629922358892656','tomcat14','192.168.100.24','pro','tomcat','é˜¿é‡Œäº‘','666679',_binary '\0','2019-01-09 07:58:00','CentOS 20','4C 8G 53G','è™šæ‹Ÿæœº',NULL,_binary '',NULL,NULL,0),('1629922408913090','tomcat15','192.168.100.25','pro','tomcat','é˜¿é‡Œäº‘','666680',_binary '\0','2019-01-09 07:58:00','CentOS 21','4C 8G 54G','è™šæ‹Ÿæœº',NULL,_binary '',NULL,NULL,0),('1629922467247403','tomcat16','192.168.100.26','pro','tomcat','é˜¿é‡Œäº‘','666681',_binary '\0','2019-01-09 07:58:00','CentOS 22','4C 8G 55G','è™šæ‹Ÿæœº',NULL,_binary '',NULL,NULL,0),('1629922517381671','tomcat17','192.168.100.27','pro','tomcat','é˜¿é‡Œäº‘','666682',_binary '\0','2019-01-09 07:58:01','CentOS 23','4C 8G 56G','è™šæ‹Ÿæœº',NULL,_binary '',NULL,NULL,0),('1629922567452801','tomcat18','192.168.100.28','pro','tomcat','é˜¿é‡Œäº‘','666683',_binary '\0','2019-01-09 07:58:01','CentOS 24','4C 8G 57G','è™šæ‹Ÿæœº',NULL,_binary '',NULL,NULL,0),('1629922609269768','tomcat19','192.168.100.29','pro','tomcat','é˜¿é‡Œäº‘','666684',_binary '\0','2019-01-09 07:58:01','CentOS 25','4C 8G 58G','è™šæ‹Ÿæœº',NULL,_binary '',NULL,NULL,0),('1629922658793192','tomcat20','192.168.100.30','pro','tomcat','é˜¿é‡Œäº‘','666685',_binary '\0','2019-01-09 07:58:01','CentOS 26','4C 8G 59G','è™šæ‹Ÿæœº',NULL,_binary '',NULL,NULL,0),('1695461713012708','nginx-dev01','192.168.100.31','dev','nginx','æœºæˆ¿','aaaaaa',_binary '\0','2019-01-10 02:10:19','CentOS 7','4C 8G 40G','è™šæ‹Ÿæœº',NULL,_binary '',NULL,NULL,0),('1695461851486956','nginx-dev02','192.168.100.32','dev','nginx','æœºæˆ¿','aaaaaa',_binary '\0','2019-01-10 02:10:19','CentOS 7','4C 8G 40G','è™šæ‹Ÿæœº',NULL,_binary '',NULL,NULL,0),('1695461909690951','nginx-test01','192.168.100.33','test','nginx','æœºæˆ¿','aaaaaa',_binary '\0','2019-01-10 02:10:19','CentOS 7','4C 8G 40G','è™šæ‹Ÿæœº',NULL,_binary '',NULL,NULL,0),('1695461960332493','nginx-test02','192.168.100.34','test','nginx','æœºæˆ¿','aaaaaa',_binary '\0','2019-01-10 02:10:19','CentOS 7','4C 8G 40G','è™šæ‹Ÿæœº',NULL,_binary '',NULL,NULL,0),('1695462009600880','nginx-pro01','192.168.100.35','pro','nginx','æœºæˆ¿','aaaaaa',_binary '\0','2019-01-10 02:10:19','CentOS 7','4C 8G 40G','è™šæ‹Ÿæœº',NULL,_binary '',NULL,NULL,0),('1695462059611050','nginx-pro02','192.168.100.36','pro','nginx','æœºæˆ¿','aaaaaa',_binary '\0','2019-01-10 02:10:19','CentOS 7','4C 8G 40G','è™šæ‹Ÿæœº',NULL,_binary '',NULL,NULL,0),('1695462203423025','nginx-pro03','192.168.100.37','pro','nginx','æœºæˆ¿','aaaaaa',_binary '\0','2019-01-10 02:10:19','CentOS 7','4C 8G 40G','è™šæ‹Ÿæœº',NULL,_binary '',NULL,NULL,0),('1695462271070836','nginx-pro04','192.168.100.38','pro','nginx','æœºæˆ¿','aaaaaa',_binary '\0','2019-01-10 02:10:19','CentOS 7','4C 8G 40G','è™šæ‹Ÿæœº',NULL,_binary '',NULL,NULL,0),('1695462328185017','nginx-pro05','192.168.100.39','pro','nginx','æœºæˆ¿','aaaaaa',_binary '\0','2019-01-10 02:10:19','CentOS 7','4C 8G 40G','è™šæ‹Ÿæœº',NULL,_binary '',NULL,NULL,0),('1695462378044964','java-dev01','192.168.100.40','dev','java','æœºæˆ¿','aaaaaa',_binary '\0','2019-01-10 02:10:19','CentOS 7','4C 8G 40G','è™šæ‹Ÿæœº',NULL,_binary '',NULL,NULL,0),('1695462428091524','java-dev02','192.168.100.41','dev','java','æœºæˆ¿','aaaaaa',_binary '\0','2019-01-10 02:10:19','CentOS 7','4C 8G 40G','è™šæ‹Ÿæœº',NULL,_binary '',NULL,NULL,0),('1695462476881563','java-dev03','192.168.100.42','dev','java','æœºæˆ¿','aaaaaa',_binary '\0','2019-01-10 02:10:19','CentOS 7','4C 8G 40G','è™šæ‹Ÿæœº',NULL,_binary '',NULL,NULL,0),('1695462526866229','java-dev04','192.168.100.43','dev','java','æœºæˆ¿','aaaaaa',_binary '\0','2019-01-10 02:10:19','CentOS 7','4C 8G 40G','è™šæ‹Ÿæœº',NULL,_binary '',NULL,NULL,0),('1695462577700292','java-dev05','192.168.100.44','dev','java','æœºæˆ¿','aaaaaa',_binary '\0','2019-01-10 02:10:19','CentOS 7','4C 8G 40G','è™šæ‹Ÿæœº',NULL,_binary '',NULL,NULL,0),('1695462626965880','java-dev06','192.168.100.45','dev','java','æœºæˆ¿','aaaaaa',_binary '\0','2019-01-10 02:10:19','CentOS 7','4C 8G 40G','è™šæ‹Ÿæœº',NULL,_binary '',NULL,NULL,0),('1695462668864956','java-dev07','192.168.100.46','dev','java','æœºæˆ¿','aaaaaa',_binary '\0','2019-01-10 02:10:19','CentOS 7','4C 8G 40G','è™šæ‹Ÿæœº',NULL,_binary '',NULL,NULL,0),('1695462768316752','java-dev08','192.168.100.47','dev','java','æœºæˆ¿','aaaaaa',_binary '\0','2019-01-10 02:10:20','CentOS 7','4C 8G 40G','è™šæ‹Ÿæœº',NULL,_binary '',NULL,NULL,0),('1695462835007243','java-test01','192.168.100.48','test','nginx','æœºæˆ¿','aaaaaa',_binary '\0','2019-01-10 02:10:20','CentOS 7','4C 8G 40G','è™šæ‹Ÿæœº',NULL,_binary '',NULL,NULL,0),('1695462884907624','java-test02','192.168.100.49','test','nginx','æœºæˆ¿','aaaaaa',_binary '\0','2019-01-10 02:10:20','CentOS 7','4C 8G 40G','è™šæ‹Ÿæœº',NULL,_binary '',NULL,NULL,0),('1695462934851236','java-test03','192.168.100.50','test','nginx','æœºæˆ¿','aaaaaa',_binary '\0','2019-01-10 02:10:20','CentOS 7','4C 8G 40G','è™šæ‹Ÿæœº',NULL,_binary '',NULL,NULL,0),('1695462984462678','java-test04','192.168.100.51','test','nginx','æœºæˆ¿','aaaaaa',_binary '\0','2019-01-10 02:10:20','CentOS 7','4C 8G 40G','è™šæ‹Ÿæœº',NULL,_binary '',NULL,NULL,0),('1695463026406230','java-test05','192.168.100.52','test','nginx','æœºæˆ¿','aaaaaa',_binary '\0','2019-01-10 02:10:20','CentOS 7','4C 8G 40G','è™šæ‹Ÿæœº',NULL,_binary '',NULL,NULL,0),('1695463068307795','java-test06','192.168.100.53','test','nginx','æœºæˆ¿','aaaaaa',_binary '\0','2019-01-10 02:10:20','CentOS 7','4C 8G 40G','è™šæ‹Ÿæœº',NULL,_binary '',NULL,NULL,0),('1695463120901299','java-test07','192.168.100.54','test','nginx','æœºæˆ¿','aaaaaa',_binary '\0','2019-01-10 02:10:20','CentOS 7','4C 8G 40G','è™šæ‹Ÿæœº',NULL,_binary '',NULL,NULL,0),('1695463187189640','java-test08','192.168.100.55','test','nginx','æœºæˆ¿','aaaaaa',_binary '\0','2019-01-10 02:10:20','CentOS 7','4C 8G 40G','è™šæ‹Ÿæœº',NULL,_binary '',NULL,NULL,0),('1695463243279943','java-test09','192.168.100.56','test','nginx','æœºæˆ¿','aaaaaa',_binary '\0','2019-01-10 02:10:20','CentOS 7','4C 8G 40G','è™šæ‹Ÿæœº',NULL,_binary '',NULL,NULL,0),('1695463293776860','java-test10','192.168.100.57','test','nginx','æœºæˆ¿','aaaaaa',_binary '\0','2019-01-10 02:10:20','CentOS 7','4C 8G 40G','è™šæ‹Ÿæœº',NULL,_binary '',NULL,NULL,0),('1695463334980496','java-test11','192.168.100.58','test','nginx','æœºæˆ¿','aaaaaa',_binary '\0','2019-01-10 02:10:20','CentOS 7','4C 8G 40G','è™šæ‹Ÿæœº',NULL,_binary '',NULL,NULL,0),('1695463376651594','java-test12','192.168.100.59','test','nginx','æœºæˆ¿','aaaaaa',_binary '\0','2019-01-10 02:10:20','CentOS 7','4C 8G 40G','è™šæ‹Ÿæœº',NULL,_binary '',NULL,NULL,0),('1695463426783373','java-test13','192.168.100.60','test','nginx','æœºæˆ¿','aaaaaa',_binary '\0','2019-01-10 02:10:20','CentOS 7','4C 8G 40G','è™šæ‹Ÿæœº',NULL,_binary '',NULL,NULL,0),('1695463468412795','java-test14','192.168.100.61','test','nginx','æœºæˆ¿','aaaaaa',_binary '\0','2019-01-10 02:10:20','CentOS 7','4C 8G 40G','è™šæ‹Ÿæœº',NULL,_binary '',NULL,NULL,0),('1695463537930148','java-test15','192.168.100.62','test','nginx','æœºæˆ¿','aaaaaa',_binary '\0','2019-01-10 02:10:20','CentOS 7','4C 8G 40G','è™šæ‹Ÿæœº',NULL,_binary '',NULL,NULL,0),('1695463602867730','java-pro01','192.168.100.63','pro','nginx','æœºæˆ¿','aaaaaa',_binary '\0','2019-01-10 02:10:20','CentOS 7','4C 8G 40G','è™šæ‹Ÿæœº',NULL,_binary '',NULL,NULL,0),('1695463651612981','java-pro02','192.168.100.64','pro','nginx','æœºæˆ¿','aaaaaa',_binary '\0','2019-01-10 02:10:20','CentOS 7','4C 8G 40G','è™šæ‹Ÿæœº',NULL,_binary '',NULL,NULL,0),('1695463693660725','java-pro03','192.168.100.65','pro','nginx','æœºæˆ¿','aaaaaa',_binary '\0','2019-01-10 02:10:20','CentOS 7','4C 8G 40G','è™šæ‹Ÿæœº',NULL,_binary '',NULL,NULL,0),('1695463744922441','java-pro04','192.168.100.66','pro','nginx','æœºæˆ¿','aaaaaa',_binary '\0','2019-01-10 02:10:21','CentOS 7','4C 8G 40G','è™šæ‹Ÿæœº',NULL,_binary '',NULL,NULL,0),('1695463803215388','java-pro05','192.168.100.67','pro','nginx','æœºæˆ¿','aaaaaa',_binary '\0','2019-01-10 02:10:21','CentOS 7','4C 8G 40G','è™šæ‹Ÿæœº',NULL,_binary '',NULL,NULL,0),('1695463887773363','java-pro06','192.168.100.68','pro','nginx','æœºæˆ¿','aaaaaa',_binary '\0','2019-01-10 02:10:21','CentOS 7','4C 8G 40G','è™šæ‹Ÿæœº',NULL,_binary '',NULL,NULL,0),('1695464002664509','java-pro07','192.168.100.69','pro','nginx','æœºæˆ¿','aaaaaa',_binary '\0','2019-01-10 02:10:21','CentOS 7','4C 8G 40G','è™šæ‹Ÿæœº',NULL,_binary '',NULL,NULL,0),('1695464076781538','java-pro08','192.168.100.70','pro','nginx','æœºæˆ¿','aaaaaa',_binary '\0','2019-01-10 02:10:21','CentOS 7','4C 8G 40G','è™šæ‹Ÿæœº',NULL,_binary '',NULL,NULL,0),('1695464210962464','java-pro09','192.168.100.71','pro','nginx','æœºæˆ¿','aaaaaa',_binary '\0','2019-01-10 02:10:21','CentOS 7','4C 8G 40G','è™šæ‹Ÿæœº',NULL,_binary '',NULL,NULL,0),('1695464310103862','java-pro10','192.168.100.72','pro','nginx','æœºæˆ¿','aaaaaa',_binary '\0','2019-01-10 02:10:21','CentOS 7','4C 8G 40G','è™šæ‹Ÿæœº',NULL,_binary '',NULL,NULL,0),('1695464360084485','java-pro11','192.168.100.73','pro','nginx','æœºæˆ¿','aaaaaa',_binary '\0','2019-01-10 02:10:21','CentOS 7','4C 8G 40G','è™šæ‹Ÿæœº',NULL,_binary '',NULL,NULL,0),('1695464401962101','java-pro12','192.168.100.74','pro','nginx','æœºæˆ¿','aaaaaa',_binary '\0','2019-01-10 02:10:21','CentOS 7','4C 8G 40G','è™šæ‹Ÿæœº',NULL,_binary '',NULL,NULL,0),('1695464451882076','java-pro13','192.168.100.75','pro','nginx','æœºæˆ¿','aaaaaa',_binary '\0','2019-01-10 02:10:21','CentOS 7','4C 8G 40G','è™šæ‹Ÿæœº',NULL,_binary '',NULL,NULL,0),('1695464494976092','java-pro14','192.168.100.76','pro','nginx','æœºæˆ¿','aaaaaa',_binary '\0','2019-01-10 02:10:21','CentOS 7','4C 8G 40G','è™šæ‹Ÿæœº',NULL,_binary '',NULL,NULL,0),('1695464553016491','java-pro15','192.168.100.77','pro','nginx','æœºæˆ¿','aaaaaa',_binary '\0','2019-01-10 02:10:21','CentOS 7','4C 8G 40G','è™šæ‹Ÿæœº',NULL,_binary '',NULL,NULL,0),('1695464618570825','java-pro16','192.168.100.78','pro','nginx','æœºæˆ¿','aaaaaa',_binary '\0','2019-01-10 02:10:21','CentOS 7','4C 8G 40G','è™šæ‹Ÿæœº',NULL,_binary '',NULL,NULL,0),('1695464660231038','java-pro17','192.168.100.79','pro','nginx','æœºæˆ¿','aaaaaa',_binary '\0','2019-01-10 02:10:21','CentOS 7','4C 8G 40G','è™šæ‹Ÿæœº',NULL,_binary '',NULL,NULL,0),('1695464710285062','java-pro18','192.168.100.80','pro','nginx','æœºæˆ¿','aaaaaa',_binary '\0','2019-01-10 02:10:21','CentOS 7','4C 8G 40G','è™šæ‹Ÿæœº',NULL,_binary '',NULL,NULL,0),('1695464751910130','java-pro19','192.168.100.81','pro','nginx','æœºæˆ¿','aaaaaa',_binary '\0','2019-01-10 02:10:22','CentOS 7','4C 8G 40G','è™šæ‹Ÿæœº',NULL,_binary '',NULL,NULL,0),('1695464801893863','java-pro20','192.168.100.82','pro','nginx','æœºæˆ¿','aaaaaa',_binary '\0','2019-01-10 02:10:22','CentOS 7','4C 8G 40G','è™šæ‹Ÿæœº',NULL,_binary '',NULL,NULL,0),('1695464843771479','java-pro21','192.168.100.83','pro','nginx','æœºæˆ¿','aaaaaa',_binary '\0','2019-01-10 02:10:22','CentOS 7','4C 8G 40G','è™šæ‹Ÿæœº',NULL,_binary '',NULL,NULL,0),('1695464885498562','java-pro22','192.168.100.84','pro','nginx','æœºæˆ¿','aaaaaa',_binary '\0','2019-01-10 02:10:22','CentOS 7','4C 8G 40G','è™šæ‹Ÿæœº',NULL,_binary '',NULL,NULL,0),('1695464943744545','java-pro23','192.168.100.85','pro','nginx','æœºæˆ¿','aaaaaa',_binary '\0','2019-01-10 02:10:22','CentOS 7','4C 8G 40G','è™šæ‹Ÿæœº',NULL,_binary '',NULL,NULL,0),('1695464985025002','java-pro24','192.168.100.86','pro','nginx','æœºæˆ¿','aaaaaa',_binary '\0','2019-01-10 02:10:22','CentOS 7','4C 8G 40G','è™šæ‹Ÿæœº',NULL,_binary '',NULL,NULL,0),('1695465053594055','java-pro25','192.168.100.87','pro','nginx','æœºæˆ¿','aaaaaa',_binary '\0','2019-01-10 02:10:22','CentOS 7','4C 8G 40G','è™šæ‹Ÿæœº',NULL,_binary '',NULL,NULL,0),('1695465118774232','java-pro26','192.168.100.88','pro','nginx','æœºæˆ¿','aaaaaa',_binary '\0','2019-01-10 02:10:22','CentOS 7','4C 8G 40G','è™šæ‹Ÿæœº',NULL,_binary '',NULL,NULL,0),('1695465185597217','java-pro27','192.168.100.89','pro','nginx','æœºæˆ¿','aaaaaa',_binary '\0','2019-01-10 02:10:22','CentOS 7','4C 8G 40G','è™šæ‹Ÿæœº',NULL,_binary '',NULL,NULL,0),('1695465243790949','java-pro28','192.168.100.90','pro','nginx','æœºæˆ¿','aaaaaa',_binary '\0','2019-01-10 02:10:22','CentOS 7','4C 8G 40G','è™šæ‹Ÿæœº',NULL,_binary '',NULL,NULL,0),('1695820737094686','tomcat-dev01','192.168.100.91','dev','tomcat','æœºæˆ¿','aaaaaa',_binary '\0','2019-01-10 02:16:18','CentOS 7','4C 8G 40G','è™šæ‹Ÿæœº',NULL,_binary '',NULL,NULL,3),('1695820812089414','tomcat-dev02','192.168.100.92','dev','tomcat','æœºæˆ¿','aaaaaa',_binary '\0','2019-01-10 02:16:18','CentOS 7','4C 8G 40G','è™šæ‹Ÿæœº',NULL,_binary '',NULL,NULL,2),('1695820863194064','tomcat-test01','192.168.100.93','test','tomcat','æœºæˆ¿','aaaaaa',_binary '\0','2019-01-10 02:16:18','CentOS 7','4C 8G 40G','è™šæ‹Ÿæœº',NULL,_binary '',NULL,NULL,0),('1695820930437238','tomcat-test02','192.168.100.94','test','tomcat','æœºæˆ¿','aaaaaa',_binary '\0','2019-01-10 02:16:18','CentOS 7','4C 8G 40G','è™šæ‹Ÿæœº',NULL,_binary '',NULL,NULL,0),('1695820995170790','tomcat-pro01','192.168.100.95','pro','tomcat','æœºæˆ¿','aaaaaa',_binary '\0','2019-01-10 02:16:18','CentOS 7','4C 8G 40G','è™šæ‹Ÿæœº',NULL,_binary '',NULL,NULL,0),('1695821037044363','tomcat-pro02','192.168.100.96','pro','tomcat','æœºæˆ¿','aaaaaa',_binary '\0','2019-01-10 02:16:18','CentOS 7','4C 8G 40G','è™šæ‹Ÿæœº',NULL,_binary '',NULL,NULL,0),('1695821078692446','tomcat-pro03','192.168.100.97','pro','tomcat','æœºæˆ¿','aaaaaa',_binary '\0','2019-01-10 02:16:18','CentOS 7','4C 8G 40G','è™šæ‹Ÿæœº',NULL,_binary '',NULL,NULL,0),('1695821128748959','tomcat-pro04','192.168.100.98','pro','tomcat','æœºæˆ¿','aaaaaa',_binary '\0','2019-01-10 02:16:18','CentOS 7','4C 8G 40G','è™šæ‹Ÿæœº',NULL,_binary '',NULL,NULL,0),('1695821170257083','tomcat-pro05','192.168.100.99','pro','tomcat','æœºæˆ¿','aaaaaa',_binary '\0','2019-01-10 02:16:18','CentOS 7','4C 8G 40G','è™šæ‹Ÿæœº',NULL,_binary '',NULL,NULL,0),('1695929860104391','tomcat-test11','192.168.100.118','test','tomcat','æœºæˆ¿','aaaaaa',_binary '\0','2019-01-10 02:18:07','CentOS 7','4C 8G 40G','è™šæ‹Ÿæœº',NULL,_binary '',NULL,NULL,0),('1695929989128913','tomcat-test12','192.168.100.119','test','tomcat','æœºæˆ¿','aaaaaa',_binary '\0','2019-01-10 02:18:07','CentOS 7','4C 8G 40G','è™šæ‹Ÿæœº',NULL,_binary '',NULL,NULL,0),('1695930079578854','tomcat-test14','192.168.100.121','test','tomcat','æœºæˆ¿','aaaaaa',_binary '\0','2019-01-10 02:18:07','CentOS 7','4C 8G 40G','è™šæ‹Ÿæœº',NULL,_binary '',NULL,NULL,0),('1695930122657940','tomcat-test15','192.168.100.122','test','tomcat','æœºæˆ¿','aaaaaa',_binary '\0','2019-01-10 02:18:07','CentOS 7','4C 8G 40G','è™šæ‹Ÿæœº',NULL,_binary '',NULL,NULL,0),('1695978450380470','tomcat-pro06','192.168.100.128','pro','tomcat','æœºæˆ¿','aaaaaa',_binary '\0','2019-01-10 02:18:55','CentOS 7','4C 8G 40G','è™šæ‹Ÿæœº',NULL,_binary '',NULL,NULL,0),('1695978571229207','tomcat-pro07','192.168.100.129','pro','tomcat','æœºæˆ¿','aaaaaa',_binary '\0','2019-01-10 02:18:55','CentOS 7','4C 8G 40G','è™šæ‹Ÿæœº',NULL,_binary '',NULL,NULL,0),('1695978612978061','tomcat-pro08','192.168.100.130','pro','tomcat','æœºæˆ¿','aaaaaa',_binary '\0','2019-01-10 02:18:55','CentOS 7','4C 8G 40G','è™šæ‹Ÿæœº',NULL,_binary '',NULL,NULL,0),('1695978654573271','tomcat-pro09','192.168.100.131','pro','tomcat','æœºæˆ¿','aaaaaa',_binary '\0','2019-01-10 02:18:55','CentOS 7','4C 8G 40G','è™šæ‹Ÿæœº',NULL,_binary '',NULL,NULL,0),('1695978705102223','tomcat-pro10','192.168.100.132','pro','tomcat','æœºæˆ¿','aaaaaa',_binary '\0','2019-01-10 02:18:55','CentOS 7','4C 8G 40G','è™šæ‹Ÿæœº',NULL,_binary '',NULL,NULL,0),('1695978755035260','tomcat-pro11','192.168.100.133','pro','tomcat','æœºæˆ¿','aaaaaa',_binary '\0','2019-01-10 02:18:56','CentOS 7','4C 8G 40G','è™šæ‹Ÿæœº',NULL,_binary '',NULL,NULL,0),('1695978805744915','tomcat-pro12','192.168.100.134','pro','tomcat','æœºæˆ¿','aaaaaa',_binary '\0','2019-01-10 02:18:56','CentOS 7','4C 8G 40G','è™šæ‹Ÿæœº',NULL,_binary '',NULL,NULL,0),('1695978846292609','tomcat-pro13','192.168.100.135','pro','tomcat','æœºæˆ¿','aaaaaa',_binary '\0','2019-01-10 02:18:56','CentOS 7','4C 8G 40G','è™šæ‹Ÿæœº',NULL,_binary '',NULL,NULL,0),('1695978888028089','tomcat-pro14','192.168.100.136','pro','tomcat','æœºæˆ¿','aaaaaa',_binary '\0','2019-01-10 02:18:56','CentOS 7','4C 8G 40G','è™šæ‹Ÿæœº',NULL,_binary '',NULL,NULL,0),('1695978946289623','tomcat-pro15','192.168.100.137','pro','tomcat','æœºæˆ¿','aaaaaa',_binary '\0','2019-01-10 02:18:56','CentOS 7','4C 8G 40G','è™šæ‹Ÿæœº',NULL,_binary '',NULL,NULL,0),('1695978987767578','tomcat-pro16','192.168.100.138','pro','tomcat','æœºæˆ¿','aaaaaa',_binary '\0','2019-01-10 02:18:56','CentOS 7','4C 8G 40G','è™šæ‹Ÿæœº',NULL,_binary '',NULL,NULL,0),('1695979046505595','tomcat-pro17','192.168.100.139','pro','tomcat','æœºæˆ¿','aaaaaa',_binary '\0','2019-01-10 02:18:56','CentOS 7','4C 8G 40G','è™šæ‹Ÿæœº',NULL,_binary '',NULL,NULL,0),('1695979088665929','tomcat-pro18','192.168.100.140','pro','tomcat','æœºæˆ¿','aaaaaa',_binary '\0','2019-01-10 02:18:56','CentOS 7','4C 8G 40G','è™šæ‹Ÿæœº',NULL,_binary '',NULL,NULL,0),('1695979147239105','tomcat-pro19','192.168.100.141','pro','tomcat','æœºæˆ¿','aaaaaa',_binary '\0','2019-01-10 02:18:56','CentOS 7','4C 8G 40G','è™šæ‹Ÿæœº',NULL,_binary '',NULL,NULL,0),('1695979196858012','tomcat-pro20','192.168.100.142','pro','tomcat','æœºæˆ¿','aaaaaa',_binary '\0','2019-01-10 02:18:56','CentOS 7','4C 8G 40G','è™šæ‹Ÿæœº',NULL,_binary '',NULL,NULL,0),('1695979257322502','tomcat-pro21','192.168.100.143','pro','tomcat','æœºæˆ¿','aaaaaa',_binary '\0','2019-01-10 02:18:56','CentOS 7','4C 8G 40G','è™šæ‹Ÿæœº',NULL,_binary '',NULL,NULL,0),('1695979305477126','tomcat-pro22','192.168.100.144','pro','tomcat','æœºæˆ¿','aaaaaa',_binary '\0','2019-01-10 02:18:56','CentOS 7','4C 8G 40G','è™šæ‹Ÿæœº',NULL,_binary '',NULL,NULL,0),('1695979355117183','tomcat-pro23','192.168.100.145','pro','tomcat','æœºæˆ¿','aaaaaa',_binary '\0','2019-01-10 02:18:56','CentOS 7','4C 8G 40G','è™šæ‹Ÿæœº',NULL,_binary '',NULL,NULL,0),('1695979396732920','tomcat-pro24','192.168.100.146','pro','tomcat','æœºæˆ¿','aaaaaa',_binary '\0','2019-01-10 02:18:56','CentOS 7','4C 8G 40G','è™šæ‹Ÿæœº',NULL,_binary '',NULL,NULL,0),('1695979438744275','tomcat-pro25','192.168.100.147','pro','tomcat','æœºæˆ¿','aaaaaa',_binary '\0','2019-01-10 02:18:56','CentOS 7','4C 8G 40G','è™šæ‹Ÿæœº',NULL,_binary '',NULL,NULL,0),('1695979538253609','tomcat-pro26','192.168.100.148','pro','tomcat','æœºæˆ¿','aaaaaa',_binary '\0','2019-01-10 02:18:56','CentOS 7','4C 8G 40G','è™šæ‹Ÿæœº',NULL,_binary '',NULL,NULL,0),('1695979596703311','tomcat-pro27','192.168.100.149','pro','tomcat','æœºæˆ¿','aaaaaa',_binary '\0','2019-01-10 02:18:56','CentOS 7','4C 8G 40G','è™šæ‹Ÿæœº',NULL,_binary '',NULL,NULL,0),('1695979746792605','tomcat-pro28','192.168.100.150','pro','tomcat','æœºæˆ¿','aaaaaa',_binary '\0','2019-01-10 02:18:57','CentOS 7','4C 8G 40G','è™šæ‹Ÿæœº',NULL,_binary '',NULL,NULL,0),('1713516879100878','kafka-dev01','192.168.100.151','dev','kafka','æœºæˆ¿','aaaaaa',_binary '','2019-01-10 07:11:13','CentOS 7','4C 8G 40G','è™šæ‹Ÿæœº',NULL,_binary '',NULL,NULL,0),('1713517145251375','kafka-dev02','192.168.100.152','dev','kafka','æœºæˆ¿','aaaaaa',_binary '','2019-01-10 07:11:14','CentOS 7','4C 8G 40G','è™šæ‹Ÿæœº',NULL,_binary '',NULL,NULL,0),('1713517203769190','kafka-dev03','192.168.100.153','dev','kafka','æœºæˆ¿','aaaaaa',_binary '','2019-01-10 07:11:14','CentOS 7','4C 8G 40G','è™šæ‹Ÿæœº',NULL,_binary '',NULL,NULL,0),('1713517261785019','kafka-dev04','192.168.100.154','dev','kafka','æœºæˆ¿','aaaaaa',_binary '','2019-01-10 07:11:14','CentOS 7','4C 8G 40G','è™šæ‹Ÿæœº',NULL,_binary '',NULL,NULL,0),('1713517311815095','kafka-dev05','192.168.100.155','dev','kafka','æœºæˆ¿','aaaaaa',_binary '','2019-01-10 07:11:14','CentOS 7','4C 8G 40G','è™šæ‹Ÿæœº',NULL,_binary '',NULL,NULL,0),('1713517370380806','kafka-dev06','192.168.100.156','dev','kafka','æœºæˆ¿','aaaaaa',_binary '','2019-01-10 07:11:14','CentOS 7','4C 8G 40G','è™šæ‹Ÿæœº',NULL,_binary '',NULL,NULL,0),('1713517420249774','kafka-test07','192.168.100.157','test','kafka','æœºæˆ¿','aaaaaa',_binary '\0','2019-01-10 07:11:14','CentOS 7','4C 8G 40G','è™šæ‹Ÿæœº',NULL,_binary '',NULL,NULL,0),('1713517470465217','kafka-test08','192.168.100.158','test','kafka','æœºæˆ¿','aaaaaa',_binary '\0','2019-01-10 07:11:14','CentOS 7','4C 8G 40G','è™šæ‹Ÿæœº',NULL,_binary '',NULL,NULL,0),('1713517520243678','kafka-test09','192.168.100.159','test','kafka','æœºæˆ¿','aaaaaa',_binary '\0','2019-01-10 07:11:14','CentOS 7','4C 8G 40G','è™šæ‹Ÿæœº',NULL,_binary '',NULL,NULL,0),('1713517603925509','kafka-test10','192.168.100.160','test','kafka','æœºæˆ¿','aaaaaa',_binary '\0','2019-01-10 07:11:14','CentOS 7','4C 8G 40G','è™šæ‹Ÿæœº',NULL,_binary '',NULL,NULL,0),('1713517653605687','kafka-test11','192.168.100.161','test','kafka','æœºæˆ¿','aaaaaa',_binary '\0','2019-01-10 07:11:14','CentOS 7','4C 8G 40G','è™šæ‹Ÿæœº',NULL,_binary '',NULL,NULL,0),('1713517703672774','kafka-test12','192.168.100.162','test','kafka','æœºæˆ¿','aaaaaa',_binary '\0','2019-01-10 07:11:14','CentOS 7','4C 8G 40G','è™šæ‹Ÿæœº',NULL,_binary '',NULL,NULL,0),('1713517753680767','kafka-test13','192.168.100.163','test','kafka','æœºæˆ¿','aaaaaa',_binary '\0','2019-01-10 07:11:14','CentOS 7','4C 8G 40G','è™šæ‹Ÿæœº',NULL,_binary '',NULL,NULL,0),('1713517795261670','kafka-pro14','192.168.100.164','pro','kafka','æœºæˆ¿','aaaaaa',_binary '\0','2019-01-10 07:11:14','CentOS 7','4C 8G 40G','è™šæ‹Ÿæœº',NULL,_binary '',NULL,NULL,0),('1713517845247892','kafka-pro15','192.168.100.165','pro','kafka','æœºæˆ¿','aaaaaa',_binary '\0','2019-01-10 07:11:14','CentOS 7','4C 8G 40G','è™šæ‹Ÿæœº',NULL,_binary '',NULL,NULL,0),('1713517887053973','kafka-pro16','192.168.100.166','pro','kafka','æœºæˆ¿','aaaaaa',_binary '\0','2019-01-10 07:11:14','CentOS 7','4C 8G 40G','è™šæ‹Ÿæœº',NULL,_binary '',NULL,NULL,0),('1713517937059478','kafka-pro17','192.168.100.167','pro','kafka','æœºæˆ¿','aaaaaa',_binary '\0','2019-01-10 07:11:14','CentOS 7','4C 8G 40G','è™šæ‹Ÿæœº',NULL,_binary '',NULL,NULL,0),('1713517978445994','kafka-pro18','192.168.100.168','pro','kafka','æœºæˆ¿','aaaaaa',_binary '\0','2019-01-10 07:11:14','CentOS 7','4C 8G 40G','è™šæ‹Ÿæœº',NULL,_binary '',NULL,NULL,0),('1713518028883817','kafka-pro19','192.168.100.169','pro','kafka','æœºæˆ¿','aaaaaa',_binary '\0','2019-01-10 07:11:14','CentOS 7','4C 8G 40G','è™šæ‹Ÿæœº',NULL,_binary '',NULL,NULL,0),('1713518078819964','kafka-pro20','192.168.100.170','pro','kafka','æœºæˆ¿','aaaaaa',_binary '\0','2019-01-10 07:11:15','CentOS 7','4C 8G 40G','è™šæ‹Ÿæœº',NULL,_binary '',NULL,NULL,0),('1713518129088593','kafka-pro21','192.168.100.171','pro','kafka','æœºæˆ¿','aaaaaa',_binary '\0','2019-01-10 07:11:15','CentOS 7','4C 8G 40G','è™šæ‹Ÿæœº',NULL,_binary '',NULL,NULL,0),('1713518187010493','kafka-pro22','192.168.100.172','pro','kafka','æœºæˆ¿','aaaaaa',_binary '\0','2019-01-10 07:11:15','CentOS 7','4C 8G 40G','è™šæ‹Ÿæœº',NULL,_binary '',NULL,NULL,0),('1713518229271597','kafka-pro23','192.168.100.173','pro','kafka','æœºæˆ¿','aaaaaa',_binary '\0','2019-01-10 07:11:15','CentOS 7','4C 8G 40G','è™šæ‹Ÿæœº',NULL,_binary '',NULL,NULL,0);
/*!40000 ALTER TABLE `hosts` ENABLE KEYS */;
UNLOCK TABLES;

--
-- Table structure for table `kafka_cluster`
--

DROP TABLE IF EXISTS `kafka_cluster`;
/*!40101 SET @saved_cs_client     = @@character_set_client */;
 SET character_set_client = utf8mb4 ;
CREATE TABLE `kafka_cluster` (
  `clusterId` varchar(255) NOT NULL,
  `clusterName` varchar(255) NOT NULL,
  `clusterEnv` varchar(255) NOT NULL,
  `createdAt` datetime DEFAULT CURRENT_TIMESTAMP,
  PRIMARY KEY (`clusterId`),
  UNIQUE KEY `clusterName` (`clusterName`)
) ENGINE=InnoDB DEFAULT CHARSET=utf8mb4 COLLATE=utf8mb4_0900_ai_ci;
/*!40101 SET character_set_client = @saved_cs_client */;

--
-- Dumping data for table `kafka_cluster`
--

LOCK TABLES `kafka_cluster` WRITE;
/*!40000 ALTER TABLE `kafka_cluster` DISABLE KEYS */;
INSERT INTO `kafka_cluster` VALUES ('1547180718036','aaaa','dev','2019-01-11 12:24:18'),('1547182840899','9999','dev','2019-01-11 12:59:41');
/*!40000 ALTER TABLE `kafka_cluster` ENABLE KEYS */;
UNLOCK TABLES;

--
-- Table structure for table `oauth_access_token`
--

DROP TABLE IF EXISTS `oauth_access_token`;
/*!40101 SET @saved_cs_client     = @@character_set_client */;
 SET character_set_client = utf8mb4 ;
CREATE TABLE `oauth_access_token` (
  `create_time` timestamp NULL DEFAULT CURRENT_TIMESTAMP,
  `token_id` varchar(255) DEFAULT NULL,
  `token` blob,
  `authentication_id` varchar(255) DEFAULT NULL,
  `user_name` varchar(255) DEFAULT NULL,
  `client_id` varchar(255) DEFAULT NULL,
  `authentication` blob,
  `refresh_token` varchar(255) DEFAULT NULL
) ENGINE=InnoDB DEFAULT CHARSET=utf8;
/*!40101 SET character_set_client = @saved_cs_client */;

--
-- Dumping data for table `oauth_access_token`
--

LOCK TABLES `oauth_access_token` WRITE;
/*!40000 ALTER TABLE `oauth_access_token` DISABLE KEYS */;
INSERT INTO `oauth_access_token` VALUES ('2018-12-21 07:15:47','bd59809f690fbd4475da56d6f69c9f1d',_binary '¬\í\0sr\0Corg.springframework.security.oauth2.common.DefaultOAuth2AccessToken²6$ú\Î\0L\0additionalInformationt\0Ljava/util/Map;L\0\nexpirationt\0Ljava/util/Date;L\0refreshTokent\0?Lorg/springframework/security/oauth2/common/OAuth2RefreshToken;L\0scopet\0Ljava/util/Set;L\0	tokenTypet\0Ljava/lang/String;L\0valueq\0~\0xpsr\0java.util.Collections$EmptyMapY6…Z\Ü\ç\Ğ\0\0xpsr\0java.util.DatehjKYt\0\0xpw\0\0gÏ®‚\Ïxsr\0Lorg.springframework.security.oauth2.common.DefaultExpiringOAuth2RefreshToken/\ßGc\ĞÉ·\0L\0\nexpirationq\0~\0xr\0Dorg.springframework.security.oauth2.common.DefaultOAuth2RefreshTokens\á\ncT\Ô^\0L\0valueq\0~\0xpt\0$bd8d2e35-ef3a-44f6-ac1b-ba09c48dfa6esq\0~\0	w\0\0gÏ®‚\Ïxsr\0%java.util.Collections$UnmodifiableSet€’Ñ›€U\0\0xr\0,java.util.Collections$UnmodifiableCollectionB\0€\Ë^\÷\0L\0ct\0Ljava/util/Collection;xpsr\0java.util.LinkedHashSet\Øl\×Z•\İ*\0\0xr\0java.util.HashSetºD…•–¸·4\0\0xpw\0\0\0?@\0\0\0\0\0t\0readt\0writext\0bearert\0$4f3c15cf-4272-4e1f-b7ae-18e4173b1193','2414fcd669c18b6a2f40b4eb01cefdaf','Lucy','test',_binary '¬\í\0sr\0Aorg.springframework.security.oauth2.provider.OAuth2Authentication½@bR\0L\0\rstoredRequestt\0<Lorg/springframework/security/oauth2/provider/OAuth2Request;L\0userAuthenticationt\02Lorg/springframework/security/core/Authentication;xr\0Gorg.springframework.security.authentication.AbstractAuthenticationTokenÓª(~nGd\0Z\0\rauthenticatedL\0authoritiest\0Ljava/util/Collection;L\0detailst\0Ljava/lang/Object;xp\0sr\0&java.util.Collections$UnmodifiableListü%1µ\ì\0L\0listt\0Ljava/util/List;xr\0,java.util.Collections$UnmodifiableCollectionB\0€\Ë^\÷\0L\0cq\0~\0xpsr\0java.util.ArrayListx\Ò™\Ça\0I\0sizexp\0\0\0\0w\0\0\0\0xq\0~\0psr\0:org.springframework.security.oauth2.provider.OAuth2Request\0\0\0\0\0\0\0\0Z\0approvedL\0authoritiesq\0~\0L\0\nextensionst\0Ljava/util/Map;L\0redirectUrit\0Ljava/lang/String;L\0refresht\0;Lorg/springframework/security/oauth2/provider/TokenRequest;L\0resourceIdst\0Ljava/util/Set;L\0\rresponseTypesq\0~\0xr\08org.springframework.security.oauth2.provider.BaseRequest6(z>£qi½\0L\0clientIdq\0~\0L\0requestParametersq\0~\0L\0scopeq\0~\0xpt\0testsr\0%java.util.Collections$UnmodifiableMap\ñ¥¨şt\õB\0L\0mq\0~\0xpsr\0java.util.HashMap\ÚÁ\Ã`\Ñ\0F\0\nloadFactorI\0	thresholdxp?@\0\0\0\0\0w\0\0\0\0\0\0t\0\ngrant_typet\0passwordt\0usernamet\0Lucyxsr\0%java.util.Collections$UnmodifiableSet€’Ñ›€U\0\0xq\0~\0	sr\0java.util.LinkedHashSet\Øl\×Z•\İ*\0\0xr\0java.util.HashSetºD…•–¸·4\0\0xpw\0\0\0?@\0\0\0\0\0t\0readt\0writexsq\0~\0 w\0\0\0?@\0\0\0\0\0\0xsq\0~\0?@\0\0\0\0\0\0w\0\0\0\0\0\0\0xppsq\0~\0 w\0\0\0?@\0\0\0\0\0\0xsq\0~\0 w\0\0\0?@\0\0\0\0\0\0xsr\0Oorg.springframework.security.authentication.UsernamePasswordAuthenticationToken\0\0\0\0\0\0¤\0L\0credentialsq\0~\0L\0	principalq\0~\0xq\0~\0sq\0~\0sq\0~\0\0\0\0\0w\0\0\0\0xq\0~\0+sr\0java.util.LinkedHashMap4ÀN\\lÀû\0Z\0accessOrderxq\0~\0?@\0\0\0\0\0w\0\0\0\0\0\0q\0~\0q\0~\0\Zq\0~\0q\0~\0x\0psr\0-com.yunwei.weibbix.oauth.entity.MyUserDetails†\àY/®YÁ\0L\0usert\0 Lcom/yunwei/weibbix/entity/User;xr\02org.springframework.security.core.userdetails.User\0\0\0\0\0\0¤\0Z\0accountNonExpiredZ\0accountNonLockedZ\0credentialsNonExpiredZ\0enabledL\0authoritiesq\0~\0L\0passwordq\0~\0L\0usernameq\0~\0xpsq\0~\0sr\0java.util.TreeSetİ˜P“•\í‡[\0\0xpsr\0Forg.springframework.security.core.userdetails.User$AuthorityComparator\0\0\0\0\0\0¤\0\0xpw\0\0\0\0xpt\0Lucysr\0com.yunwei.weibbix.entity.User\ì<ƒ\ìH¬\0Z\0enabledL\0passwordq\0~\0L\0userIdt\0Ljava/lang/Integer;L\0userNameq\0~\0xpt\0<$2a$10$EJWZhlx2hrleT.BY3WmWa.4GyWhnG2pe7u6rIkOMmsailnz29Dh4asr\0java.lang.Integerâ ¤\÷‡8\0I\0valuexr\0java.lang.Number†¬•”\à‹\0\0xp\0\0\0q\0~\07','2f3c278dff3db21e5fed8c9fdee0c02e'),('2019-01-07 03:22:34','de60bc908cc6a2762d6858226cdebf05',_binary '¬\í\0sr\0Corg.springframework.security.oauth2.common.DefaultOAuth2AccessToken²6$ú\Î\0L\0additionalInformationt\0Ljava/util/Map;L\0\nexpirationt\0Ljava/util/Date;L\0refreshTokent\0?Lorg/springframework/security/oauth2/common/OAuth2RefreshToken;L\0scopet\0Ljava/util/Set;L\0	tokenTypet\0Ljava/lang/String;L\0valueq\0~\0xpsr\0java.util.Collections$EmptyMapY6…Z\Ü\ç\Ğ\0\0xpsr\0java.util.DatehjKYt\0\0xpw\0\0h+v]\Äxsr\0Lorg.springframework.security.oauth2.common.DefaultExpiringOAuth2RefreshToken/\ßGc\ĞÉ·\0L\0\nexpirationq\0~\0xr\0Dorg.springframework.security.oauth2.common.DefaultOAuth2RefreshTokens\á\ncT\Ô^\0L\0valueq\0~\0xpt\0$a6c8339f-0c10-4b29-9cb9-d9aef6946c9bsq\0~\0	w\0\0h+v]\Äxsr\0%java.util.Collections$UnmodifiableSet€’Ñ›€U\0\0xr\0,java.util.Collections$UnmodifiableCollectionB\0€\Ë^\÷\0L\0ct\0Ljava/util/Collection;xpsr\0java.util.LinkedHashSet\Øl\×Z•\İ*\0\0xr\0java.util.HashSetºD…•–¸·4\0\0xpw\0\0\0?@\0\0\0\0\0t\0readt\0writext\0bearert\0$a698831b-39fc-48da-9af3-5b5013219cbc','50fbeb030dcbbe41ecbfc1601b5dc1dc','user01','test',_binary '¬\í\0sr\0Aorg.springframework.security.oauth2.provider.OAuth2Authentication½@bR\0L\0\rstoredRequestt\0<Lorg/springframework/security/oauth2/provider/OAuth2Request;L\0userAuthenticationt\02Lorg/springframework/security/core/Authentication;xr\0Gorg.springframework.security.authentication.AbstractAuthenticationTokenÓª(~nGd\0Z\0\rauthenticatedL\0authoritiest\0Ljava/util/Collection;L\0detailst\0Ljava/lang/Object;xp\0sr\0&java.util.Collections$UnmodifiableListü%1µ\ì\0L\0listt\0Ljava/util/List;xr\0,java.util.Collections$UnmodifiableCollectionB\0€\Ë^\÷\0L\0cq\0~\0xpsr\0java.util.ArrayListx\Ò™\Ça\0I\0sizexp\0\0\0\0w\0\0\0\0xq\0~\0psr\0:org.springframework.security.oauth2.provider.OAuth2Request\0\0\0\0\0\0\0\0Z\0approvedL\0authoritiesq\0~\0L\0\nextensionst\0Ljava/util/Map;L\0redirectUrit\0Ljava/lang/String;L\0refresht\0;Lorg/springframework/security/oauth2/provider/TokenRequest;L\0resourceIdst\0Ljava/util/Set;L\0\rresponseTypesq\0~\0xr\08org.springframework.security.oauth2.provider.BaseRequest6(z>£qi½\0L\0clientIdq\0~\0L\0requestParametersq\0~\0L\0scopeq\0~\0xpt\0testsr\0%java.util.Collections$UnmodifiableMap\ñ¥¨şt\õB\0L\0mq\0~\0xpsr\0java.util.HashMap\ÚÁ\Ã`\Ñ\0F\0\nloadFactorI\0	thresholdxp?@\0\0\0\0\0w\0\0\0\0\0\0t\0\ngrant_typet\0passwordt\0	client_idt\0testt\0scopet\0\nread writet\0usernamet\0user01xsr\0%java.util.Collections$UnmodifiableSet€’Ñ›€U\0\0xq\0~\0	sr\0java.util.LinkedHashSet\Øl\×Z•\İ*\0\0xr\0java.util.HashSetºD…•–¸·4\0\0xpw\0\0\0?@\0\0\0\0\0t\0readt\0writexsq\0~\0$w\0\0\0?@\0\0\0\0\0\0xsq\0~\0?@\0\0\0\0\0\0w\0\0\0\0\0\0\0xppsq\0~\0$w\0\0\0?@\0\0\0\0\0\0xsq\0~\0$w\0\0\0?@\0\0\0\0\0\0xsr\0Oorg.springframework.security.authentication.UsernamePasswordAuthenticationToken\0\0\0\0\0\0¤\0L\0credentialsq\0~\0L\0	principalq\0~\0xq\0~\0sq\0~\0sq\0~\0\0\0\0\0w\0\0\0\0xq\0~\0/sr\0java.util.LinkedHashMap4ÀN\\lÀû\0Z\0accessOrderxq\0~\0?@\0\0\0\0\0w\0\0\0\0\0\0q\0~\0q\0~\0\Zq\0~\0q\0~\0t\0\rclient_secrett\0123456q\0~\0q\0~\0q\0~\0q\0~\0 x\0psr\0-com.yunwei.weibbix.oauth.entity.MyUserDetails†\àY/®YÁ\0L\0usert\0 Lcom/yunwei/weibbix/entity/User;xr\02org.springframework.security.core.userdetails.User\0\0\0\0\0\0¤\0Z\0accountNonExpiredZ\0accountNonLockedZ\0credentialsNonExpiredZ\0enabledL\0authoritiesq\0~\0L\0passwordq\0~\0L\0usernameq\0~\0xpsq\0~\0!sr\0java.util.TreeSetİ˜P“•\í‡[\0\0xpsr\0Forg.springframework.security.core.userdetails.User$AuthorityComparator\0\0\0\0\0\0¤\0\0xpw\0\0\0\0xpt\0user01sr\0com.yunwei.weibbix.entity.User^xX(:—n\0Z\0enabledL\0passwordq\0~\0L\0userIdt\0Ljava/math/BigInteger;L\0userNameq\0~\0xpt\0<$2a$10$0Q1DkfJowO/lnh.fuXOTIufhhBOMsGkd4UNR3gU7Wt4WIFlPHwSqSsr\0java.math.BigIntegerŒüŸ©;û\0I\0bitCountI\0	bitLengthI\0firstNonzeroByteNumI\0lowestSetBitI\0signum[\0	magnitudet\0[Bxr\0java.lang.Number†¬•”\à‹\0\0xpÿÿÿÿÿÿÿÿÿÿÿşÿÿÿş\0\0\0ur\0[B¬\óøT\à\0\0xp\0\0\06xq\0~\0=','d003e8abbe781a2c6c8457b397e3cedb'),('2019-01-07 03:27:24','a3591a258f61de06de1d983e30a609fc',_binary '¬\í\0sr\0Corg.springframework.security.oauth2.common.DefaultOAuth2AccessToken²6$ú\Î\0L\0additionalInformationt\0Ljava/util/Map;L\0\nexpirationt\0Ljava/util/Date;L\0refreshTokent\0?Lorg/springframework/security/oauth2/common/OAuth2RefreshToken;L\0scopet\0Ljava/util/Set;L\0	tokenTypet\0Ljava/lang/String;L\0valueq\0~\0xpsr\0java.util.Collections$EmptyMapY6…Z\Ü\ç\Ğ\0\0xpsr\0java.util.DatehjKYt\0\0xpw\0\0h+€{¾xsr\0Lorg.springframework.security.oauth2.common.DefaultExpiringOAuth2RefreshToken/\ßGc\ĞÉ·\0L\0\nexpirationq\0~\0xr\0Dorg.springframework.security.oauth2.common.DefaultOAuth2RefreshTokens\á\ncT\Ô^\0L\0valueq\0~\0xpt\0$86556f43-4b3c-41aa-9919-a092557b9beasq\0~\0	w\0\0h+€{¾xsr\0%java.util.Collections$UnmodifiableSet€’Ñ›€U\0\0xr\0,java.util.Collections$UnmodifiableCollectionB\0€\Ë^\÷\0L\0ct\0Ljava/util/Collection;xpsr\0java.util.LinkedHashSet\Øl\×Z•\İ*\0\0xr\0java.util.HashSetºD…•–¸·4\0\0xpw\0\0\0?@\0\0\0\0\0t\0readt\0writext\0bearert\0$2d9352f6-67e7-4ed8-aa95-94eedba0e7ec','df089fbe7801ec37c9aaa3264d9d0f55','Jim','test',_binary '¬\í\0sr\0Aorg.springframework.security.oauth2.provider.OAuth2Authentication½@bR\0L\0\rstoredRequestt\0<Lorg/springframework/security/oauth2/provider/OAuth2Request;L\0userAuthenticationt\02Lorg/springframework/security/core/Authentication;xr\0Gorg.springframework.security.authentication.AbstractAuthenticationTokenÓª(~nGd\0Z\0\rauthenticatedL\0authoritiest\0Ljava/util/Collection;L\0detailst\0Ljava/lang/Object;xp\0sr\0&java.util.Collections$UnmodifiableListü%1µ\ì\0L\0listt\0Ljava/util/List;xr\0,java.util.Collections$UnmodifiableCollectionB\0€\Ë^\÷\0L\0cq\0~\0xpsr\0java.util.ArrayListx\Ò™\Ça\0I\0sizexp\0\0\0\0w\0\0\0\0xq\0~\0psr\0:org.springframework.security.oauth2.provider.OAuth2Request\0\0\0\0\0\0\0\0Z\0approvedL\0authoritiesq\0~\0L\0\nextensionst\0Ljava/util/Map;L\0redirectUrit\0Ljava/lang/String;L\0refresht\0;Lorg/springframework/security/oauth2/provider/TokenRequest;L\0resourceIdst\0Ljava/util/Set;L\0\rresponseTypesq\0~\0xr\08org.springframework.security.oauth2.provider.BaseRequest6(z>£qi½\0L\0clientIdq\0~\0L\0requestParametersq\0~\0L\0scopeq\0~\0xpt\0testsr\0%java.util.Collections$UnmodifiableMap\ñ¥¨şt\õB\0L\0mq\0~\0xpsr\0java.util.HashMap\ÚÁ\Ã`\Ñ\0F\0\nloadFactorI\0	thresholdxp?@\0\0\0\0\0w\0\0\0\0\0\0t\0\ngrant_typet\0passwordt\0	client_idt\0testt\0scopet\0\nread writet\0usernamet\0jimxsr\0%java.util.Collections$UnmodifiableSet€’Ñ›€U\0\0xq\0~\0	sr\0java.util.LinkedHashSet\Øl\×Z•\İ*\0\0xr\0java.util.HashSetºD…•–¸·4\0\0xpw\0\0\0?@\0\0\0\0\0t\0readt\0writexsq\0~\0$w\0\0\0?@\0\0\0\0\0\0xsq\0~\0?@\0\0\0\0\0\0w\0\0\0\0\0\0\0xppsq\0~\0$w\0\0\0?@\0\0\0\0\0\0xsq\0~\0$w\0\0\0?@\0\0\0\0\0\0xsr\0Oorg.springframework.security.authentication.UsernamePasswordAuthenticationToken\0\0\0\0\0\0¤\0L\0credentialsq\0~\0L\0	principalq\0~\0xq\0~\0sq\0~\0sq\0~\0\0\0\0\0w\0\0\0\0xq\0~\0/sr\0java.util.LinkedHashMap4ÀN\\lÀû\0Z\0accessOrderxq\0~\0?@\0\0\0\0\0w\0\0\0\0\0\0q\0~\0q\0~\0\Zq\0~\0q\0~\0t\0\rclient_secrett\0123456q\0~\0q\0~\0q\0~\0q\0~\0 x\0psr\0-com.yunwei.weibbix.oauth.entity.MyUserDetails†\àY/®YÁ\0L\0usert\0 Lcom/yunwei/weibbix/entity/User;xr\02org.springframework.security.core.userdetails.User\0\0\0\0\0\0¤\0Z\0accountNonExpiredZ\0accountNonLockedZ\0credentialsNonExpiredZ\0enabledL\0authoritiesq\0~\0L\0passwordq\0~\0L\0usernameq\0~\0xpsq\0~\0!sr\0java.util.TreeSetİ˜P“•\í‡[\0\0xpsr\0Forg.springframework.security.core.userdetails.User$AuthorityComparator\0\0\0\0\0\0¤\0\0xpw\0\0\0\0xpt\0Jimsr\0com.yunwei.weibbix.entity.User^xX(:—n\0Z\0enabledL\0passwordq\0~\0L\0userIdt\0Ljava/math/BigInteger;L\0userNameq\0~\0xpt\0<$2a$10$navm4btGIX/WXxmTkExsbegfiNX52H/7CMq6hMpIBkb5Vnzf0Vm3Wsr\0java.math.BigIntegerŒüŸ©;û\0I\0bitCountI\0	bitLengthI\0firstNonzeroByteNumI\0lowestSetBitI\0signum[\0	magnitudet\0[Bxr\0java.lang.Number†¬•”\à‹\0\0xpÿÿÿÿÿÿÿÿÿÿÿşÿÿÿş\0\0\0ur\0[B¬\óøT\à\0\0xp\0\0\0Kxq\0~\0=','b54ce4b71282f65eba4ceaca7a301195'),('2019-01-07 03:34:23','eff995ab15e3e34dcc18d2e0ac9ae811',_binary '¬\í\0sr\0Corg.springframework.security.oauth2.common.DefaultOAuth2AccessToken²6$ú\Î\0L\0additionalInformationt\0Ljava/util/Map;L\0\nexpirationt\0Ljava/util/Date;L\0refreshTokent\0?Lorg/springframework/security/oauth2/common/OAuth2RefreshToken;L\0scopet\0Ljava/util/Set;L\0	tokenTypet\0Ljava/lang/String;L\0valueq\0~\0xpsr\0java.util.Collections$EmptyMapY6…Z\Ü\ç\Ğ\0\0xpsr\0java.util.DatehjKYt\0\0xpw\0\0h+_OOxsr\0Lorg.springframework.security.oauth2.common.DefaultExpiringOAuth2RefreshToken/\ßGc\ĞÉ·\0L\0\nexpirationq\0~\0xr\0Dorg.springframework.security.oauth2.common.DefaultOAuth2RefreshTokens\á\ncT\Ô^\0L\0valueq\0~\0xpt\0$fe251ed5-33bd-4321-b985-bbadffd55fcesq\0~\0	w\0\0h+_OOxsr\0%java.util.Collections$UnmodifiableSet€’Ñ›€U\0\0xr\0,java.util.Collections$UnmodifiableCollectionB\0€\Ë^\÷\0L\0ct\0Ljava/util/Collection;xpsr\0java.util.LinkedHashSet\Øl\×Z•\İ*\0\0xr\0java.util.HashSetºD…•–¸·4\0\0xpw\0\0\0?@\0\0\0\0\0t\0readt\0writext\0bearert\0$c96ca18b-188c-490a-bf88-94df2e7abc70','ee9732feabee89b53bba824700d1db5f','test-user4','test',_binary '¬\í\0sr\0Aorg.springframework.security.oauth2.provider.OAuth2Authentication½@bR\0L\0\rstoredRequestt\0<Lorg/springframework/security/oauth2/provider/OAuth2Request;L\0userAuthenticationt\02Lorg/springframework/security/core/Authentication;xr\0Gorg.springframework.security.authentication.AbstractAuthenticationTokenÓª(~nGd\0Z\0\rauthenticatedL\0authoritiest\0Ljava/util/Collection;L\0detailst\0Ljava/lang/Object;xp\0sr\0&java.util.Collections$UnmodifiableListü%1µ\ì\0L\0listt\0Ljava/util/List;xr\0,java.util.Collections$UnmodifiableCollectionB\0€\Ë^\÷\0L\0cq\0~\0xpsr\0java.util.ArrayListx\Ò™\Ça\0I\0sizexp\0\0\0\0w\0\0\0\0xq\0~\0psr\0:org.springframework.security.oauth2.provider.OAuth2Request\0\0\0\0\0\0\0\0Z\0approvedL\0authoritiesq\0~\0L\0\nextensionst\0Ljava/util/Map;L\0redirectUrit\0Ljava/lang/String;L\0refresht\0;Lorg/springframework/security/oauth2/provider/TokenRequest;L\0resourceIdst\0Ljava/util/Set;L\0\rresponseTypesq\0~\0xr\08org.springframework.security.oauth2.provider.BaseRequest6(z>£qi½\0L\0clientIdq\0~\0L\0requestParametersq\0~\0L\0scopeq\0~\0xpt\0testsr\0%java.util.Collections$UnmodifiableMap\ñ¥¨şt\õB\0L\0mq\0~\0xpsr\0java.util.HashMap\ÚÁ\Ã`\Ñ\0F\0\nloadFactorI\0	thresholdxp?@\0\0\0\0\0w\0\0\0\0\0\0t\0\ngrant_typet\0passwordt\0	client_idt\0testt\0scopet\0\nread writet\0usernamet\0\ntest-user4xsr\0%java.util.Collections$UnmodifiableSet€’Ñ›€U\0\0xq\0~\0	sr\0java.util.LinkedHashSet\Øl\×Z•\İ*\0\0xr\0java.util.HashSetºD…•–¸·4\0\0xpw\0\0\0?@\0\0\0\0\0t\0readt\0writexsq\0~\0$w\0\0\0?@\0\0\0\0\0\0xsq\0~\0?@\0\0\0\0\0\0w\0\0\0\0\0\0\0xppsq\0~\0$w\0\0\0?@\0\0\0\0\0\0xsq\0~\0$w\0\0\0?@\0\0\0\0\0\0xsr\0Oorg.springframework.security.authentication.UsernamePasswordAuthenticationToken\0\0\0\0\0\0¤\0L\0credentialsq\0~\0L\0	principalq\0~\0xq\0~\0sq\0~\0sq\0~\0\0\0\0\0w\0\0\0\0xq\0~\0/sr\0java.util.LinkedHashMap4ÀN\\lÀû\0Z\0accessOrderxq\0~\0?@\0\0\0\0\0w\0\0\0\0\0\0q\0~\0q\0~\0\Zq\0~\0q\0~\0t\0\rclient_secrett\0123456q\0~\0q\0~\0q\0~\0q\0~\0 x\0psr\0-com.yunwei.weibbix.oauth.entity.MyUserDetails†\àY/®YÁ\0L\0usert\0 Lcom/yunwei/weibbix/entity/User;xr\02org.springframework.security.core.userdetails.User\0\0\0\0\0\0¤\0Z\0accountNonExpiredZ\0accountNonLockedZ\0credentialsNonExpiredZ\0enabledL\0authoritiesq\0~\0L\0passwordq\0~\0L\0usernameq\0~\0xpsq\0~\0!sr\0java.util.TreeSetİ˜P“•\í‡[\0\0xpsr\0Forg.springframework.security.core.userdetails.User$AuthorityComparator\0\0\0\0\0\0¤\0\0xpw\0\0\0\0xpt\0\ntest-user4sr\0com.yunwei.weibbix.entity.User^xX(:—n\0Z\0enabledL\0passwordq\0~\0L\0userIdt\0Ljava/math/BigInteger;L\0userNameq\0~\0xpt\0<$2a$10$V.YBfJWMyeuufpaJ20b9Le7Ac.haYNokfP7ll6iD6yvTT5pXv0rTqsr\0java.math.BigIntegerŒüŸ©;û\0I\0bitCountI\0	bitLengthI\0firstNonzeroByteNumI\0lowestSetBitI\0signum[\0	magnitudet\0[Bxr\0java.lang.Number†¬•”\à‹\0\0xpÿÿÿÿÿÿÿÿÿÿÿşÿÿÿş\0\0\0ur\0[B¬\óøT\à\0\0xp\0\0\0\rxq\0~\0=','ff931c78902eb16e7549d33d7f0c2394'),('2019-02-01 01:03:43','c85dcdce3ac428005d8648af402e8480',_binary '¬\í\0sr\0Corg.springframework.security.oauth2.common.DefaultOAuth2AccessToken²6$ú\Î\0L\0additionalInformationt\0Ljava/util/Map;L\0\nexpirationt\0Ljava/util/Date;L\0refreshTokent\0?Lorg/springframework/security/oauth2/common/OAuth2RefreshToken;L\0scopet\0Ljava/util/Set;L\0	tokenTypet\0Ljava/lang/String;L\0valueq\0~\0xpsr\0java.util.Collections$EmptyMapY6…Z\Ü\ç\Ğ\0\0xpsr\0java.util.DatehjKYt\0\0xpw\0\0h«¼\Ä%xsr\0Lorg.springframework.security.oauth2.common.DefaultExpiringOAuth2RefreshToken/\ßGc\ĞÉ·\0L\0\nexpirationq\0~\0xr\0Dorg.springframework.security.oauth2.common.DefaultOAuth2RefreshTokens\á\ncT\Ô^\0L\0valueq\0~\0xpt\0$2866c32e-5308-40e9-ae08-b8d69ed5aee4sq\0~\0	w\0\0h«¼\Ä$xsr\0%java.util.Collections$UnmodifiableSet€’Ñ›€U\0\0xr\0,java.util.Collections$UnmodifiableCollectionB\0€\Ë^\÷\0L\0ct\0Ljava/util/Collection;xpsr\0java.util.LinkedHashSet\Øl\×Z•\İ*\0\0xr\0java.util.HashSetºD…•–¸·4\0\0xpw\0\0\0?@\0\0\0\0\0t\0readt\0writext\0bearert\0$2fa37fec-24a8-4c59-a7fc-ba2efef67a22','578e2a355d165ba24732043b788db7e6','admin','test',_binary '¬\í\0sr\0Aorg.springframework.security.oauth2.provider.OAuth2Authentication½@bR\0L\0\rstoredRequestt\0<Lorg/springframework/security/oauth2/provider/OAuth2Request;L\0userAuthenticationt\02Lorg/springframework/security/core/Authentication;xr\0Gorg.springframework.security.authentication.AbstractAuthenticationTokenÓª(~nGd\0Z\0\rauthenticatedL\0authoritiest\0Ljava/util/Collection;L\0detailst\0Ljava/lang/Object;xp\0sr\0&java.util.Collections$UnmodifiableListü%1µ\ì\0L\0listt\0Ljava/util/List;xr\0,java.util.Collections$UnmodifiableCollectionB\0€\Ë^\÷\0L\0cq\0~\0xpsr\0java.util.ArrayListx\Ò™\Ça\0I\0sizexp\0\0\0\0w\0\0\0\0xq\0~\0psr\0:org.springframework.security.oauth2.provider.OAuth2Request\0\0\0\0\0\0\0\0Z\0approvedL\0authoritiesq\0~\0L\0\nextensionst\0Ljava/util/Map;L\0redirectUrit\0Ljava/lang/String;L\0refresht\0;Lorg/springframework/security/oauth2/provider/TokenRequest;L\0resourceIdst\0Ljava/util/Set;L\0\rresponseTypesq\0~\0xr\08org.springframework.security.oauth2.provider.BaseRequest6(z>£qi½\0L\0clientIdq\0~\0L\0requestParametersq\0~\0L\0scopeq\0~\0xpt\0testsr\0%java.util.Collections$UnmodifiableMap\ñ¥¨şt\õB\0L\0mq\0~\0xpsr\0java.util.HashMap\ÚÁ\Ã`\Ñ\0F\0\nloadFactorI\0	thresholdxp?@\0\0\0\0\0w\0\0\0\0\0\0t\0\ngrant_typet\0passwordt\0	client_idt\0testt\0scopet\0\nread writet\0usernamet\0adminxsr\0%java.util.Collections$UnmodifiableSet€’Ñ›€U\0\0xq\0~\0	sr\0java.util.LinkedHashSet\Øl\×Z•\İ*\0\0xr\0java.util.HashSetºD…•–¸·4\0\0xpw\0\0\0?@\0\0\0\0\0t\0readt\0writexsq\0~\0$w\0\0\0?@\0\0\0\0\0\0xsq\0~\0?@\0\0\0\0\0\0w\0\0\0\0\0\0\0xppsq\0~\0$w\0\0\0?@\0\0\0\0\0\0xsq\0~\0$w\0\0\0?@\0\0\0\0\0\0xsr\0Oorg.springframework.security.authentication.UsernamePasswordAuthenticationToken\0\0\0\0\0\0¤\0L\0credentialsq\0~\0L\0	principalq\0~\0xq\0~\0sq\0~\0sq\0~\0\0\0\0\0w\0\0\0\0xq\0~\0/sr\0java.util.LinkedHashMap4ÀN\\lÀû\0Z\0accessOrderxq\0~\0?@\0\0\0\0\0w\0\0\0\0\0\0q\0~\0q\0~\0\Zq\0~\0q\0~\0t\0\rclient_secrett\0123456q\0~\0q\0~\0q\0~\0q\0~\0 x\0psr\0-com.yunwei.weibbix.oauth.entity.MyUserDetails†\àY/®YÁ\0L\0usert\0 Lcom/yunwei/weibbix/entity/User;xr\02org.springframework.security.core.userdetails.User\0\0\0\0\0\0¤\0Z\0accountNonExpiredZ\0accountNonLockedZ\0credentialsNonExpiredZ\0enabledL\0authoritiesq\0~\0L\0passwordq\0~\0L\0usernameq\0~\0xpsq\0~\0!sr\0java.util.TreeSetİ˜P“•\í‡[\0\0xpsr\0Forg.springframework.security.core.userdetails.User$AuthorityComparator\0\0\0\0\0\0¤\0\0xpw\0\0\0\0xpt\0adminsr\0com.yunwei.weibbix.entity.User^xX(:—n\0Z\0enabledL\0passwordq\0~\0L\0userIdt\0Ljava/math/BigInteger;L\0userNameq\0~\0xpt\0<$2a$10$rujM8XhL20KCln2aS9IgYuUbRDDoQKy3V3uuhvrKmwLcUtX3uRNBmsr\0java.math.BigIntegerŒüŸ©;û\0I\0bitCountI\0	bitLengthI\0firstNonzeroByteNumI\0lowestSetBitI\0signum[\0	magnitudet\0[Bxr\0java.lang.Number†¬•”\à‹\0\0xpÿÿÿÿÿÿÿÿÿÿÿşÿÿÿş\0\0\0ur\0[B¬\óøT\à\0\0xp\0\0\0xq\0~\0=','84606015fbc21491b31d85c2ae8bbc79');
/*!40000 ALTER TABLE `oauth_access_token` ENABLE KEYS */;
UNLOCK TABLES;

--
-- Table structure for table `oauth_refresh_token`
--

DROP TABLE IF EXISTS `oauth_refresh_token`;
/*!40101 SET @saved_cs_client     = @@character_set_client */;
 SET character_set_client = utf8mb4 ;
CREATE TABLE `oauth_refresh_token` (
  `create_time` timestamp NULL DEFAULT CURRENT_TIMESTAMP,
  `token_id` varchar(255) DEFAULT NULL,
  `token` blob,
  `authentication` blob
) ENGINE=InnoDB DEFAULT CHARSET=utf8;
/*!40101 SET character_set_client = @saved_cs_client */;

--
-- Dumping data for table `oauth_refresh_token`
--

LOCK TABLES `oauth_refresh_token` WRITE;
/*!40000 ALTER TABLE `oauth_refresh_token` DISABLE KEYS */;
INSERT INTO `oauth_refresh_token` VALUES ('2018-12-21 07:15:47','2f3c278dff3db21e5fed8c9fdee0c02e',_binary '¬\í\0sr\0Lorg.springframework.security.oauth2.common.DefaultExpiringOAuth2RefreshToken/\ßGc\ĞÉ·\0L\0\nexpirationt\0Ljava/util/Date;xr\0Dorg.springframework.security.oauth2.common.DefaultOAuth2RefreshTokens\á\ncT\Ô^\0L\0valuet\0Ljava/lang/String;xpt\0$bd8d2e35-ef3a-44f6-ac1b-ba09c48dfa6esr\0java.util.DatehjKYt\0\0xpw\0\0gÏ®‚\Ïx',_binary '¬\í\0sr\0Aorg.springframework.security.oauth2.provider.OAuth2Authentication½@bR\0L\0\rstoredRequestt\0<Lorg/springframework/security/oauth2/provider/OAuth2Request;L\0userAuthenticationt\02Lorg/springframework/security/core/Authentication;xr\0Gorg.springframework.security.authentication.AbstractAuthenticationTokenÓª(~nGd\0Z\0\rauthenticatedL\0authoritiest\0Ljava/util/Collection;L\0detailst\0Ljava/lang/Object;xp\0sr\0&java.util.Collections$UnmodifiableListü%1µ\ì\0L\0listt\0Ljava/util/List;xr\0,java.util.Collections$UnmodifiableCollectionB\0€\Ë^\÷\0L\0cq\0~\0xpsr\0java.util.ArrayListx\Ò™\Ça\0I\0sizexp\0\0\0\0w\0\0\0\0xq\0~\0psr\0:org.springframework.security.oauth2.provider.OAuth2Request\0\0\0\0\0\0\0\0Z\0approvedL\0authoritiesq\0~\0L\0\nextensionst\0Ljava/util/Map;L\0redirectUrit\0Ljava/lang/String;L\0refresht\0;Lorg/springframework/security/oauth2/provider/TokenRequest;L\0resourceIdst\0Ljava/util/Set;L\0\rresponseTypesq\0~\0xr\08org.springframework.security.oauth2.provider.BaseRequest6(z>£qi½\0L\0clientIdq\0~\0L\0requestParametersq\0~\0L\0scopeq\0~\0xpt\0testsr\0%java.util.Collections$UnmodifiableMap\ñ¥¨şt\õB\0L\0mq\0~\0xpsr\0java.util.HashMap\ÚÁ\Ã`\Ñ\0F\0\nloadFactorI\0	thresholdxp?@\0\0\0\0\0w\0\0\0\0\0\0t\0\ngrant_typet\0passwordt\0usernamet\0Lucyxsr\0%java.util.Collections$UnmodifiableSet€’Ñ›€U\0\0xq\0~\0	sr\0java.util.LinkedHashSet\Øl\×Z•\İ*\0\0xr\0java.util.HashSetºD…•–¸·4\0\0xpw\0\0\0?@\0\0\0\0\0t\0readt\0writexsq\0~\0 w\0\0\0?@\0\0\0\0\0\0xsq\0~\0?@\0\0\0\0\0\0w\0\0\0\0\0\0\0xppsq\0~\0 w\0\0\0?@\0\0\0\0\0\0xsq\0~\0 w\0\0\0?@\0\0\0\0\0\0xsr\0Oorg.springframework.security.authentication.UsernamePasswordAuthenticationToken\0\0\0\0\0\0¤\0L\0credentialsq\0~\0L\0	principalq\0~\0xq\0~\0sq\0~\0sq\0~\0\0\0\0\0w\0\0\0\0xq\0~\0+sr\0java.util.LinkedHashMap4ÀN\\lÀû\0Z\0accessOrderxq\0~\0?@\0\0\0\0\0w\0\0\0\0\0\0q\0~\0q\0~\0\Zq\0~\0q\0~\0x\0psr\0-com.yunwei.weibbix.oauth.entity.MyUserDetails†\àY/®YÁ\0L\0usert\0 Lcom/yunwei/weibbix/entity/User;xr\02org.springframework.security.core.userdetails.User\0\0\0\0\0\0¤\0Z\0accountNonExpiredZ\0accountNonLockedZ\0credentialsNonExpiredZ\0enabledL\0authoritiesq\0~\0L\0passwordq\0~\0L\0usernameq\0~\0xpsq\0~\0sr\0java.util.TreeSetİ˜P“•\í‡[\0\0xpsr\0Forg.springframework.security.core.userdetails.User$AuthorityComparator\0\0\0\0\0\0¤\0\0xpw\0\0\0\0xpt\0Lucysr\0com.yunwei.weibbix.entity.User\ì<ƒ\ìH¬\0Z\0enabledL\0passwordq\0~\0L\0userIdt\0Ljava/lang/Integer;L\0userNameq\0~\0xpt\0<$2a$10$EJWZhlx2hrleT.BY3WmWa.4GyWhnG2pe7u6rIkOMmsailnz29Dh4asr\0java.lang.Integerâ ¤\÷‡8\0I\0valuexr\0java.lang.Number†¬•”\à‹\0\0xp\0\0\0q\0~\07'),('2018-12-24 06:52:14','71950b10cf802a9166122d22b07ffac8',_binary '¬\í\0sr\0Lorg.springframework.security.oauth2.common.DefaultExpiringOAuth2RefreshToken/\ßGc\ĞÉ·\0L\0\nexpirationt\0Ljava/util/Date;xr\0Dorg.springframework.security.oauth2.common.DefaultOAuth2RefreshTokens\á\ncT\Ô^\0L\0valuet\0Ljava/lang/String;xpt\0$661ba58c-9af5-40a9-b03e-ec3c7367ef31sr\0java.util.DatehjKYt\0\0xpw\0\0g\ßx',_binary '¬\í\0sr\0Aorg.springframework.security.oauth2.provider.OAuth2Authentication½@bR\0L\0\rstoredRequestt\0<Lorg/springframework/security/oauth2/provider/OAuth2Request;L\0userAuthenticationt\02Lorg/springframework/security/core/Authentication;xr\0Gorg.springframework.security.authentication.AbstractAuthenticationTokenÓª(~nGd\0Z\0\rauthenticatedL\0authoritiest\0Ljava/util/Collection;L\0detailst\0Ljava/lang/Object;xp\0sr\0&java.util.Collections$UnmodifiableListü%1µ\ì\0L\0listt\0Ljava/util/List;xr\0,java.util.Collections$UnmodifiableCollectionB\0€\Ë^\÷\0L\0cq\0~\0xpsr\0java.util.ArrayListx\Ò™\Ça\0I\0sizexp\0\0\0\0w\0\0\0\0xq\0~\0psr\0:org.springframework.security.oauth2.provider.OAuth2Request\0\0\0\0\0\0\0\0Z\0approvedL\0authoritiesq\0~\0L\0\nextensionst\0Ljava/util/Map;L\0redirectUrit\0Ljava/lang/String;L\0refresht\0;Lorg/springframework/security/oauth2/provider/TokenRequest;L\0resourceIdst\0Ljava/util/Set;L\0\rresponseTypesq\0~\0xr\08org.springframework.security.oauth2.provider.BaseRequest6(z>£qi½\0L\0clientIdq\0~\0L\0requestParametersq\0~\0L\0scopeq\0~\0xpt\0testsr\0%java.util.Collections$UnmodifiableMap\ñ¥¨şt\õB\0L\0mq\0~\0xpsr\0java.util.HashMap\ÚÁ\Ã`\Ñ\0F\0\nloadFactorI\0	thresholdxp?@\0\0\0\0\0w\0\0\0\0\0\0t\0\ngrant_typet\0passwordt\0	client_idt\0testt\0scopet\0\nread writet\0usernamet\0\ntest-user4xsr\0%java.util.Collections$UnmodifiableSet€’Ñ›€U\0\0xq\0~\0	sr\0java.util.LinkedHashSet\Øl\×Z•\İ*\0\0xr\0java.util.HashSetºD…•–¸·4\0\0xpw\0\0\0?@\0\0\0\0\0t\0readt\0writexsq\0~\0$w\0\0\0?@\0\0\0\0\0\0xsq\0~\0?@\0\0\0\0\0\0w\0\0\0\0\0\0\0xppsq\0~\0$w\0\0\0?@\0\0\0\0\0\0xsq\0~\0$w\0\0\0?@\0\0\0\0\0\0xsr\0Oorg.springframework.security.authentication.UsernamePasswordAuthenticationToken\0\0\0\0\0\0¤\0L\0credentialsq\0~\0L\0	principalq\0~\0xq\0~\0sq\0~\0sq\0~\0\0\0\0\0w\0\0\0\0xq\0~\0/sr\0java.util.LinkedHashMap4ÀN\\lÀû\0Z\0accessOrderxq\0~\0?@\0\0\0\0\0w\0\0\0\0\0\0q\0~\0q\0~\0\Zq\0~\0q\0~\0t\0\rclient_secrett\0123456q\0~\0q\0~\0q\0~\0q\0~\0 x\0psr\0-com.yunwei.weibbix.oauth.entity.MyUserDetails†\àY/®YÁ\0L\0usert\0 Lcom/yunwei/weibbix/entity/User;xr\02org.springframework.security.core.userdetails.User\0\0\0\0\0\0¤\0Z\0accountNonExpiredZ\0accountNonLockedZ\0credentialsNonExpiredZ\0enabledL\0authoritiesq\0~\0L\0passwordq\0~\0L\0usernameq\0~\0xpsq\0~\0!sr\0java.util.TreeSetİ˜P“•\í‡[\0\0xpsr\0Forg.springframework.security.core.userdetails.User$AuthorityComparator\0\0\0\0\0\0¤\0\0xpw\0\0\0\0xpt\0\ntest-user4sr\0com.yunwei.weibbix.entity.User\ì<ƒ\ìH¬\0Z\0enabledL\0passwordq\0~\0L\0userIdt\0Ljava/lang/Integer;L\0userNameq\0~\0xpt\0<$2a$10$V.YBfJWMyeuufpaJ20b9Le7Ac.haYNokfP7ll6iD6yvTT5pXv0rTqsr\0java.lang.Integerâ ¤\÷‡8\0I\0valuexr\0java.lang.Number†¬•”\à‹\0\0xp\0\0\0\rq\0~\0='),('2018-12-24 07:15:13','44226a6891d14d9ff55952e7d318fe95',_binary '¬\í\0sr\0Lorg.springframework.security.oauth2.common.DefaultExpiringOAuth2RefreshToken/\ßGc\ĞÉ·\0L\0\nexpirationt\0Ljava/util/Date;xr\0Dorg.springframework.security.oauth2.common.DefaultOAuth2RefreshTokens\á\ncT\Ô^\0L\0valuet\0Ljava/lang/String;xpt\0$d55e3e82-d1c0-4f87-9e43-0ebbe9af6555sr\0java.util.DatehjKYt\0\0xpw\0\0g\ß!%*x',_binary '¬\í\0sr\0Aorg.springframework.security.oauth2.provider.OAuth2Authentication½@bR\0L\0\rstoredRequestt\0<Lorg/springframework/security/oauth2/provider/OAuth2Request;L\0userAuthenticationt\02Lorg/springframework/security/core/Authentication;xr\0Gorg.springframework.security.authentication.AbstractAuthenticationTokenÓª(~nGd\0Z\0\rauthenticatedL\0authoritiest\0Ljava/util/Collection;L\0detailst\0Ljava/lang/Object;xp\0sr\0&java.util.Collections$UnmodifiableListü%1µ\ì\0L\0listt\0Ljava/util/List;xr\0,java.util.Collections$UnmodifiableCollectionB\0€\Ë^\÷\0L\0cq\0~\0xpsr\0java.util.ArrayListx\Ò™\Ça\0I\0sizexp\0\0\0\0w\0\0\0\0xq\0~\0psr\0:org.springframework.security.oauth2.provider.OAuth2Request\0\0\0\0\0\0\0\0Z\0approvedL\0authoritiesq\0~\0L\0\nextensionst\0Ljava/util/Map;L\0redirectUrit\0Ljava/lang/String;L\0refresht\0;Lorg/springframework/security/oauth2/provider/TokenRequest;L\0resourceIdst\0Ljava/util/Set;L\0\rresponseTypesq\0~\0xr\08org.springframework.security.oauth2.provider.BaseRequest6(z>£qi½\0L\0clientIdq\0~\0L\0requestParametersq\0~\0L\0scopeq\0~\0xpt\0testsr\0%java.util.Collections$UnmodifiableMap\ñ¥¨şt\õB\0L\0mq\0~\0xpsr\0java.util.HashMap\ÚÁ\Ã`\Ñ\0F\0\nloadFactorI\0	thresholdxp?@\0\0\0\0\0w\0\0\0\0\0\0t\0\ngrant_typet\0passwordt\0usernamet\0\ntest-user4xsr\0%java.util.Collections$UnmodifiableSet€’Ñ›€U\0\0xq\0~\0	sr\0java.util.LinkedHashSet\Øl\×Z•\İ*\0\0xr\0java.util.HashSetºD…•–¸·4\0\0xpw\0\0\0?@\0\0\0\0\0t\0readt\0writexsq\0~\0 w\0\0\0?@\0\0\0\0\0\0xsq\0~\0?@\0\0\0\0\0\0w\0\0\0\0\0\0\0xppsq\0~\0 w\0\0\0?@\0\0\0\0\0\0xsq\0~\0 w\0\0\0?@\0\0\0\0\0\0xsr\0Oorg.springframework.security.authentication.UsernamePasswordAuthenticationToken\0\0\0\0\0\0¤\0L\0credentialsq\0~\0L\0	principalq\0~\0xq\0~\0sq\0~\0sq\0~\0\0\0\0\0w\0\0\0\0xq\0~\0+sr\0java.util.LinkedHashMap4ÀN\\lÀû\0Z\0accessOrderxq\0~\0?@\0\0\0\0\0w\0\0\0\0\0\0q\0~\0q\0~\0\Zq\0~\0q\0~\0x\0psr\0-com.yunwei.weibbix.oauth.entity.MyUserDetails†\àY/®YÁ\0L\0usert\0 Lcom/yunwei/weibbix/entity/User;xr\02org.springframework.security.core.userdetails.User\0\0\0\0\0\0¤\0Z\0accountNonExpiredZ\0accountNonLockedZ\0credentialsNonExpiredZ\0enabledL\0authoritiesq\0~\0L\0passwordq\0~\0L\0usernameq\0~\0xpsq\0~\0sr\0java.util.TreeSetİ˜P“•\í‡[\0\0xpsr\0Forg.springframework.security.core.userdetails.User$AuthorityComparator\0\0\0\0\0\0¤\0\0xpw\0\0\0\0xpt\0\ntest-user4sr\0com.yunwei.weibbix.entity.User\ì<ƒ\ìH¬\0Z\0enabledL\0passwordq\0~\0L\0userIdt\0Ljava/lang/Integer;L\0userNameq\0~\0xpt\0<$2a$10$V.YBfJWMyeuufpaJ20b9Le7Ac.haYNokfP7ll6iD6yvTT5pXv0rTqsr\0java.lang.Integerâ ¤\÷‡8\0I\0valuexr\0java.lang.Number†¬•”\à‹\0\0xp\0\0\0\rq\0~\07'),('2018-12-25 08:51:01','861e2d2f34f536f90e81ebf0a074e020',_binary '¬\í\0sr\0Lorg.springframework.security.oauth2.common.DefaultExpiringOAuth2RefreshToken/\ßGc\ĞÉ·\0L\0\nexpirationt\0Ljava/util/Date;xr\0Dorg.springframework.security.oauth2.common.DefaultOAuth2RefreshTokens\á\ncT\Ô^\0L\0valuet\0Ljava/lang/String;xpt\0$323437b1-180c-423e-8016-b12bd96d1678sr\0java.util.DatehjKYt\0\0xpw\0\0g\é¶J\êx',_binary '¬\í\0sr\0Aorg.springframework.security.oauth2.provider.OAuth2Authentication½@bR\0L\0\rstoredRequestt\0<Lorg/springframework/security/oauth2/provider/OAuth2Request;L\0userAuthenticationt\02Lorg/springframework/security/core/Authentication;xr\0Gorg.springframework.security.authentication.AbstractAuthenticationTokenÓª(~nGd\0Z\0\rauthenticatedL\0authoritiest\0Ljava/util/Collection;L\0detailst\0Ljava/lang/Object;xp\0sr\0&java.util.Collections$UnmodifiableListü%1µ\ì\0L\0listt\0Ljava/util/List;xr\0,java.util.Collections$UnmodifiableCollectionB\0€\Ë^\÷\0L\0cq\0~\0xpsr\0java.util.ArrayListx\Ò™\Ça\0I\0sizexp\0\0\0\0w\0\0\0\0xq\0~\0psr\0:org.springframework.security.oauth2.provider.OAuth2Request\0\0\0\0\0\0\0\0Z\0approvedL\0authoritiesq\0~\0L\0\nextensionst\0Ljava/util/Map;L\0redirectUrit\0Ljava/lang/String;L\0refresht\0;Lorg/springframework/security/oauth2/provider/TokenRequest;L\0resourceIdst\0Ljava/util/Set;L\0\rresponseTypesq\0~\0xr\08org.springframework.security.oauth2.provider.BaseRequest6(z>£qi½\0L\0clientIdq\0~\0L\0requestParametersq\0~\0L\0scopeq\0~\0xpt\0testsr\0%java.util.Collections$UnmodifiableMap\ñ¥¨şt\õB\0L\0mq\0~\0xpsr\0java.util.HashMap\ÚÁ\Ã`\Ñ\0F\0\nloadFactorI\0	thresholdxp?@\0\0\0\0\0w\0\0\0\0\0\0t\0\ngrant_typet\0passwordt\0	client_idt\0testt\0scopet\0\nread writet\0usernamet\0\ntest-user4xsr\0%java.util.Collections$UnmodifiableSet€’Ñ›€U\0\0xq\0~\0	sr\0java.util.LinkedHashSet\Øl\×Z•\İ*\0\0xr\0java.util.HashSetºD…•–¸·4\0\0xpw\0\0\0?@\0\0\0\0\0t\0readt\0writexsq\0~\0$w\0\0\0?@\0\0\0\0\0\0xsq\0~\0?@\0\0\0\0\0\0w\0\0\0\0\0\0\0xppsq\0~\0$w\0\0\0?@\0\0\0\0\0\0xsq\0~\0$w\0\0\0?@\0\0\0\0\0\0xsr\0Oorg.springframework.security.authentication.UsernamePasswordAuthenticationToken\0\0\0\0\0\0¤\0L\0credentialsq\0~\0L\0	principalq\0~\0xq\0~\0sq\0~\0sq\0~\0\0\0\0\0w\0\0\0\0xq\0~\0/sr\0java.util.LinkedHashMap4ÀN\\lÀû\0Z\0accessOrderxq\0~\0?@\0\0\0\0\0w\0\0\0\0\0\0q\0~\0q\0~\0\Zq\0~\0q\0~\0t\0\rclient_secrett\0123456q\0~\0q\0~\0q\0~\0q\0~\0 x\0psr\0-com.yunwei.weibbix.oauth.entity.MyUserDetails†\àY/®YÁ\0L\0usert\0 Lcom/yunwei/weibbix/entity/User;xr\02org.springframework.security.core.userdetails.User\0\0\0\0\0\0¤\0Z\0accountNonExpiredZ\0accountNonLockedZ\0credentialsNonExpiredZ\0enabledL\0authoritiesq\0~\0L\0passwordq\0~\0L\0usernameq\0~\0xpsq\0~\0!sr\0java.util.TreeSetİ˜P“•\í‡[\0\0xpsr\0Forg.springframework.security.core.userdetails.User$AuthorityComparator\0\0\0\0\0\0¤\0\0xpw\0\0\0\0xpt\0\ntest-user4sr\0com.yunwei.weibbix.entity.User\ì<ƒ\ìH¬\0Z\0enabledL\0passwordq\0~\0L\0userIdt\0Ljava/lang/Integer;L\0userNameq\0~\0xpt\0<$2a$10$V.YBfJWMyeuufpaJ20b9Le7Ac.haYNokfP7ll6iD6yvTT5pXv0rTqsr\0java.lang.Integerâ ¤\÷‡8\0I\0valuexr\0java.lang.Number†¬•”\à‹\0\0xp\0\0\0\rq\0~\0='),('2018-12-26 08:52:55','4044238089f1c158599f313e0858d21a',_binary '¬\í\0sr\0Lorg.springframework.security.oauth2.common.DefaultExpiringOAuth2RefreshToken/\ßGc\ĞÉ·\0L\0\nexpirationt\0Ljava/util/Date;xr\0Dorg.springframework.security.oauth2.common.DefaultOAuth2RefreshTokens\á\ncT\Ô^\0L\0valuet\0Ljava/lang/String;xpt\0$7b0488dd-68e2-4d39-847e-b2087cae6f5esr\0java.util.DatehjKYt\0\0xpw\0\0g\î\Şlx',_binary '¬\í\0sr\0Aorg.springframework.security.oauth2.provider.OAuth2Authentication½@bR\0L\0\rstoredRequestt\0<Lorg/springframework/security/oauth2/provider/OAuth2Request;L\0userAuthenticationt\02Lorg/springframework/security/core/Authentication;xr\0Gorg.springframework.security.authentication.AbstractAuthenticationTokenÓª(~nGd\0Z\0\rauthenticatedL\0authoritiest\0Ljava/util/Collection;L\0detailst\0Ljava/lang/Object;xp\0sr\0&java.util.Collections$UnmodifiableListü%1µ\ì\0L\0listt\0Ljava/util/List;xr\0,java.util.Collections$UnmodifiableCollectionB\0€\Ë^\÷\0L\0cq\0~\0xpsr\0java.util.ArrayListx\Ò™\Ça\0I\0sizexp\0\0\0\0w\0\0\0\0xq\0~\0psr\0:org.springframework.security.oauth2.provider.OAuth2Request\0\0\0\0\0\0\0\0Z\0approvedL\0authoritiesq\0~\0L\0\nextensionst\0Ljava/util/Map;L\0redirectUrit\0Ljava/lang/String;L\0refresht\0;Lorg/springframework/security/oauth2/provider/TokenRequest;L\0resourceIdst\0Ljava/util/Set;L\0\rresponseTypesq\0~\0xr\08org.springframework.security.oauth2.provider.BaseRequest6(z>£qi½\0L\0clientIdq\0~\0L\0requestParametersq\0~\0L\0scopeq\0~\0xpt\0testsr\0%java.util.Collections$UnmodifiableMap\ñ¥¨şt\õB\0L\0mq\0~\0xpsr\0java.util.HashMap\ÚÁ\Ã`\Ñ\0F\0\nloadFactorI\0	thresholdxp?@\0\0\0\0\0w\0\0\0\0\0\0t\0\ngrant_typet\0passwordt\0	client_idt\0testt\0scopet\0\nread writet\0usernamet\0\ntest-user4xsr\0%java.util.Collections$UnmodifiableSet€’Ñ›€U\0\0xq\0~\0	sr\0java.util.LinkedHashSet\Øl\×Z•\İ*\0\0xr\0java.util.HashSetºD…•–¸·4\0\0xpw\0\0\0?@\0\0\0\0\0t\0readt\0writexsq\0~\0$w\0\0\0?@\0\0\0\0\0\0xsq\0~\0?@\0\0\0\0\0\0w\0\0\0\0\0\0\0xppsq\0~\0$w\0\0\0?@\0\0\0\0\0\0xsq\0~\0$w\0\0\0?@\0\0\0\0\0\0xsr\0Oorg.springframework.security.authentication.UsernamePasswordAuthenticationToken\0\0\0\0\0\0¤\0L\0credentialsq\0~\0L\0	principalq\0~\0xq\0~\0sq\0~\0sq\0~\0\0\0\0\0w\0\0\0\0xq\0~\0/sr\0java.util.LinkedHashMap4ÀN\\lÀû\0Z\0accessOrderxq\0~\0?@\0\0\0\0\0w\0\0\0\0\0\0q\0~\0q\0~\0\Zq\0~\0q\0~\0t\0\rclient_secrett\0123456q\0~\0q\0~\0q\0~\0q\0~\0 x\0psr\0-com.yunwei.weibbix.oauth.entity.MyUserDetails†\àY/®YÁ\0L\0usert\0 Lcom/yunwei/weibbix/entity/User;xr\02org.springframework.security.core.userdetails.User\0\0\0\0\0\0¤\0Z\0accountNonExpiredZ\0accountNonLockedZ\0credentialsNonExpiredZ\0enabledL\0authoritiesq\0~\0L\0passwordq\0~\0L\0usernameq\0~\0xpsq\0~\0!sr\0java.util.TreeSetİ˜P“•\í‡[\0\0xpsr\0Forg.springframework.security.core.userdetails.User$AuthorityComparator\0\0\0\0\0\0¤\0\0xpw\0\0\0\0xpt\0\ntest-user4sr\0com.yunwei.weibbix.entity.User\ì<ƒ\ìH¬\0Z\0enabledL\0passwordq\0~\0L\0userIdt\0Ljava/lang/Integer;L\0userNameq\0~\0xpt\0<$2a$10$V.YBfJWMyeuufpaJ20b9Le7Ac.haYNokfP7ll6iD6yvTT5pXv0rTqsr\0java.lang.Integerâ ¤\÷‡8\0I\0valuexr\0java.lang.Number†¬•”\à‹\0\0xp\0\0\0\rq\0~\0='),('2018-12-27 08:55:50','6a6d544e2a1592c50f484dfa69fb04cb',_binary '¬\í\0sr\0Lorg.springframework.security.oauth2.common.DefaultExpiringOAuth2RefreshToken/\ßGc\ĞÉ·\0L\0\nexpirationt\0Ljava/util/Date;xr\0Dorg.springframework.security.oauth2.common.DefaultOAuth2RefreshTokens\á\ncT\Ô^\0L\0valuet\0Ljava/lang/String;xpt\0$1f092115-9609-4f95-9fee-6a90181bfd1bsr\0java.util.DatehjKYt\0\0xpw\0\0g\ôwˆx',_binary '¬\í\0sr\0Aorg.springframework.security.oauth2.provider.OAuth2Authentication½@bR\0L\0\rstoredRequestt\0<Lorg/springframework/security/oauth2/provider/OAuth2Request;L\0userAuthenticationt\02Lorg/springframework/security/core/Authentication;xr\0Gorg.springframework.security.authentication.AbstractAuthenticationTokenÓª(~nGd\0Z\0\rauthenticatedL\0authoritiest\0Ljava/util/Collection;L\0detailst\0Ljava/lang/Object;xp\0sr\0&java.util.Collections$UnmodifiableListü%1µ\ì\0L\0listt\0Ljava/util/List;xr\0,java.util.Collections$UnmodifiableCollectionB\0€\Ë^\÷\0L\0cq\0~\0xpsr\0java.util.ArrayListx\Ò™\Ça\0I\0sizexp\0\0\0\0w\0\0\0\0xq\0~\0psr\0:org.springframework.security.oauth2.provider.OAuth2Request\0\0\0\0\0\0\0\0Z\0approvedL\0authoritiesq\0~\0L\0\nextensionst\0Ljava/util/Map;L\0redirectUrit\0Ljava/lang/String;L\0refresht\0;Lorg/springframework/security/oauth2/provider/TokenRequest;L\0resourceIdst\0Ljava/util/Set;L\0\rresponseTypesq\0~\0xr\08org.springframework.security.oauth2.provider.BaseRequest6(z>£qi½\0L\0clientIdq\0~\0L\0requestParametersq\0~\0L\0scopeq\0~\0xpt\0testsr\0%java.util.Collections$UnmodifiableMap\ñ¥¨şt\õB\0L\0mq\0~\0xpsr\0java.util.HashMap\ÚÁ\Ã`\Ñ\0F\0\nloadFactorI\0	thresholdxp?@\0\0\0\0\0w\0\0\0\0\0\0t\0\ngrant_typet\0passwordt\0	client_idt\0testt\0scopet\0\nread writet\0usernamet\0\ntest-user4xsr\0%java.util.Collections$UnmodifiableSet€’Ñ›€U\0\0xq\0~\0	sr\0java.util.LinkedHashSet\Øl\×Z•\İ*\0\0xr\0java.util.HashSetºD…•–¸·4\0\0xpw\0\0\0?@\0\0\0\0\0t\0readt\0writexsq\0~\0$w\0\0\0?@\0\0\0\0\0\0xsq\0~\0?@\0\0\0\0\0\0w\0\0\0\0\0\0\0xppsq\0~\0$w\0\0\0?@\0\0\0\0\0\0xsq\0~\0$w\0\0\0?@\0\0\0\0\0\0xsr\0Oorg.springframework.security.authentication.UsernamePasswordAuthenticationToken\0\0\0\0\0\0¤\0L\0credentialsq\0~\0L\0	principalq\0~\0xq\0~\0sq\0~\0sq\0~\0\0\0\0\0w\0\0\0\0xq\0~\0/sr\0java.util.LinkedHashMap4ÀN\\lÀû\0Z\0accessOrderxq\0~\0?@\0\0\0\0\0w\0\0\0\0\0\0q\0~\0q\0~\0\Zq\0~\0q\0~\0t\0\rclient_secrett\0123456q\0~\0q\0~\0q\0~\0q\0~\0 x\0psr\0-com.yunwei.weibbix.oauth.entity.MyUserDetails†\àY/®YÁ\0L\0usert\0 Lcom/yunwei/weibbix/entity/User;xr\02org.springframework.security.core.userdetails.User\0\0\0\0\0\0¤\0Z\0accountNonExpiredZ\0accountNonLockedZ\0credentialsNonExpiredZ\0enabledL\0authoritiesq\0~\0L\0passwordq\0~\0L\0usernameq\0~\0xpsq\0~\0!sr\0java.util.TreeSetİ˜P“•\í‡[\0\0xpsr\0Forg.springframework.security.core.userdetails.User$AuthorityComparator\0\0\0\0\0\0¤\0\0xpw\0\0\0\0xpt\0\ntest-user4sr\0com.yunwei.weibbix.entity.User\ì<ƒ\ìH¬\0Z\0enabledL\0passwordq\0~\0L\0userIdt\0Ljava/lang/Integer;L\0userNameq\0~\0xpt\0<$2a$10$V.YBfJWMyeuufpaJ20b9Le7Ac.haYNokfP7ll6iD6yvTT5pXv0rTqsr\0java.lang.Integerâ ¤\÷‡8\0I\0valuexr\0java.lang.Number†¬•”\à‹\0\0xp\0\0\0\rq\0~\0='),('2018-12-28 03:51:58','9a26ed13d756fbe589ad8ca49544ceea',_binary '¬\í\0sr\0Lorg.springframework.security.oauth2.common.DefaultExpiringOAuth2RefreshToken/\ßGc\ĞÉ·\0L\0\nexpirationt\0Ljava/util/Date;xr\0Dorg.springframework.security.oauth2.common.DefaultOAuth2RefreshTokens\á\ncT\Ô^\0L\0valuet\0Ljava/lang/String;xpt\0$48f258e3-d572-4721-b87b-8418fbbdff21sr\0java.util.DatehjKYt\0\0xpw\0\0gø¤ıx',_binary '¬\í\0sr\0Aorg.springframework.security.oauth2.provider.OAuth2Authentication½@bR\0L\0\rstoredRequestt\0<Lorg/springframework/security/oauth2/provider/OAuth2Request;L\0userAuthenticationt\02Lorg/springframework/security/core/Authentication;xr\0Gorg.springframework.security.authentication.AbstractAuthenticationTokenÓª(~nGd\0Z\0\rauthenticatedL\0authoritiest\0Ljava/util/Collection;L\0detailst\0Ljava/lang/Object;xp\0sr\0&java.util.Collections$UnmodifiableListü%1µ\ì\0L\0listt\0Ljava/util/List;xr\0,java.util.Collections$UnmodifiableCollectionB\0€\Ë^\÷\0L\0cq\0~\0xpsr\0java.util.ArrayListx\Ò™\Ça\0I\0sizexp\0\0\0\0w\0\0\0\0xq\0~\0psr\0:org.springframework.security.oauth2.provider.OAuth2Request\0\0\0\0\0\0\0\0Z\0approvedL\0authoritiesq\0~\0L\0\nextensionst\0Ljava/util/Map;L\0redirectUrit\0Ljava/lang/String;L\0refresht\0;Lorg/springframework/security/oauth2/provider/TokenRequest;L\0resourceIdst\0Ljava/util/Set;L\0\rresponseTypesq\0~\0xr\08org.springframework.security.oauth2.provider.BaseRequest6(z>£qi½\0L\0clientIdq\0~\0L\0requestParametersq\0~\0L\0scopeq\0~\0xpt\0testsr\0%java.util.Collections$UnmodifiableMap\ñ¥¨şt\õB\0L\0mq\0~\0xpsr\0java.util.HashMap\ÚÁ\Ã`\Ñ\0F\0\nloadFactorI\0	thresholdxp?@\0\0\0\0\0w\0\0\0\0\0\0t\0\ngrant_typet\0passwordt\0	client_idt\0testt\0scopet\0\nread writet\0usernamet\0\ntest-user4xsr\0%java.util.Collections$UnmodifiableSet€’Ñ›€U\0\0xq\0~\0	sr\0java.util.LinkedHashSet\Øl\×Z•\İ*\0\0xr\0java.util.HashSetºD…•–¸·4\0\0xpw\0\0\0?@\0\0\0\0\0t\0readt\0writexsq\0~\0$w\0\0\0?@\0\0\0\0\0\0xsq\0~\0?@\0\0\0\0\0\0w\0\0\0\0\0\0\0xppsq\0~\0$w\0\0\0?@\0\0\0\0\0\0xsq\0~\0$w\0\0\0?@\0\0\0\0\0\0xsr\0Oorg.springframework.security.authentication.UsernamePasswordAuthenticationToken\0\0\0\0\0\0¤\0L\0credentialsq\0~\0L\0	principalq\0~\0xq\0~\0sq\0~\0sq\0~\0\0\0\0\0w\0\0\0\0xq\0~\0/sr\0java.util.LinkedHashMap4ÀN\\lÀû\0Z\0accessOrderxq\0~\0?@\0\0\0\0\0w\0\0\0\0\0\0q\0~\0q\0~\0\Zq\0~\0q\0~\0t\0\rclient_secrett\0123456q\0~\0q\0~\0q\0~\0q\0~\0 x\0psr\0-com.yunwei.weibbix.oauth.entity.MyUserDetails†\àY/®YÁ\0L\0usert\0 Lcom/yunwei/weibbix/entity/User;xr\02org.springframework.security.core.userdetails.User\0\0\0\0\0\0¤\0Z\0accountNonExpiredZ\0accountNonLockedZ\0credentialsNonExpiredZ\0enabledL\0authoritiesq\0~\0L\0passwordq\0~\0L\0usernameq\0~\0xpsq\0~\0!sr\0java.util.TreeSetİ˜P“•\í‡[\0\0xpsr\0Forg.springframework.security.core.userdetails.User$AuthorityComparator\0\0\0\0\0\0¤\0\0xpw\0\0\0\0xpt\0\ntest-user4sr\0com.yunwei.weibbix.entity.User^xX(:—n\0Z\0enabledL\0passwordq\0~\0L\0userIdt\0Ljava/math/BigInteger;L\0userNameq\0~\0xpt\0<$2a$10$V.YBfJWMyeuufpaJ20b9Le7Ac.haYNokfP7ll6iD6yvTT5pXv0rTqsr\0java.math.BigIntegerŒüŸ©;û\0I\0bitCountI\0	bitLengthI\0firstNonzeroByteNumI\0lowestSetBitI\0signum[\0	magnitudet\0[Bxr\0java.lang.Number†¬•”\à‹\0\0xpÿÿÿÿÿÿÿÿÿÿÿşÿÿÿş\0\0\0ur\0[B¬\óøT\à\0\0xp\0\0\0\rxq\0~\0='),('2018-12-29 07:29:16','279eec3495b307c105500551b8819ea7',_binary '¬\í\0sr\0Lorg.springframework.security.oauth2.common.DefaultExpiringOAuth2RefreshToken/\ßGc\ĞÉ·\0L\0\nexpirationt\0Ljava/util/Date;xr\0Dorg.springframework.security.oauth2.common.DefaultOAuth2RefreshTokens\á\ncT\Ô^\0L\0valuet\0Ljava/lang/String;xpt\0$55f23e03-a6fb-42cf-9c9b-a42b7aba7cfasr\0java.util.DatehjKYt\0\0xpw\0\0gş\÷­x',_binary '¬\í\0sr\0Aorg.springframework.security.oauth2.provider.OAuth2Authentication½@bR\0L\0\rstoredRequestt\0<Lorg/springframework/security/oauth2/provider/OAuth2Request;L\0userAuthenticationt\02Lorg/springframework/security/core/Authentication;xr\0Gorg.springframework.security.authentication.AbstractAuthenticationTokenÓª(~nGd\0Z\0\rauthenticatedL\0authoritiest\0Ljava/util/Collection;L\0detailst\0Ljava/lang/Object;xp\0sr\0&java.util.Collections$UnmodifiableListü%1µ\ì\0L\0listt\0Ljava/util/List;xr\0,java.util.Collections$UnmodifiableCollectionB\0€\Ë^\÷\0L\0cq\0~\0xpsr\0java.util.ArrayListx\Ò™\Ça\0I\0sizexp\0\0\0\0w\0\0\0\0xq\0~\0psr\0:org.springframework.security.oauth2.provider.OAuth2Request\0\0\0\0\0\0\0\0Z\0approvedL\0authoritiesq\0~\0L\0\nextensionst\0Ljava/util/Map;L\0redirectUrit\0Ljava/lang/String;L\0refresht\0;Lorg/springframework/security/oauth2/provider/TokenRequest;L\0resourceIdst\0Ljava/util/Set;L\0\rresponseTypesq\0~\0xr\08org.springframework.security.oauth2.provider.BaseRequest6(z>£qi½\0L\0clientIdq\0~\0L\0requestParametersq\0~\0L\0scopeq\0~\0xpt\0testsr\0%java.util.Collections$UnmodifiableMap\ñ¥¨şt\õB\0L\0mq\0~\0xpsr\0java.util.HashMap\ÚÁ\Ã`\Ñ\0F\0\nloadFactorI\0	thresholdxp?@\0\0\0\0\0w\0\0\0\0\0\0t\0\ngrant_typet\0passwordt\0	client_idt\0testt\0scopet\0\nread writet\0usernamet\0adminxsr\0%java.util.Collections$UnmodifiableSet€’Ñ›€U\0\0xq\0~\0	sr\0java.util.LinkedHashSet\Øl\×Z•\İ*\0\0xr\0java.util.HashSetºD…•–¸·4\0\0xpw\0\0\0?@\0\0\0\0\0t\0readt\0writexsq\0~\0$w\0\0\0?@\0\0\0\0\0\0xsq\0~\0?@\0\0\0\0\0\0w\0\0\0\0\0\0\0xppsq\0~\0$w\0\0\0?@\0\0\0\0\0\0xsq\0~\0$w\0\0\0?@\0\0\0\0\0\0xsr\0Oorg.springframework.security.authentication.UsernamePasswordAuthenticationToken\0\0\0\0\0\0¤\0L\0credentialsq\0~\0L\0	principalq\0~\0xq\0~\0sq\0~\0sq\0~\0\0\0\0\0w\0\0\0\0xq\0~\0/sr\0java.util.LinkedHashMap4ÀN\\lÀû\0Z\0accessOrderxq\0~\0?@\0\0\0\0\0w\0\0\0\0\0\0q\0~\0q\0~\0\Zq\0~\0q\0~\0t\0\rclient_secrett\0123456q\0~\0q\0~\0q\0~\0q\0~\0 x\0psr\0-com.yunwei.weibbix.oauth.entity.MyUserDetails†\àY/®YÁ\0L\0usert\0 Lcom/yunwei/weibbix/entity/User;xr\02org.springframework.security.core.userdetails.User\0\0\0\0\0\0¤\0Z\0accountNonExpiredZ\0accountNonLockedZ\0credentialsNonExpiredZ\0enabledL\0authoritiesq\0~\0L\0passwordq\0~\0L\0usernameq\0~\0xpsq\0~\0!sr\0java.util.TreeSetİ˜P“•\í‡[\0\0xpsr\0Forg.springframework.security.core.userdetails.User$AuthorityComparator\0\0\0\0\0\0¤\0\0xpw\0\0\0\0xpt\0adminsr\0com.yunwei.weibbix.entity.User^xX(:—n\0Z\0enabledL\0passwordq\0~\0L\0userIdt\0Ljava/math/BigInteger;L\0userNameq\0~\0xpt\0<$2a$10$fRHwUgLHLb9cu3zarItrhufZW5UCV.9DBWNa2V3//atviuebFVZwysr\0java.math.BigIntegerŒüŸ©;û\0I\0bitCountI\0	bitLengthI\0firstNonzeroByteNumI\0lowestSetBitI\0signum[\0	magnitudet\0[Bxr\0java.lang.Number†¬•”\à‹\0\0xpÿÿÿÿÿÿÿÿÿÿÿşÿÿÿş\0\0\0ur\0[B¬\óøT\à\0\0xp\0\0\0xq\0~\0='),('2019-01-03 02:08:49','4a89afc7a0bf9db4166680d2797f4f96',_binary '¬\í\0sr\0Lorg.springframework.security.oauth2.common.DefaultExpiringOAuth2RefreshToken/\ßGc\ĞÉ·\0L\0\nexpirationt\0Ljava/util/Date;xr\0Dorg.springframework.security.oauth2.common.DefaultOAuth2RefreshTokens\á\ncT\Ô^\0L\0valuet\0Ljava/lang/String;xpt\0$802ef209-340f-4bcc-850d-a0ed98e5340asr\0java.util.DatehjKYt\0\0xpw\0\0hŸw€x',_binary '¬\í\0sr\0Aorg.springframework.security.oauth2.provider.OAuth2Authentication½@bR\0L\0\rstoredRequestt\0<Lorg/springframework/security/oauth2/provider/OAuth2Request;L\0userAuthenticationt\02Lorg/springframework/security/core/Authentication;xr\0Gorg.springframework.security.authentication.AbstractAuthenticationTokenÓª(~nGd\0Z\0\rauthenticatedL\0authoritiest\0Ljava/util/Collection;L\0detailst\0Ljava/lang/Object;xp\0sr\0&java.util.Collections$UnmodifiableListü%1µ\ì\0L\0listt\0Ljava/util/List;xr\0,java.util.Collections$UnmodifiableCollectionB\0€\Ë^\÷\0L\0cq\0~\0xpsr\0java.util.ArrayListx\Ò™\Ça\0I\0sizexp\0\0\0\0w\0\0\0\0xq\0~\0psr\0:org.springframework.security.oauth2.provider.OAuth2Request\0\0\0\0\0\0\0\0Z\0approvedL\0authoritiesq\0~\0L\0\nextensionst\0Ljava/util/Map;L\0redirectUrit\0Ljava/lang/String;L\0refresht\0;Lorg/springframework/security/oauth2/provider/TokenRequest;L\0resourceIdst\0Ljava/util/Set;L\0\rresponseTypesq\0~\0xr\08org.springframework.security.oauth2.provider.BaseRequest6(z>£qi½\0L\0clientIdq\0~\0L\0requestParametersq\0~\0L\0scopeq\0~\0xpt\0testsr\0%java.util.Collections$UnmodifiableMap\ñ¥¨şt\õB\0L\0mq\0~\0xpsr\0java.util.HashMap\ÚÁ\Ã`\Ñ\0F\0\nloadFactorI\0	thresholdxp?@\0\0\0\0\0w\0\0\0\0\0\0t\0\ngrant_typet\0passwordt\0	client_idt\0testt\0scopet\0\nread writet\0usernamet\0adminxsr\0%java.util.Collections$UnmodifiableSet€’Ñ›€U\0\0xq\0~\0	sr\0java.util.LinkedHashSet\Øl\×Z•\İ*\0\0xr\0java.util.HashSetºD…•–¸·4\0\0xpw\0\0\0?@\0\0\0\0\0t\0readt\0writexsq\0~\0$w\0\0\0?@\0\0\0\0\0\0xsq\0~\0?@\0\0\0\0\0\0w\0\0\0\0\0\0\0xppsq\0~\0$w\0\0\0?@\0\0\0\0\0\0xsq\0~\0$w\0\0\0?@\0\0\0\0\0\0xsr\0Oorg.springframework.security.authentication.UsernamePasswordAuthenticationToken\0\0\0\0\0\0¤\0L\0credentialsq\0~\0L\0	principalq\0~\0xq\0~\0sq\0~\0sq\0~\0\0\0\0\0w\0\0\0\0xq\0~\0/sr\0java.util.LinkedHashMap4ÀN\\lÀû\0Z\0accessOrderxq\0~\0?@\0\0\0\0\0w\0\0\0\0\0\0q\0~\0q\0~\0\Zq\0~\0q\0~\0t\0\rclient_secrett\0123456q\0~\0q\0~\0q\0~\0q\0~\0 x\0psr\0-com.yunwei.weibbix.oauth.entity.MyUserDetails†\àY/®YÁ\0L\0usert\0 Lcom/yunwei/weibbix/entity/User;xr\02org.springframework.security.core.userdetails.User\0\0\0\0\0\0¤\0Z\0accountNonExpiredZ\0accountNonLockedZ\0credentialsNonExpiredZ\0enabledL\0authoritiesq\0~\0L\0passwordq\0~\0L\0usernameq\0~\0xpsq\0~\0!sr\0java.util.TreeSetİ˜P“•\í‡[\0\0xpsr\0Forg.springframework.security.core.userdetails.User$AuthorityComparator\0\0\0\0\0\0¤\0\0xpw\0\0\0\0xpt\0adminsr\0com.yunwei.weibbix.entity.User^xX(:—n\0Z\0enabledL\0passwordq\0~\0L\0userIdt\0Ljava/math/BigInteger;L\0userNameq\0~\0xpt\0<$2a$10$rujM8XhL20KCln2aS9IgYuUbRDDoQKy3V3uuhvrKmwLcUtX3uRNBmsr\0java.math.BigIntegerŒüŸ©;û\0I\0bitCountI\0	bitLengthI\0firstNonzeroByteNumI\0lowestSetBitI\0signum[\0	magnitudet\0[Bxr\0java.lang.Number†¬•”\à‹\0\0xpÿÿÿÿÿÿÿÿÿÿÿşÿÿÿş\0\0\0ur\0[B¬\óøT\à\0\0xp\0\0\0xq\0~\0='),('2019-01-04 08:00:58','9948a004755b4d75d2ecda0c137b682d',_binary '¬\í\0sr\0Lorg.springframework.security.oauth2.common.DefaultExpiringOAuth2RefreshToken/\ßGc\ĞÉ·\0L\0\nexpirationt\0Ljava/util/Date;xr\0Dorg.springframework.security.oauth2.common.DefaultOAuth2RefreshTokens\á\ncT\Ô^\0L\0valuet\0Ljava/lang/String;xpt\0$7ef0603a-9172-4c13-8aec-731988f524e2sr\0java.util.DatehjKYt\0\0xpw\0\0hCªx',_binary '¬\í\0sr\0Aorg.springframework.security.oauth2.provider.OAuth2Authentication½@bR\0L\0\rstoredRequestt\0<Lorg/springframework/security/oauth2/provider/OAuth2Request;L\0userAuthenticationt\02Lorg/springframework/security/core/Authentication;xr\0Gorg.springframework.security.authentication.AbstractAuthenticationTokenÓª(~nGd\0Z\0\rauthenticatedL\0authoritiest\0Ljava/util/Collection;L\0detailst\0Ljava/lang/Object;xp\0sr\0&java.util.Collections$UnmodifiableListü%1µ\ì\0L\0listt\0Ljava/util/List;xr\0,java.util.Collections$UnmodifiableCollectionB\0€\Ë^\÷\0L\0cq\0~\0xpsr\0java.util.ArrayListx\Ò™\Ça\0I\0sizexp\0\0\0\0w\0\0\0\0xq\0~\0psr\0:org.springframework.security.oauth2.provider.OAuth2Request\0\0\0\0\0\0\0\0Z\0approvedL\0authoritiesq\0~\0L\0\nextensionst\0Ljava/util/Map;L\0redirectUrit\0Ljava/lang/String;L\0refresht\0;Lorg/springframework/security/oauth2/provider/TokenRequest;L\0resourceIdst\0Ljava/util/Set;L\0\rresponseTypesq\0~\0xr\08org.springframework.security.oauth2.provider.BaseRequest6(z>£qi½\0L\0clientIdq\0~\0L\0requestParametersq\0~\0L\0scopeq\0~\0xpt\0testsr\0%java.util.Collections$UnmodifiableMap\ñ¥¨şt\õB\0L\0mq\0~\0xpsr\0java.util.HashMap\ÚÁ\Ã`\Ñ\0F\0\nloadFactorI\0	thresholdxp?@\0\0\0\0\0w\0\0\0\0\0\0t\0\ngrant_typet\0passwordt\0	client_idt\0testt\0scopet\0\nread writet\0usernamet\0adminxsr\0%java.util.Collections$UnmodifiableSet€’Ñ›€U\0\0xq\0~\0	sr\0java.util.LinkedHashSet\Øl\×Z•\İ*\0\0xr\0java.util.HashSetºD…•–¸·4\0\0xpw\0\0\0?@\0\0\0\0\0t\0readt\0writexsq\0~\0$w\0\0\0?@\0\0\0\0\0\0xsq\0~\0?@\0\0\0\0\0\0w\0\0\0\0\0\0\0xppsq\0~\0$w\0\0\0?@\0\0\0\0\0\0xsq\0~\0$w\0\0\0?@\0\0\0\0\0\0xsr\0Oorg.springframework.security.authentication.UsernamePasswordAuthenticationToken\0\0\0\0\0\0¤\0L\0credentialsq\0~\0L\0	principalq\0~\0xq\0~\0sq\0~\0sq\0~\0\0\0\0\0w\0\0\0\0xq\0~\0/sr\0java.util.LinkedHashMap4ÀN\\lÀû\0Z\0accessOrderxq\0~\0?@\0\0\0\0\0w\0\0\0\0\0\0q\0~\0q\0~\0\Zq\0~\0q\0~\0t\0\rclient_secrett\0123456q\0~\0q\0~\0q\0~\0q\0~\0 x\0psr\0-com.yunwei.weibbix.oauth.entity.MyUserDetails†\àY/®YÁ\0L\0usert\0 Lcom/yunwei/weibbix/entity/User;xr\02org.springframework.security.core.userdetails.User\0\0\0\0\0\0¤\0Z\0accountNonExpiredZ\0accountNonLockedZ\0credentialsNonExpiredZ\0enabledL\0authoritiesq\0~\0L\0passwordq\0~\0L\0usernameq\0~\0xpsq\0~\0!sr\0java.util.TreeSetİ˜P“•\í‡[\0\0xpsr\0Forg.springframework.security.core.userdetails.User$AuthorityComparator\0\0\0\0\0\0¤\0\0xpw\0\0\0\0xpt\0adminsr\0com.yunwei.weibbix.entity.User^xX(:—n\0Z\0enabledL\0passwordq\0~\0L\0userIdt\0Ljava/math/BigInteger;L\0userNameq\0~\0xpt\0<$2a$10$rujM8XhL20KCln2aS9IgYuUbRDDoQKy3V3uuhvrKmwLcUtX3uRNBmsr\0java.math.BigIntegerŒüŸ©;û\0I\0bitCountI\0	bitLengthI\0firstNonzeroByteNumI\0lowestSetBitI\0signum[\0	magnitudet\0[Bxr\0java.lang.Number†¬•”\à‹\0\0xpÿÿÿÿÿÿÿÿÿÿÿşÿÿÿş\0\0\0ur\0[B¬\óøT\à\0\0xp\0\0\0xq\0~\0='),('2019-01-07 02:50:40','ff931c78902eb16e7549d33d7f0c2394',_binary '¬\í\0sr\0Lorg.springframework.security.oauth2.common.DefaultExpiringOAuth2RefreshToken/\ßGc\ĞÉ·\0L\0\nexpirationt\0Ljava/util/Date;xr\0Dorg.springframework.security.oauth2.common.DefaultOAuth2RefreshTokens\á\ncT\Ô^\0L\0valuet\0Ljava/lang/String;xpt\0$fe251ed5-33bd-4321-b985-bbadffd55fcesr\0java.util.DatehjKYt\0\0xpw\0\0h+_OOx',_binary '¬\í\0sr\0Aorg.springframework.security.oauth2.provider.OAuth2Authentication½@bR\0L\0\rstoredRequestt\0<Lorg/springframework/security/oauth2/provider/OAuth2Request;L\0userAuthenticationt\02Lorg/springframework/security/core/Authentication;xr\0Gorg.springframework.security.authentication.AbstractAuthenticationTokenÓª(~nGd\0Z\0\rauthenticatedL\0authoritiest\0Ljava/util/Collection;L\0detailst\0Ljava/lang/Object;xp\0sr\0&java.util.Collections$UnmodifiableListü%1µ\ì\0L\0listt\0Ljava/util/List;xr\0,java.util.Collections$UnmodifiableCollectionB\0€\Ë^\÷\0L\0cq\0~\0xpsr\0java.util.ArrayListx\Ò™\Ça\0I\0sizexp\0\0\0\0w\0\0\0\0xq\0~\0psr\0:org.springframework.security.oauth2.provider.OAuth2Request\0\0\0\0\0\0\0\0Z\0approvedL\0authoritiesq\0~\0L\0\nextensionst\0Ljava/util/Map;L\0redirectUrit\0Ljava/lang/String;L\0refresht\0;Lorg/springframework/security/oauth2/provider/TokenRequest;L\0resourceIdst\0Ljava/util/Set;L\0\rresponseTypesq\0~\0xr\08org.springframework.security.oauth2.provider.BaseRequest6(z>£qi½\0L\0clientIdq\0~\0L\0requestParametersq\0~\0L\0scopeq\0~\0xpt\0testsr\0%java.util.Collections$UnmodifiableMap\ñ¥¨şt\õB\0L\0mq\0~\0xpsr\0java.util.HashMap\ÚÁ\Ã`\Ñ\0F\0\nloadFactorI\0	thresholdxp?@\0\0\0\0\0w\0\0\0\0\0\0t\0\ngrant_typet\0passwordt\0	client_idt\0testt\0scopet\0\nread writet\0usernamet\0\ntest-user4xsr\0%java.util.Collections$UnmodifiableSet€’Ñ›€U\0\0xq\0~\0	sr\0java.util.LinkedHashSet\Øl\×Z•\İ*\0\0xr\0java.util.HashSetºD…•–¸·4\0\0xpw\0\0\0?@\0\0\0\0\0t\0readt\0writexsq\0~\0$w\0\0\0?@\0\0\0\0\0\0xsq\0~\0?@\0\0\0\0\0\0w\0\0\0\0\0\0\0xppsq\0~\0$w\0\0\0?@\0\0\0\0\0\0xsq\0~\0$w\0\0\0?@\0\0\0\0\0\0xsr\0Oorg.springframework.security.authentication.UsernamePasswordAuthenticationToken\0\0\0\0\0\0¤\0L\0credentialsq\0~\0L\0	principalq\0~\0xq\0~\0sq\0~\0sq\0~\0\0\0\0\0w\0\0\0\0xq\0~\0/sr\0java.util.LinkedHashMap4ÀN\\lÀû\0Z\0accessOrderxq\0~\0?@\0\0\0\0\0w\0\0\0\0\0\0q\0~\0q\0~\0\Zq\0~\0q\0~\0t\0\rclient_secrett\0123456q\0~\0q\0~\0q\0~\0q\0~\0 x\0psr\0-com.yunwei.weibbix.oauth.entity.MyUserDetails†\àY/®YÁ\0L\0usert\0 Lcom/yunwei/weibbix/entity/User;xr\02org.springframework.security.core.userdetails.User\0\0\0\0\0\0¤\0Z\0accountNonExpiredZ\0accountNonLockedZ\0credentialsNonExpiredZ\0enabledL\0authoritiesq\0~\0L\0passwordq\0~\0L\0usernameq\0~\0xpsq\0~\0!sr\0java.util.TreeSetİ˜P“•\í‡[\0\0xpsr\0Forg.springframework.security.core.userdetails.User$AuthorityComparator\0\0\0\0\0\0¤\0\0xpw\0\0\0\0xpt\0\ntest-user4sr\0com.yunwei.weibbix.entity.User^xX(:—n\0Z\0enabledL\0passwordq\0~\0L\0userIdt\0Ljava/math/BigInteger;L\0userNameq\0~\0xpt\0<$2a$10$V.YBfJWMyeuufpaJ20b9Le7Ac.haYNokfP7ll6iD6yvTT5pXv0rTqsr\0java.math.BigIntegerŒüŸ©;û\0I\0bitCountI\0	bitLengthI\0firstNonzeroByteNumI\0lowestSetBitI\0signum[\0	magnitudet\0[Bxr\0java.lang.Number†¬•”\à‹\0\0xpÿÿÿÿÿÿÿÿÿÿÿşÿÿÿş\0\0\0ur\0[B¬\óøT\à\0\0xp\0\0\0\rxq\0~\0='),('2019-01-07 03:15:51','d003e8abbe781a2c6c8457b397e3cedb',_binary '¬\í\0sr\0Lorg.springframework.security.oauth2.common.DefaultExpiringOAuth2RefreshToken/\ßGc\ĞÉ·\0L\0\nexpirationt\0Ljava/util/Date;xr\0Dorg.springframework.security.oauth2.common.DefaultOAuth2RefreshTokens\á\ncT\Ô^\0L\0valuet\0Ljava/lang/String;xpt\0$a6c8339f-0c10-4b29-9cb9-d9aef6946c9bsr\0java.util.DatehjKYt\0\0xpw\0\0h+v]\Äx',_binary '¬\í\0sr\0Aorg.springframework.security.oauth2.provider.OAuth2Authentication½@bR\0L\0\rstoredRequestt\0<Lorg/springframework/security/oauth2/provider/OAuth2Request;L\0userAuthenticationt\02Lorg/springframework/security/core/Authentication;xr\0Gorg.springframework.security.authentication.AbstractAuthenticationTokenÓª(~nGd\0Z\0\rauthenticatedL\0authoritiest\0Ljava/util/Collection;L\0detailst\0Ljava/lang/Object;xp\0sr\0&java.util.Collections$UnmodifiableListü%1µ\ì\0L\0listt\0Ljava/util/List;xr\0,java.util.Collections$UnmodifiableCollectionB\0€\Ë^\÷\0L\0cq\0~\0xpsr\0java.util.ArrayListx\Ò™\Ça\0I\0sizexp\0\0\0\0w\0\0\0\0xq\0~\0psr\0:org.springframework.security.oauth2.provider.OAuth2Request\0\0\0\0\0\0\0\0Z\0approvedL\0authoritiesq\0~\0L\0\nextensionst\0Ljava/util/Map;L\0redirectUrit\0Ljava/lang/String;L\0refresht\0;Lorg/springframework/security/oauth2/provider/TokenRequest;L\0resourceIdst\0Ljava/util/Set;L\0\rresponseTypesq\0~\0xr\08org.springframework.security.oauth2.provider.BaseRequest6(z>£qi½\0L\0clientIdq\0~\0L\0requestParametersq\0~\0L\0scopeq\0~\0xpt\0testsr\0%java.util.Collections$UnmodifiableMap\ñ¥¨şt\õB\0L\0mq\0~\0xpsr\0java.util.HashMap\ÚÁ\Ã`\Ñ\0F\0\nloadFactorI\0	thresholdxp?@\0\0\0\0\0w\0\0\0\0\0\0t\0\ngrant_typet\0passwordt\0	client_idt\0testt\0scopet\0\nread writet\0usernamet\0user01xsr\0%java.util.Collections$UnmodifiableSet€’Ñ›€U\0\0xq\0~\0	sr\0java.util.LinkedHashSet\Øl\×Z•\İ*\0\0xr\0java.util.HashSetºD…•–¸·4\0\0xpw\0\0\0?@\0\0\0\0\0t\0readt\0writexsq\0~\0$w\0\0\0?@\0\0\0\0\0\0xsq\0~\0?@\0\0\0\0\0\0w\0\0\0\0\0\0\0xppsq\0~\0$w\0\0\0?@\0\0\0\0\0\0xsq\0~\0$w\0\0\0?@\0\0\0\0\0\0xsr\0Oorg.springframework.security.authentication.UsernamePasswordAuthenticationToken\0\0\0\0\0\0¤\0L\0credentialsq\0~\0L\0	principalq\0~\0xq\0~\0sq\0~\0sq\0~\0\0\0\0\0w\0\0\0\0xq\0~\0/sr\0java.util.LinkedHashMap4ÀN\\lÀû\0Z\0accessOrderxq\0~\0?@\0\0\0\0\0w\0\0\0\0\0\0q\0~\0q\0~\0\Zq\0~\0q\0~\0t\0\rclient_secrett\0123456q\0~\0q\0~\0q\0~\0q\0~\0 x\0psr\0-com.yunwei.weibbix.oauth.entity.MyUserDetails†\àY/®YÁ\0L\0usert\0 Lcom/yunwei/weibbix/entity/User;xr\02org.springframework.security.core.userdetails.User\0\0\0\0\0\0¤\0Z\0accountNonExpiredZ\0accountNonLockedZ\0credentialsNonExpiredZ\0enabledL\0authoritiesq\0~\0L\0passwordq\0~\0L\0usernameq\0~\0xpsq\0~\0!sr\0java.util.TreeSetİ˜P“•\í‡[\0\0xpsr\0Forg.springframework.security.core.userdetails.User$AuthorityComparator\0\0\0\0\0\0¤\0\0xpw\0\0\0\0xpt\0user01sr\0com.yunwei.weibbix.entity.User^xX(:—n\0Z\0enabledL\0passwordq\0~\0L\0userIdt\0Ljava/math/BigInteger;L\0userNameq\0~\0xpt\0<$2a$10$DqQFXoKmJq3cOz.LrsP16uIYeoY6NXJiYwG5uw2.qhl1Gu01v0sGasr\0java.math.BigIntegerŒüŸ©;û\0I\0bitCountI\0	bitLengthI\0firstNonzeroByteNumI\0lowestSetBitI\0signum[\0	magnitudet\0[Bxr\0java.lang.Number†¬•”\à‹\0\0xpÿÿÿÿÿÿÿÿÿÿÿşÿÿÿş\0\0\0ur\0[B¬\óøT\à\0\0xp\0\0\06xq\0~\0='),('2019-01-07 03:26:54','b54ce4b71282f65eba4ceaca7a301195',_binary '¬\í\0sr\0Lorg.springframework.security.oauth2.common.DefaultExpiringOAuth2RefreshToken/\ßGc\ĞÉ·\0L\0\nexpirationt\0Ljava/util/Date;xr\0Dorg.springframework.security.oauth2.common.DefaultOAuth2RefreshTokens\á\ncT\Ô^\0L\0valuet\0Ljava/lang/String;xpt\0$86556f43-4b3c-41aa-9919-a092557b9beasr\0java.util.DatehjKYt\0\0xpw\0\0h+€{¾x',_binary '¬\í\0sr\0Aorg.springframework.security.oauth2.provider.OAuth2Authentication½@bR\0L\0\rstoredRequestt\0<Lorg/springframework/security/oauth2/provider/OAuth2Request;L\0userAuthenticationt\02Lorg/springframework/security/core/Authentication;xr\0Gorg.springframework.security.authentication.AbstractAuthenticationTokenÓª(~nGd\0Z\0\rauthenticatedL\0authoritiest\0Ljava/util/Collection;L\0detailst\0Ljava/lang/Object;xp\0sr\0&java.util.Collections$UnmodifiableListü%1µ\ì\0L\0listt\0Ljava/util/List;xr\0,java.util.Collections$UnmodifiableCollectionB\0€\Ë^\÷\0L\0cq\0~\0xpsr\0java.util.ArrayListx\Ò™\Ça\0I\0sizexp\0\0\0\0w\0\0\0\0xq\0~\0psr\0:org.springframework.security.oauth2.provider.OAuth2Request\0\0\0\0\0\0\0\0Z\0approvedL\0authoritiesq\0~\0L\0\nextensionst\0Ljava/util/Map;L\0redirectUrit\0Ljava/lang/String;L\0refresht\0;Lorg/springframework/security/oauth2/provider/TokenRequest;L\0resourceIdst\0Ljava/util/Set;L\0\rresponseTypesq\0~\0xr\08org.springframework.security.oauth2.provider.BaseRequest6(z>£qi½\0L\0clientIdq\0~\0L\0requestParametersq\0~\0L\0scopeq\0~\0xpt\0testsr\0%java.util.Collections$UnmodifiableMap\ñ¥¨şt\õB\0L\0mq\0~\0xpsr\0java.util.HashMap\ÚÁ\Ã`\Ñ\0F\0\nloadFactorI\0	thresholdxp?@\0\0\0\0\0w\0\0\0\0\0\0t\0\ngrant_typet\0passwordt\0	client_idt\0testt\0scopet\0\nread writet\0usernamet\0Jimxsr\0%java.util.Collections$UnmodifiableSet€’Ñ›€U\0\0xq\0~\0	sr\0java.util.LinkedHashSet\Øl\×Z•\İ*\0\0xr\0java.util.HashSetºD…•–¸·4\0\0xpw\0\0\0?@\0\0\0\0\0t\0readt\0writexsq\0~\0$w\0\0\0?@\0\0\0\0\0\0xsq\0~\0?@\0\0\0\0\0\0w\0\0\0\0\0\0\0xppsq\0~\0$w\0\0\0?@\0\0\0\0\0\0xsq\0~\0$w\0\0\0?@\0\0\0\0\0\0xsr\0Oorg.springframework.security.authentication.UsernamePasswordAuthenticationToken\0\0\0\0\0\0¤\0L\0credentialsq\0~\0L\0	principalq\0~\0xq\0~\0sq\0~\0sq\0~\0\0\0\0\0w\0\0\0\0xq\0~\0/sr\0java.util.LinkedHashMap4ÀN\\lÀû\0Z\0accessOrderxq\0~\0?@\0\0\0\0\0w\0\0\0\0\0\0q\0~\0q\0~\0\Zq\0~\0q\0~\0t\0\rclient_secrett\0123456q\0~\0q\0~\0q\0~\0q\0~\0 x\0psr\0-com.yunwei.weibbix.oauth.entity.MyUserDetails†\àY/®YÁ\0L\0usert\0 Lcom/yunwei/weibbix/entity/User;xr\02org.springframework.security.core.userdetails.User\0\0\0\0\0\0¤\0Z\0accountNonExpiredZ\0accountNonLockedZ\0credentialsNonExpiredZ\0enabledL\0authoritiesq\0~\0L\0passwordq\0~\0L\0usernameq\0~\0xpsq\0~\0!sr\0java.util.TreeSetİ˜P“•\í‡[\0\0xpsr\0Forg.springframework.security.core.userdetails.User$AuthorityComparator\0\0\0\0\0\0¤\0\0xpw\0\0\0\0xpt\0Jimsr\0com.yunwei.weibbix.entity.User^xX(:—n\0Z\0enabledL\0passwordq\0~\0L\0userIdt\0Ljava/math/BigInteger;L\0userNameq\0~\0xpt\0<$2a$10$navm4btGIX/WXxmTkExsbegfiNX52H/7CMq6hMpIBkb5Vnzf0Vm3Wsr\0java.math.BigIntegerŒüŸ©;û\0I\0bitCountI\0	bitLengthI\0firstNonzeroByteNumI\0lowestSetBitI\0signum[\0	magnitudet\0[Bxr\0java.lang.Number†¬•”\à‹\0\0xpÿÿÿÿÿÿÿÿÿÿÿşÿÿÿş\0\0\0ur\0[B¬\óøT\à\0\0xp\0\0\0Kxq\0~\0='),('2019-01-09 00:56:18','d1556abfc183e3514e943addf9b87974',_binary '¬\í\0sr\0Lorg.springframework.security.oauth2.common.DefaultExpiringOAuth2RefreshToken/\ßGc\ĞÉ·\0L\0\nexpirationt\0Ljava/util/Date;xr\0Dorg.springframework.security.oauth2.common.DefaultOAuth2RefreshTokens\á\ncT\Ô^\0L\0valuet\0Ljava/lang/String;xpt\0$c05bc6fc-9b8a-4b3b-b8e4-b547d8c93171sr\0java.util.DatehjKYt\0\0xpw\0\0h5C_‹x',_binary '¬\í\0sr\0Aorg.springframework.security.oauth2.provider.OAuth2Authentication½@bR\0L\0\rstoredRequestt\0<Lorg/springframework/security/oauth2/provider/OAuth2Request;L\0userAuthenticationt\02Lorg/springframework/security/core/Authentication;xr\0Gorg.springframework.security.authentication.AbstractAuthenticationTokenÓª(~nGd\0Z\0\rauthenticatedL\0authoritiest\0Ljava/util/Collection;L\0detailst\0Ljava/lang/Object;xp\0sr\0&java.util.Collections$UnmodifiableListü%1µ\ì\0L\0listt\0Ljava/util/List;xr\0,java.util.Collections$UnmodifiableCollectionB\0€\Ë^\÷\0L\0cq\0~\0xpsr\0java.util.ArrayListx\Ò™\Ça\0I\0sizexp\0\0\0\0w\0\0\0\0xq\0~\0psr\0:org.springframework.security.oauth2.provider.OAuth2Request\0\0\0\0\0\0\0\0Z\0approvedL\0authoritiesq\0~\0L\0\nextensionst\0Ljava/util/Map;L\0redirectUrit\0Ljava/lang/String;L\0refresht\0;Lorg/springframework/security/oauth2/provider/TokenRequest;L\0resourceIdst\0Ljava/util/Set;L\0\rresponseTypesq\0~\0xr\08org.springframework.security.oauth2.provider.BaseRequest6(z>£qi½\0L\0clientIdq\0~\0L\0requestParametersq\0~\0L\0scopeq\0~\0xpt\0testsr\0%java.util.Collections$UnmodifiableMap\ñ¥¨şt\õB\0L\0mq\0~\0xpsr\0java.util.HashMap\ÚÁ\Ã`\Ñ\0F\0\nloadFactorI\0	thresholdxp?@\0\0\0\0\0w\0\0\0\0\0\0t\0\ngrant_typet\0passwordt\0	client_idt\0testt\0scopet\0\nread writet\0usernamet\0adminxsr\0%java.util.Collections$UnmodifiableSet€’Ñ›€U\0\0xq\0~\0	sr\0java.util.LinkedHashSet\Øl\×Z•\İ*\0\0xr\0java.util.HashSetºD…•–¸·4\0\0xpw\0\0\0?@\0\0\0\0\0t\0readt\0writexsq\0~\0$w\0\0\0?@\0\0\0\0\0\0xsq\0~\0?@\0\0\0\0\0\0w\0\0\0\0\0\0\0xppsq\0~\0$w\0\0\0?@\0\0\0\0\0\0xsq\0~\0$w\0\0\0?@\0\0\0\0\0\0xsr\0Oorg.springframework.security.authentication.UsernamePasswordAuthenticationToken\0\0\0\0\0\0¤\0L\0credentialsq\0~\0L\0	principalq\0~\0xq\0~\0sq\0~\0sq\0~\0\0\0\0\0w\0\0\0\0xq\0~\0/sr\0java.util.LinkedHashMap4ÀN\\lÀû\0Z\0accessOrderxq\0~\0?@\0\0\0\0\0w\0\0\0\0\0\0q\0~\0q\0~\0\Zq\0~\0q\0~\0t\0\rclient_secrett\0123456q\0~\0q\0~\0q\0~\0q\0~\0 x\0psr\0-com.yunwei.weibbix.oauth.entity.MyUserDetails†\àY/®YÁ\0L\0usert\0 Lcom/yunwei/weibbix/entity/User;xr\02org.springframework.security.core.userdetails.User\0\0\0\0\0\0¤\0Z\0accountNonExpiredZ\0accountNonLockedZ\0credentialsNonExpiredZ\0enabledL\0authoritiesq\0~\0L\0passwordq\0~\0L\0usernameq\0~\0xpsq\0~\0!sr\0java.util.TreeSetİ˜P“•\í‡[\0\0xpsr\0Forg.springframework.security.core.userdetails.User$AuthorityComparator\0\0\0\0\0\0¤\0\0xpw\0\0\0\0xpt\0adminsr\0com.yunwei.weibbix.entity.User^xX(:—n\0Z\0enabledL\0passwordq\0~\0L\0userIdt\0Ljava/math/BigInteger;L\0userNameq\0~\0xpt\0<$2a$10$rujM8XhL20KCln2aS9IgYuUbRDDoQKy3V3uuhvrKmwLcUtX3uRNBmsr\0java.math.BigIntegerŒüŸ©;û\0I\0bitCountI\0	bitLengthI\0firstNonzeroByteNumI\0lowestSetBitI\0signum[\0	magnitudet\0[Bxr\0java.lang.Number†¬•”\à‹\0\0xpÿÿÿÿÿÿÿÿÿÿÿşÿÿÿş\0\0\0ur\0[B¬\óøT\à\0\0xp\0\0\0xq\0~\0='),('2019-01-10 01:03:00','ac09169a550846ff9b7566a704693f5b',_binary '¬\í\0sr\0Lorg.springframework.security.oauth2.common.DefaultExpiringOAuth2RefreshToken/\ßGc\ĞÉ·\0L\0\nexpirationt\0Ljava/util/Date;xr\0Dorg.springframework.security.oauth2.common.DefaultOAuth2RefreshTokens\á\ncT\Ô^\0L\0valuet\0Ljava/lang/String;xpt\0$8397de46-9450-4a23-a4e4-f5c5c1a09445sr\0java.util.DatehjKYt\0\0xpw\0\0h:o\ævx',_binary '¬\í\0sr\0Aorg.springframework.security.oauth2.provider.OAuth2Authentication½@bR\0L\0\rstoredRequestt\0<Lorg/springframework/security/oauth2/provider/OAuth2Request;L\0userAuthenticationt\02Lorg/springframework/security/core/Authentication;xr\0Gorg.springframework.security.authentication.AbstractAuthenticationTokenÓª(~nGd\0Z\0\rauthenticatedL\0authoritiest\0Ljava/util/Collection;L\0detailst\0Ljava/lang/Object;xp\0sr\0&java.util.Collections$UnmodifiableListü%1µ\ì\0L\0listt\0Ljava/util/List;xr\0,java.util.Collections$UnmodifiableCollectionB\0€\Ë^\÷\0L\0cq\0~\0xpsr\0java.util.ArrayListx\Ò™\Ça\0I\0sizexp\0\0\0\0w\0\0\0\0xq\0~\0psr\0:org.springframework.security.oauth2.provider.OAuth2Request\0\0\0\0\0\0\0\0Z\0approvedL\0authoritiesq\0~\0L\0\nextensionst\0Ljava/util/Map;L\0redirectUrit\0Ljava/lang/String;L\0refresht\0;Lorg/springframework/security/oauth2/provider/TokenRequest;L\0resourceIdst\0Ljava/util/Set;L\0\rresponseTypesq\0~\0xr\08org.springframework.security.oauth2.provider.BaseRequest6(z>£qi½\0L\0clientIdq\0~\0L\0requestParametersq\0~\0L\0scopeq\0~\0xpt\0testsr\0%java.util.Collections$UnmodifiableMap\ñ¥¨şt\õB\0L\0mq\0~\0xpsr\0java.util.HashMap\ÚÁ\Ã`\Ñ\0F\0\nloadFactorI\0	thresholdxp?@\0\0\0\0\0w\0\0\0\0\0\0t\0\ngrant_typet\0passwordt\0	client_idt\0testt\0scopet\0\nread writet\0usernamet\0adminxsr\0%java.util.Collections$UnmodifiableSet€’Ñ›€U\0\0xq\0~\0	sr\0java.util.LinkedHashSet\Øl\×Z•\İ*\0\0xr\0java.util.HashSetºD…•–¸·4\0\0xpw\0\0\0?@\0\0\0\0\0t\0readt\0writexsq\0~\0$w\0\0\0?@\0\0\0\0\0\0xsq\0~\0?@\0\0\0\0\0\0w\0\0\0\0\0\0\0xppsq\0~\0$w\0\0\0?@\0\0\0\0\0\0xsq\0~\0$w\0\0\0?@\0\0\0\0\0\0xsr\0Oorg.springframework.security.authentication.UsernamePasswordAuthenticationToken\0\0\0\0\0\0¤\0L\0credentialsq\0~\0L\0	principalq\0~\0xq\0~\0sq\0~\0sq\0~\0\0\0\0\0w\0\0\0\0xq\0~\0/sr\0java.util.LinkedHashMap4ÀN\\lÀû\0Z\0accessOrderxq\0~\0?@\0\0\0\0\0w\0\0\0\0\0\0q\0~\0q\0~\0\Zq\0~\0q\0~\0t\0\rclient_secrett\0123456q\0~\0q\0~\0q\0~\0q\0~\0 x\0psr\0-com.yunwei.weibbix.oauth.entity.MyUserDetails†\àY/®YÁ\0L\0usert\0 Lcom/yunwei/weibbix/entity/User;xr\02org.springframework.security.core.userdetails.User\0\0\0\0\0\0¤\0Z\0accountNonExpiredZ\0accountNonLockedZ\0credentialsNonExpiredZ\0enabledL\0authoritiesq\0~\0L\0passwordq\0~\0L\0usernameq\0~\0xpsq\0~\0!sr\0java.util.TreeSetİ˜P“•\í‡[\0\0xpsr\0Forg.springframework.security.core.userdetails.User$AuthorityComparator\0\0\0\0\0\0¤\0\0xpw\0\0\0\0xpt\0adminsr\0com.yunwei.weibbix.entity.User^xX(:—n\0Z\0enabledL\0passwordq\0~\0L\0userIdt\0Ljava/math/BigInteger;L\0userNameq\0~\0xpt\0<$2a$10$rujM8XhL20KCln2aS9IgYuUbRDDoQKy3V3uuhvrKmwLcUtX3uRNBmsr\0java.math.BigIntegerŒüŸ©;û\0I\0bitCountI\0	bitLengthI\0firstNonzeroByteNumI\0lowestSetBitI\0signum[\0	magnitudet\0[Bxr\0java.lang.Number†¬•”\à‹\0\0xpÿÿÿÿÿÿÿÿÿÿÿşÿÿÿş\0\0\0ur\0[B¬\óøT\à\0\0xp\0\0\0xq\0~\0='),('2019-01-24 08:44:52','687d864d329e87b81e393183e46b3bee',_binary '¬\í\0sr\0Lorg.springframework.security.oauth2.common.DefaultExpiringOAuth2RefreshToken/\ßGc\ĞÉ·\0L\0\nexpirationt\0Ljava/util/Date;xr\0Dorg.springframework.security.oauth2.common.DefaultOAuth2RefreshTokens\á\ncT\Ô^\0L\0valuet\0Ljava/lang/String;xpt\0$d7d7ec0c-00cd-4a06-b530-161fd60f051bsr\0java.util.DatehjKYt\0\0xpw\0\0h„/únx',_binary '¬\í\0sr\0Aorg.springframework.security.oauth2.provider.OAuth2Authentication½@bR\0L\0\rstoredRequestt\0<Lorg/springframework/security/oauth2/provider/OAuth2Request;L\0userAuthenticationt\02Lorg/springframework/security/core/Authentication;xr\0Gorg.springframework.security.authentication.AbstractAuthenticationTokenÓª(~nGd\0Z\0\rauthenticatedL\0authoritiest\0Ljava/util/Collection;L\0detailst\0Ljava/lang/Object;xp\0sr\0&java.util.Collections$UnmodifiableListü%1µ\ì\0L\0listt\0Ljava/util/List;xr\0,java.util.Collections$UnmodifiableCollectionB\0€\Ë^\÷\0L\0cq\0~\0xpsr\0java.util.ArrayListx\Ò™\Ça\0I\0sizexp\0\0\0\0w\0\0\0\0xq\0~\0psr\0:org.springframework.security.oauth2.provider.OAuth2Request\0\0\0\0\0\0\0\0Z\0approvedL\0authoritiesq\0~\0L\0\nextensionst\0Ljava/util/Map;L\0redirectUrit\0Ljava/lang/String;L\0refresht\0;Lorg/springframework/security/oauth2/provider/TokenRequest;L\0resourceIdst\0Ljava/util/Set;L\0\rresponseTypesq\0~\0xr\08org.springframework.security.oauth2.provider.BaseRequest6(z>£qi½\0L\0clientIdq\0~\0L\0requestParametersq\0~\0L\0scopeq\0~\0xpt\0testsr\0%java.util.Collections$UnmodifiableMap\ñ¥¨şt\õB\0L\0mq\0~\0xpsr\0java.util.HashMap\ÚÁ\Ã`\Ñ\0F\0\nloadFactorI\0	thresholdxp?@\0\0\0\0\0w\0\0\0\0\0\0t\0\ngrant_typet\0passwordt\0	client_idt\0testt\0scopet\0\nread writet\0usernamet\0adminxsr\0%java.util.Collections$UnmodifiableSet€’Ñ›€U\0\0xq\0~\0	sr\0java.util.LinkedHashSet\Øl\×Z•\İ*\0\0xr\0java.util.HashSetºD…•–¸·4\0\0xpw\0\0\0?@\0\0\0\0\0t\0readt\0writexsq\0~\0$w\0\0\0?@\0\0\0\0\0\0xsq\0~\0?@\0\0\0\0\0\0w\0\0\0\0\0\0\0xppsq\0~\0$w\0\0\0?@\0\0\0\0\0\0xsq\0~\0$w\0\0\0?@\0\0\0\0\0\0xsr\0Oorg.springframework.security.authentication.UsernamePasswordAuthenticationToken\0\0\0\0\0\0¤\0L\0credentialsq\0~\0L\0	principalq\0~\0xq\0~\0sq\0~\0sq\0~\0\0\0\0\0w\0\0\0\0xq\0~\0/sr\0java.util.LinkedHashMap4ÀN\\lÀû\0Z\0accessOrderxq\0~\0?@\0\0\0\0\0w\0\0\0\0\0\0q\0~\0q\0~\0\Zq\0~\0q\0~\0t\0\rclient_secrett\0123456q\0~\0q\0~\0q\0~\0q\0~\0 x\0psr\0-com.yunwei.weibbix.oauth.entity.MyUserDetails†\àY/®YÁ\0L\0usert\0 Lcom/yunwei/weibbix/entity/User;xr\02org.springframework.security.core.userdetails.User\0\0\0\0\0\0¤\0Z\0accountNonExpiredZ\0accountNonLockedZ\0credentialsNonExpiredZ\0enabledL\0authoritiesq\0~\0L\0passwordq\0~\0L\0usernameq\0~\0xpsq\0~\0!sr\0java.util.TreeSetİ˜P“•\í‡[\0\0xpsr\0Forg.springframework.security.core.userdetails.User$AuthorityComparator\0\0\0\0\0\0¤\0\0xpw\0\0\0\0xpt\0adminsr\0com.yunwei.weibbix.entity.User^xX(:—n\0Z\0enabledL\0passwordq\0~\0L\0userIdt\0Ljava/math/BigInteger;L\0userNameq\0~\0xpt\0<$2a$10$rujM8XhL20KCln2aS9IgYuUbRDDoQKy3V3uuhvrKmwLcUtX3uRNBmsr\0java.math.BigIntegerŒüŸ©;û\0I\0bitCountI\0	bitLengthI\0firstNonzeroByteNumI\0lowestSetBitI\0signum[\0	magnitudet\0[Bxr\0java.lang.Number†¬•”\à‹\0\0xpÿÿÿÿÿÿÿÿÿÿÿşÿÿÿş\0\0\0ur\0[B¬\óøT\à\0\0xp\0\0\0xq\0~\0='),('2019-01-25 08:47:23','b45fa6105fd22164652abc3c991c3250',_binary '¬\í\0sr\0Lorg.springframework.security.oauth2.common.DefaultExpiringOAuth2RefreshToken/\ßGc\ĞÉ·\0L\0\nexpirationt\0Ljava/util/Date;xr\0Dorg.springframework.security.oauth2.common.DefaultOAuth2RefreshTokens\á\ncT\Ô^\0L\0valuet\0Ljava/lang/String;xpt\0$b6050377-68b7-45ec-82d1-f2ed341794e6sr\0java.util.DatehjKYt\0\0xpw\0\0h‰X­x',_binary '¬\í\0sr\0Aorg.springframework.security.oauth2.provider.OAuth2Authentication½@bR\0L\0\rstoredRequestt\0<Lorg/springframework/security/oauth2/provider/OAuth2Request;L\0userAuthenticationt\02Lorg/springframework/security/core/Authentication;xr\0Gorg.springframework.security.authentication.AbstractAuthenticationTokenÓª(~nGd\0Z\0\rauthenticatedL\0authoritiest\0Ljava/util/Collection;L\0detailst\0Ljava/lang/Object;xp\0sr\0&java.util.Collections$UnmodifiableListü%1µ\ì\0L\0listt\0Ljava/util/List;xr\0,java.util.Collections$UnmodifiableCollectionB\0€\Ë^\÷\0L\0cq\0~\0xpsr\0java.util.ArrayListx\Ò™\Ça\0I\0sizexp\0\0\0\0w\0\0\0\0xq\0~\0psr\0:org.springframework.security.oauth2.provider.OAuth2Request\0\0\0\0\0\0\0\0Z\0approvedL\0authoritiesq\0~\0L\0\nextensionst\0Ljava/util/Map;L\0redirectUrit\0Ljava/lang/String;L\0refresht\0;Lorg/springframework/security/oauth2/provider/TokenRequest;L\0resourceIdst\0Ljava/util/Set;L\0\rresponseTypesq\0~\0xr\08org.springframework.security.oauth2.provider.BaseRequest6(z>£qi½\0L\0clientIdq\0~\0L\0requestParametersq\0~\0L\0scopeq\0~\0xpt\0testsr\0%java.util.Collections$UnmodifiableMap\ñ¥¨şt\õB\0L\0mq\0~\0xpsr\0java.util.HashMap\ÚÁ\Ã`\Ñ\0F\0\nloadFactorI\0	thresholdxp?@\0\0\0\0\0w\0\0\0\0\0\0t\0\ngrant_typet\0passwordt\0	client_idt\0testt\0scopet\0\nread writet\0usernamet\0adminxsr\0%java.util.Collections$UnmodifiableSet€’Ñ›€U\0\0xq\0~\0	sr\0java.util.LinkedHashSet\Øl\×Z•\İ*\0\0xr\0java.util.HashSetºD…•–¸·4\0\0xpw\0\0\0?@\0\0\0\0\0t\0readt\0writexsq\0~\0$w\0\0\0?@\0\0\0\0\0\0xsq\0~\0?@\0\0\0\0\0\0w\0\0\0\0\0\0\0xppsq\0~\0$w\0\0\0?@\0\0\0\0\0\0xsq\0~\0$w\0\0\0?@\0\0\0\0\0\0xsr\0Oorg.springframework.security.authentication.UsernamePasswordAuthenticationToken\0\0\0\0\0\0¤\0L\0credentialsq\0~\0L\0	principalq\0~\0xq\0~\0sq\0~\0sq\0~\0\0\0\0\0w\0\0\0\0xq\0~\0/sr\0java.util.LinkedHashMap4ÀN\\lÀû\0Z\0accessOrderxq\0~\0?@\0\0\0\0\0w\0\0\0\0\0\0q\0~\0q\0~\0\Zq\0~\0q\0~\0t\0\rclient_secrett\0123456q\0~\0q\0~\0q\0~\0q\0~\0 x\0psr\0-com.yunwei.weibbix.oauth.entity.MyUserDetails†\àY/®YÁ\0L\0usert\0 Lcom/yunwei/weibbix/entity/User;xr\02org.springframework.security.core.userdetails.User\0\0\0\0\0\0¤\0Z\0accountNonExpiredZ\0accountNonLockedZ\0credentialsNonExpiredZ\0enabledL\0authoritiesq\0~\0L\0passwordq\0~\0L\0usernameq\0~\0xpsq\0~\0!sr\0java.util.TreeSetİ˜P“•\í‡[\0\0xpsr\0Forg.springframework.security.core.userdetails.User$AuthorityComparator\0\0\0\0\0\0¤\0\0xpw\0\0\0\0xpt\0adminsr\0com.yunwei.weibbix.entity.User^xX(:—n\0Z\0enabledL\0passwordq\0~\0L\0userIdt\0Ljava/math/BigInteger;L\0userNameq\0~\0xpt\0<$2a$10$rujM8XhL20KCln2aS9IgYuUbRDDoQKy3V3uuhvrKmwLcUtX3uRNBmsr\0java.math.BigIntegerŒüŸ©;û\0I\0bitCountI\0	bitLengthI\0firstNonzeroByteNumI\0lowestSetBitI\0signum[\0	magnitudet\0[Bxr\0java.lang.Number†¬•”\à‹\0\0xpÿÿÿÿÿÿÿÿÿÿÿşÿÿÿş\0\0\0ur\0[B¬\óøT\à\0\0xp\0\0\0xq\0~\0='),('2019-01-28 01:17:50','5dfbe1dac8e80d186342e316db46128b',_binary '¬\í\0sr\0Lorg.springframework.security.oauth2.common.DefaultExpiringOAuth2RefreshToken/\ßGc\ĞÉ·\0L\0\nexpirationt\0Ljava/util/Date;xr\0Dorg.springframework.security.oauth2.common.DefaultOAuth2RefreshTokens\á\ncT\Ô^\0L\0valuet\0Ljava/lang/String;xpt\0$3dfa1e94-eff2-4a51-828a-8826fcc7e608sr\0java.util.DatehjKYt\0\0xpw\0\0h—04\òx',_binary '¬\í\0sr\0Aorg.springframework.security.oauth2.provider.OAuth2Authentication½@bR\0L\0\rstoredRequestt\0<Lorg/springframework/security/oauth2/provider/OAuth2Request;L\0userAuthenticationt\02Lorg/springframework/security/core/Authentication;xr\0Gorg.springframework.security.authentication.AbstractAuthenticationTokenÓª(~nGd\0Z\0\rauthenticatedL\0authoritiest\0Ljava/util/Collection;L\0detailst\0Ljava/lang/Object;xp\0sr\0&java.util.Collections$UnmodifiableListü%1µ\ì\0L\0listt\0Ljava/util/List;xr\0,java.util.Collections$UnmodifiableCollectionB\0€\Ë^\÷\0L\0cq\0~\0xpsr\0java.util.ArrayListx\Ò™\Ça\0I\0sizexp\0\0\0\0w\0\0\0\0xq\0~\0psr\0:org.springframework.security.oauth2.provider.OAuth2Request\0\0\0\0\0\0\0\0Z\0approvedL\0authoritiesq\0~\0L\0\nextensionst\0Ljava/util/Map;L\0redirectUrit\0Ljava/lang/String;L\0refresht\0;Lorg/springframework/security/oauth2/provider/TokenRequest;L\0resourceIdst\0Ljava/util/Set;L\0\rresponseTypesq\0~\0xr\08org.springframework.security.oauth2.provider.BaseRequest6(z>£qi½\0L\0clientIdq\0~\0L\0requestParametersq\0~\0L\0scopeq\0~\0xpt\0testsr\0%java.util.Collections$UnmodifiableMap\ñ¥¨şt\õB\0L\0mq\0~\0xpsr\0java.util.HashMap\ÚÁ\Ã`\Ñ\0F\0\nloadFactorI\0	thresholdxp?@\0\0\0\0\0w\0\0\0\0\0\0t\0\ngrant_typet\0passwordt\0	client_idt\0testt\0scopet\0\nread writet\0usernamet\0adminxsr\0%java.util.Collections$UnmodifiableSet€’Ñ›€U\0\0xq\0~\0	sr\0java.util.LinkedHashSet\Øl\×Z•\İ*\0\0xr\0java.util.HashSetºD…•–¸·4\0\0xpw\0\0\0?@\0\0\0\0\0t\0readt\0writexsq\0~\0$w\0\0\0?@\0\0\0\0\0\0xsq\0~\0?@\0\0\0\0\0\0w\0\0\0\0\0\0\0xppsq\0~\0$w\0\0\0?@\0\0\0\0\0\0xsq\0~\0$w\0\0\0?@\0\0\0\0\0\0xsr\0Oorg.springframework.security.authentication.UsernamePasswordAuthenticationToken\0\0\0\0\0\0¤\0L\0credentialsq\0~\0L\0	principalq\0~\0xq\0~\0sq\0~\0sq\0~\0\0\0\0\0w\0\0\0\0xq\0~\0/sr\0java.util.LinkedHashMap4ÀN\\lÀû\0Z\0accessOrderxq\0~\0?@\0\0\0\0\0w\0\0\0\0\0\0q\0~\0q\0~\0\Zq\0~\0q\0~\0t\0\rclient_secrett\0123456q\0~\0q\0~\0q\0~\0q\0~\0 x\0psr\0-com.yunwei.weibbix.oauth.entity.MyUserDetails†\àY/®YÁ\0L\0usert\0 Lcom/yunwei/weibbix/entity/User;xr\02org.springframework.security.core.userdetails.User\0\0\0\0\0\0¤\0Z\0accountNonExpiredZ\0accountNonLockedZ\0credentialsNonExpiredZ\0enabledL\0authoritiesq\0~\0L\0passwordq\0~\0L\0usernameq\0~\0xpsq\0~\0!sr\0java.util.TreeSetİ˜P“•\í‡[\0\0xpsr\0Forg.springframework.security.core.userdetails.User$AuthorityComparator\0\0\0\0\0\0¤\0\0xpw\0\0\0\0xpt\0adminsr\0com.yunwei.weibbix.entity.User^xX(:—n\0Z\0enabledL\0passwordq\0~\0L\0userIdt\0Ljava/math/BigInteger;L\0userNameq\0~\0xpt\0<$2a$10$rujM8XhL20KCln2aS9IgYuUbRDDoQKy3V3uuhvrKmwLcUtX3uRNBmsr\0java.math.BigIntegerŒüŸ©;û\0I\0bitCountI\0	bitLengthI\0firstNonzeroByteNumI\0lowestSetBitI\0signum[\0	magnitudet\0[Bxr\0java.lang.Number†¬•”\à‹\0\0xpÿÿÿÿÿÿÿÿÿÿÿşÿÿÿş\0\0\0ur\0[B¬\óøT\à\0\0xp\0\0\0xq\0~\0='),('2019-01-29 07:18:11','984d777afbff5fc8a87f4463b2ff047c',_binary '¬\í\0sr\0Lorg.springframework.security.oauth2.common.DefaultExpiringOAuth2RefreshToken/\ßGc\ĞÉ·\0L\0\nexpirationt\0Ljava/util/Date;xr\0Dorg.springframework.security.oauth2.common.DefaultOAuth2RefreshTokens\á\ncT\Ô^\0L\0valuet\0Ljava/lang/String;xpt\0$7ad697db-1b66-4144-bfcf-674159a5659fsr\0java.util.DatehjKYt\0\0xpw\0\0h ~sx',_binary '¬\í\0sr\0Aorg.springframework.security.oauth2.provider.OAuth2Authentication½@bR\0L\0\rstoredRequestt\0<Lorg/springframework/security/oauth2/provider/OAuth2Request;L\0userAuthenticationt\02Lorg/springframework/security/core/Authentication;xr\0Gorg.springframework.security.authentication.AbstractAuthenticationTokenÓª(~nGd\0Z\0\rauthenticatedL\0authoritiest\0Ljava/util/Collection;L\0detailst\0Ljava/lang/Object;xp\0sr\0&java.util.Collections$UnmodifiableListü%1µ\ì\0L\0listt\0Ljava/util/List;xr\0,java.util.Collections$UnmodifiableCollectionB\0€\Ë^\÷\0L\0cq\0~\0xpsr\0java.util.ArrayListx\Ò™\Ça\0I\0sizexp\0\0\0\0w\0\0\0\0xq\0~\0psr\0:org.springframework.security.oauth2.provider.OAuth2Request\0\0\0\0\0\0\0\0Z\0approvedL\0authoritiesq\0~\0L\0\nextensionst\0Ljava/util/Map;L\0redirectUrit\0Ljava/lang/String;L\0refresht\0;Lorg/springframework/security/oauth2/provider/TokenRequest;L\0resourceIdst\0Ljava/util/Set;L\0\rresponseTypesq\0~\0xr\08org.springframework.security.oauth2.provider.BaseRequest6(z>£qi½\0L\0clientIdq\0~\0L\0requestParametersq\0~\0L\0scopeq\0~\0xpt\0testsr\0%java.util.Collections$UnmodifiableMap\ñ¥¨şt\õB\0L\0mq\0~\0xpsr\0java.util.HashMap\ÚÁ\Ã`\Ñ\0F\0\nloadFactorI\0	thresholdxp?@\0\0\0\0\0w\0\0\0\0\0\0t\0\ngrant_typet\0passwordt\0	client_idt\0testt\0scopet\0\nread writet\0usernamet\0adminxsr\0%java.util.Collections$UnmodifiableSet€’Ñ›€U\0\0xq\0~\0	sr\0java.util.LinkedHashSet\Øl\×Z•\İ*\0\0xr\0java.util.HashSetºD…•–¸·4\0\0xpw\0\0\0?@\0\0\0\0\0t\0readt\0writexsq\0~\0$w\0\0\0?@\0\0\0\0\0\0xsq\0~\0?@\0\0\0\0\0\0w\0\0\0\0\0\0\0xppsq\0~\0$w\0\0\0?@\0\0\0\0\0\0xsq\0~\0$w\0\0\0?@\0\0\0\0\0\0xsr\0Oorg.springframework.security.authentication.UsernamePasswordAuthenticationToken\0\0\0\0\0\0¤\0L\0credentialsq\0~\0L\0	principalq\0~\0xq\0~\0sq\0~\0sq\0~\0\0\0\0\0w\0\0\0\0xq\0~\0/sr\0java.util.LinkedHashMap4ÀN\\lÀû\0Z\0accessOrderxq\0~\0?@\0\0\0\0\0w\0\0\0\0\0\0q\0~\0q\0~\0\Zq\0~\0q\0~\0t\0\rclient_secrett\0123456q\0~\0q\0~\0q\0~\0q\0~\0 x\0psr\0-com.yunwei.weibbix.oauth.entity.MyUserDetails†\àY/®YÁ\0L\0usert\0 Lcom/yunwei/weibbix/entity/User;xr\02org.springframework.security.core.userdetails.User\0\0\0\0\0\0¤\0Z\0accountNonExpiredZ\0accountNonLockedZ\0credentialsNonExpiredZ\0enabledL\0authoritiesq\0~\0L\0passwordq\0~\0L\0usernameq\0~\0xpsq\0~\0!sr\0java.util.TreeSetİ˜P“•\í‡[\0\0xpsr\0Forg.springframework.security.core.userdetails.User$AuthorityComparator\0\0\0\0\0\0¤\0\0xpw\0\0\0\0xpt\0adminsr\0com.yunwei.weibbix.entity.User^xX(:—n\0Z\0enabledL\0passwordq\0~\0L\0userIdt\0Ljava/math/BigInteger;L\0userNameq\0~\0xpt\0<$2a$10$rujM8XhL20KCln2aS9IgYuUbRDDoQKy3V3uuhvrKmwLcUtX3uRNBmsr\0java.math.BigIntegerŒüŸ©;û\0I\0bitCountI\0	bitLengthI\0firstNonzeroByteNumI\0lowestSetBitI\0signum[\0	magnitudet\0[Bxr\0java.lang.Number†¬•”\à‹\0\0xpÿÿÿÿÿÿÿÿÿÿÿşÿÿÿş\0\0\0ur\0[B¬\óøT\à\0\0xp\0\0\0xq\0~\0='),('2019-01-30 07:33:15','0901633d44b05ef37c994d0e0503f9ec',_binary '¬\í\0sr\0Lorg.springframework.security.oauth2.common.DefaultExpiringOAuth2RefreshToken/\ßGc\ĞÉ·\0L\0\nexpirationt\0Ljava/util/Date;xr\0Dorg.springframework.security.oauth2.common.DefaultOAuth2RefreshTokens\á\ncT\Ô^\0L\0valuet\0Ljava/lang/String;xpt\0$204f83b1-8b3c-491a-8703-f52c7e5676a6sr\0java.util.DatehjKYt\0\0xpw\0\0h¢Ô£\rx',_binary '¬\í\0sr\0Aorg.springframework.security.oauth2.provider.OAuth2Authentication½@bR\0L\0\rstoredRequestt\0<Lorg/springframework/security/oauth2/provider/OAuth2Request;L\0userAuthenticationt\02Lorg/springframework/security/core/Authentication;xr\0Gorg.springframework.security.authentication.AbstractAuthenticationTokenÓª(~nGd\0Z\0\rauthenticatedL\0authoritiest\0Ljava/util/Collection;L\0detailst\0Ljava/lang/Object;xp\0sr\0&java.util.Collections$UnmodifiableListü%1µ\ì\0L\0listt\0Ljava/util/List;xr\0,java.util.Collections$UnmodifiableCollectionB\0€\Ë^\÷\0L\0cq\0~\0xpsr\0java.util.ArrayListx\Ò™\Ça\0I\0sizexp\0\0\0\0w\0\0\0\0xq\0~\0psr\0:org.springframework.security.oauth2.provider.OAuth2Request\0\0\0\0\0\0\0\0Z\0approvedL\0authoritiesq\0~\0L\0\nextensionst\0Ljava/util/Map;L\0redirectUrit\0Ljava/lang/String;L\0refresht\0;Lorg/springframework/security/oauth2/provider/TokenRequest;L\0resourceIdst\0Ljava/util/Set;L\0\rresponseTypesq\0~\0xr\08org.springframework.security.oauth2.provider.BaseRequest6(z>£qi½\0L\0clientIdq\0~\0L\0requestParametersq\0~\0L\0scopeq\0~\0xpt\0testsr\0%java.util.Collections$UnmodifiableMap\ñ¥¨şt\õB\0L\0mq\0~\0xpsr\0java.util.HashMap\ÚÁ\Ã`\Ñ\0F\0\nloadFactorI\0	thresholdxp?@\0\0\0\0\0w\0\0\0\0\0\0t\0\ngrant_typet\0passwordt\0	client_idt\0testt\0scopet\0\nread writet\0usernamet\0adminxsr\0%java.util.Collections$UnmodifiableSet€’Ñ›€U\0\0xq\0~\0	sr\0java.util.LinkedHashSet\Øl\×Z•\İ*\0\0xr\0java.util.HashSetºD…•–¸·4\0\0xpw\0\0\0?@\0\0\0\0\0t\0readt\0writexsq\0~\0$w\0\0\0?@\0\0\0\0\0\0xsq\0~\0?@\0\0\0\0\0\0w\0\0\0\0\0\0\0xppsq\0~\0$w\0\0\0?@\0\0\0\0\0\0xsq\0~\0$w\0\0\0?@\0\0\0\0\0\0xsr\0Oorg.springframework.security.authentication.UsernamePasswordAuthenticationToken\0\0\0\0\0\0¤\0L\0credentialsq\0~\0L\0	principalq\0~\0xq\0~\0sq\0~\0sq\0~\0\0\0\0\0w\0\0\0\0xq\0~\0/sr\0java.util.LinkedHashMap4ÀN\\lÀû\0Z\0accessOrderxq\0~\0?@\0\0\0\0\0w\0\0\0\0\0\0q\0~\0q\0~\0\Zq\0~\0q\0~\0t\0\rclient_secrett\0123456q\0~\0q\0~\0q\0~\0q\0~\0 x\0psr\0-com.yunwei.weibbix.oauth.entity.MyUserDetails†\àY/®YÁ\0L\0usert\0 Lcom/yunwei/weibbix/entity/User;xr\02org.springframework.security.core.userdetails.User\0\0\0\0\0\0¤\0Z\0accountNonExpiredZ\0accountNonLockedZ\0credentialsNonExpiredZ\0enabledL\0authoritiesq\0~\0L\0passwordq\0~\0L\0usernameq\0~\0xpsq\0~\0!sr\0java.util.TreeSetİ˜P“•\í‡[\0\0xpsr\0Forg.springframework.security.core.userdetails.User$AuthorityComparator\0\0\0\0\0\0¤\0\0xpw\0\0\0\0xpt\0adminsr\0com.yunwei.weibbix.entity.User^xX(:—n\0Z\0enabledL\0passwordq\0~\0L\0userIdt\0Ljava/math/BigInteger;L\0userNameq\0~\0xpt\0<$2a$10$rujM8XhL20KCln2aS9IgYuUbRDDoQKy3V3uuhvrKmwLcUtX3uRNBmsr\0java.math.BigIntegerŒüŸ©;û\0I\0bitCountI\0	bitLengthI\0firstNonzeroByteNumI\0lowestSetBitI\0signum[\0	magnitudet\0[Bxr\0java.lang.Number†¬•”\à‹\0\0xpÿÿÿÿÿÿÿÿÿÿÿşÿÿÿş\0\0\0ur\0[B¬\óøT\à\0\0xp\0\0\0xq\0~\0='),('2019-02-01 01:03:43','84606015fbc21491b31d85c2ae8bbc79',_binary '¬\í\0sr\0Lorg.springframework.security.oauth2.common.DefaultExpiringOAuth2RefreshToken/\ßGc\ĞÉ·\0L\0\nexpirationt\0Ljava/util/Date;xr\0Dorg.springframework.security.oauth2.common.DefaultOAuth2RefreshTokens\á\ncT\Ô^\0L\0valuet\0Ljava/lang/String;xpt\0$2866c32e-5308-40e9-ae08-b8d69ed5aee4sr\0java.util.DatehjKYt\0\0xpw\0\0h«¼\Ä$x',_binary '¬\í\0sr\0Aorg.springframework.security.oauth2.provider.OAuth2Authentication½@bR\0L\0\rstoredRequestt\0<Lorg/springframework/security/oauth2/provider/OAuth2Request;L\0userAuthenticationt\02Lorg/springframework/security/core/Authentication;xr\0Gorg.springframework.security.authentication.AbstractAuthenticationTokenÓª(~nGd\0Z\0\rauthenticatedL\0authoritiest\0Ljava/util/Collection;L\0detailst\0Ljava/lang/Object;xp\0sr\0&java.util.Collections$UnmodifiableListü%1µ\ì\0L\0listt\0Ljava/util/List;xr\0,java.util.Collections$UnmodifiableCollectionB\0€\Ë^\÷\0L\0cq\0~\0xpsr\0java.util.ArrayListx\Ò™\Ça\0I\0sizexp\0\0\0\0w\0\0\0\0xq\0~\0psr\0:org.springframework.security.oauth2.provider.OAuth2Request\0\0\0\0\0\0\0\0Z\0approvedL\0authoritiesq\0~\0L\0\nextensionst\0Ljava/util/Map;L\0redirectUrit\0Ljava/lang/String;L\0refresht\0;Lorg/springframework/security/oauth2/provider/TokenRequest;L\0resourceIdst\0Ljava/util/Set;L\0\rresponseTypesq\0~\0xr\08org.springframework.security.oauth2.provider.BaseRequest6(z>£qi½\0L\0clientIdq\0~\0L\0requestParametersq\0~\0L\0scopeq\0~\0xpt\0testsr\0%java.util.Collections$UnmodifiableMap\ñ¥¨şt\õB\0L\0mq\0~\0xpsr\0java.util.HashMap\ÚÁ\Ã`\Ñ\0F\0\nloadFactorI\0	thresholdxp?@\0\0\0\0\0w\0\0\0\0\0\0t\0\ngrant_typet\0passwordt\0	client_idt\0testt\0scopet\0\nread writet\0usernamet\0adminxsr\0%java.util.Collections$UnmodifiableSet€’Ñ›€U\0\0xq\0~\0	sr\0java.util.LinkedHashSet\Øl\×Z•\İ*\0\0xr\0java.util.HashSetºD…•–¸·4\0\0xpw\0\0\0?@\0\0\0\0\0t\0readt\0writexsq\0~\0$w\0\0\0?@\0\0\0\0\0\0xsq\0~\0?@\0\0\0\0\0\0w\0\0\0\0\0\0\0xppsq\0~\0$w\0\0\0?@\0\0\0\0\0\0xsq\0~\0$w\0\0\0?@\0\0\0\0\0\0xsr\0Oorg.springframework.security.authentication.UsernamePasswordAuthenticationToken\0\0\0\0\0\0¤\0L\0credentialsq\0~\0L\0	principalq\0~\0xq\0~\0sq\0~\0sq\0~\0\0\0\0\0w\0\0\0\0xq\0~\0/sr\0java.util.LinkedHashMap4ÀN\\lÀû\0Z\0accessOrderxq\0~\0?@\0\0\0\0\0w\0\0\0\0\0\0q\0~\0q\0~\0\Zq\0~\0q\0~\0t\0\rclient_secrett\0123456q\0~\0q\0~\0q\0~\0q\0~\0 x\0psr\0-com.yunwei.weibbix.oauth.entity.MyUserDetails†\àY/®YÁ\0L\0usert\0 Lcom/yunwei/weibbix/entity/User;xr\02org.springframework.security.core.userdetails.User\0\0\0\0\0\0¤\0Z\0accountNonExpiredZ\0accountNonLockedZ\0credentialsNonExpiredZ\0enabledL\0authoritiesq\0~\0L\0passwordq\0~\0L\0usernameq\0~\0xpsq\0~\0!sr\0java.util.TreeSetİ˜P“•\í‡[\0\0xpsr\0Forg.springframework.security.core.userdetails.User$AuthorityComparator\0\0\0\0\0\0¤\0\0xpw\0\0\0\0xpt\0adminsr\0com.yunwei.weibbix.entity.User^xX(:—n\0Z\0enabledL\0passwordq\0~\0L\0userIdt\0Ljava/math/BigInteger;L\0userNameq\0~\0xpt\0<$2a$10$rujM8XhL20KCln2aS9IgYuUbRDDoQKy3V3uuhvrKmwLcUtX3uRNBmsr\0java.math.BigIntegerŒüŸ©;û\0I\0bitCountI\0	bitLengthI\0firstNonzeroByteNumI\0lowestSetBitI\0signum[\0	magnitudet\0[Bxr\0java.lang.Number†¬•”\à‹\0\0xpÿÿÿÿÿÿÿÿÿÿÿşÿÿÿş\0\0\0ur\0[B¬\óøT\à\0\0xp\0\0\0xq\0~\0=');
/*!40000 ALTER TABLE `oauth_refresh_token` ENABLE KEYS */;
UNLOCK TABLES;

--
-- Table structure for table `tomcat_ins`
--

DROP TABLE IF EXISTS `tomcat_ins`;
/*!40101 SET @saved_cs_client     = @@character_set_client */;
 SET character_set_client = utf8mb4 ;
CREATE TABLE `tomcat_ins` (
  `id` varchar(255) NOT NULL,
  `ip` varchar(255) NOT NULL,
  `port` int(10) NOT NULL,
  `name` varchar(255) NOT NULL,
  `dir` varchar(255) NOT NULL,
  `env` varchar(255) NOT NULL,
  `allocated` bit(1) NOT NULL,
  PRIMARY KEY (`id`),
  UNIQUE KEY `ip` (`ip`,`name`)
) ENGINE=InnoDB DEFAULT CHARSET=utf8mb4 COLLATE=utf8mb4_0900_ai_ci;
/*!40101 SET character_set_client = @saved_cs_client */;

--
-- Dumping data for table `tomcat_ins`
--

LOCK TABLES `tomcat_ins` WRITE;
/*!40000 ALTER TABLE `tomcat_ins` DISABLE KEYS */;
INSERT INTO `tomcat_ins` VALUES ('1548987400455','192.168.100.91',8080,'tomcat1','/user/local/tomcat_8080','dev',_binary '\0'),('1548987400714','192.168.100.92',8080,'tomcat1','/user/local/tomcat_8080','dev',_binary '\0'),('1548987400852','192.168.100.91',8081,'tomcat2','/user/local/tomcat_8081','dev',_binary '\0'),('1548987400989','192.168.100.92',8081,'tomcat2','/user/local/tomcat_8081','dev',_binary '\0'),('1548988624888','192.168.100.91',8082,'tomcat3','/user/local/tomcat_8082','dev',_binary '\0');
/*!40000 ALTER TABLE `tomcat_ins` ENABLE KEYS */;
UNLOCK TABLES;

--
-- Table structure for table `user`
--

DROP TABLE IF EXISTS `user`;
/*!40101 SET @saved_cs_client     = @@character_set_client */;
 SET character_set_client = utf8mb4 ;
CREATE TABLE `user` (
  `username` varchar(20) DEFAULT NULL,
  `password` varchar(20) DEFAULT NULL,
  `email` varchar(20) DEFAULT NULL
) ENGINE=InnoDB DEFAULT CHARSET=utf8mb4 COLLATE=utf8mb4_0900_ai_ci;
/*!40101 SET character_set_client = @saved_cs_client */;

--
-- Dumping data for table `user`
--

LOCK TABLES `user` WRITE;
/*!40000 ALTER TABLE `user` DISABLE KEYS */;
INSERT INTO `user` VALUES ('å°æ˜','aaaaaa','xm@qq.com'),('å¼ ä¸‰','aaaaaa','xm@qq.com');
/*!40000 ALTER TABLE `user` ENABLE KEYS */;
UNLOCK TABLES;

--
-- Table structure for table `users`
--

DROP TABLE IF EXISTS `users`;
/*!40101 SET @saved_cs_client     = @@character_set_client */;
 SET character_set_client = utf8mb4 ;
CREATE TABLE `users` (
  `userId` bigint(20) unsigned NOT NULL AUTO_INCREMENT,
  `userName` char(50) NOT NULL,
  `password` char(100) DEFAULT NULL,
  `enabled` bit(1) NOT NULL,
  PRIMARY KEY (`userId`),
  UNIQUE KEY `userName` (`userName`)
) ENGINE=InnoDB AUTO_INCREMENT=76 DEFAULT CHARSET=utf8mb4 COLLATE=utf8mb4_0900_ai_ci;
/*!40101 SET character_set_client = @saved_cs_client */;

--
-- Dumping data for table `users`
--

LOCK TABLES `users` WRITE;
/*!40000 ALTER TABLE `users` DISABLE KEYS */;
INSERT INTO `users` VALUES (12,'admin','$2a$10$rujM8XhL20KCln2aS9IgYuUbRDDoQKy3V3uuhvrKmwLcUtX3uRNBm',_binary ''),(13,'test-user4','$2a$10$V.YBfJWMyeuufpaJ20b9Le7Ac.haYNokfP7ll6iD6yvTT5pXv0rTq',_binary ''),(34,'9999999999999999','$2a$10$9yvx0Q0y2SNwYKJ.LPKgJe.UVE.wCIXR192RIPHcaAvWJebA52pwq',_binary ''),(54,'user01','$2a$10$0Q1DkfJowO/lnh.fuXOTIufhhBOMsGkd4UNR3gU7Wt4WIFlPHwSqS',_binary ''),(55,'user02','$2a$10$6Vh3a3lquXGdpUuS90khIOJBGiirUFwaMJnItrL1.ibZIqk44iFsO',_binary ''),(57,'111111111111','$2a$10$A0ri0p3H71dOxiDfqiqp0.f1cWr02nT1kvSmYiX0.LSX6Ree8abMa',_binary '\0'),(61,'user03','$2a$10$tIGf1dmTTy0aqVnYjQtHH./XRwbknneh2sKAGkKR3SDwneM.9kGha',_binary ''),(62,'user04','$2a$10$5pLAKy04qdFDy4fKtHy4NuLdcYJt5bnuPPI0OAhkRyYh2uR5c9XJu',_binary ''),(63,'user05','$2a$10$N6LKuhbe3lmlofWebXBaguUt1q66wG87lKBnW/ySSSc3NoY4Mtoga',_binary ''),(64,'user06','$2a$10$4hmKqM.qp2bwN0XnPAxVBuDxTvIACgnGdUUfbBhLIjkBt8RO2fNfO',_binary '\0'),(65,'user07','$2a$10$TWXWQ62G/t2wc/9wE7hrJ.n89BMjPOrkpzzRmBMjOdwQsFZYzoJYO',_binary ''),(66,'user08','$2a$10$LvVJ5m72ZN/qRKCQwNIx7.bnDqS/3c0dfBzdmczxf/.niYz0ssE/.',_binary '\0'),(67,'user09','$2a$10$E1v43PDz.52fhFw837GY6.c9ZGVyl8IvxrmwEBKsO8PReyomcgc72',_binary '\0'),(68,'user10','$2a$10$goZIs0O5ZOQWfOSkSQojWe7PDPrQn4bmkkBBpXjLLNBBcJvpUXebG',_binary ''),(69,'user101','$2a$10$oqn93g1CV/PdgSFPTf5N5esPWoAgCyrdEwFrhW9aGxO6jSVidYlvi',_binary ''),(70,'user102','$2a$10$3Lu2KkCcmSc9u5SlHRj6uOHe5dRfsAKYc66whF/ituUXoUZtI4z9K',_binary ''),(71,'user103','$2a$10$zv5f8syGretvtB4mlx7itOG7BpWjz4FSl6VbPBdLPuhojLVPOZNdu',_binary ''),(72,'user104','$2a$10$aJSRi2BCKmf4NxAGbdkQseDQ15D4/SdQLi.3hCtVwgd.zRjCv/j6W',_binary ''),(73,'user1011','$2a$10$LF49201VENswBwBISaektOgmUToVaRLA/.H6d2L9iZh0C40Eod8V2',_binary ''),(74,'user1033','$2a$10$jfkbWwULHWwZh33FS7XxEenlo.GZ77cX9j82G5ZMZ86e87J5ASTaW',_binary '\0'),(75,'Jim','$2a$10$navm4btGIX/WXxmTkExsbegfiNX52H/7CMq6hMpIBkb5Vnzf0Vm3W',_binary '');
/*!40000 ALTER TABLE `users` ENABLE KEYS */;
UNLOCK TABLES;

--
-- Table structure for table `usersGroup`
--

DROP TABLE IF EXISTS `usersGroup`;
/*!40101 SET @saved_cs_client     = @@character_set_client */;
 SET character_set_client = utf8mb4 ;
CREATE TABLE `usersGroup` (
  `groupName` char(50) NOT NULL,
  `enabled` bit(1) NOT NULL,
  `groupId` bigint(20) unsigned NOT NULL AUTO_INCREMENT,
  PRIMARY KEY (`groupId`),
  UNIQUE KEY `groupName` (`groupName`)
) ENGINE=InnoDB AUTO_INCREMENT=33 DEFAULT CHARSET=utf8mb4 COLLATE=utf8mb4_0900_ai_ci;
/*!40101 SET character_set_client = @saved_cs_client */;

--
-- Dumping data for table `usersGroup`
--

LOCK TABLES `usersGroup` WRITE;
/*!40000 ALTER TABLE `usersGroup` DISABLE KEYS */;
INSERT INTO `usersGroup` VALUES ('è¶…çº§ç®¡ç†å‘˜ç»„',_binary '',2),('ä¸šåŠ¡ç»„1',_binary '',3),('12345',_binary '',22),('é¡¹ç›®ç»„',_binary '\0',23),('è®¾è®¡ç»„',_binary '\0',24),('é¡¹ç›®5ç»„',_binary '\0',25),('Group001',_binary '',26),('Group002',_binary '',27),('Group003',_binary '',28),('Group004',_binary '',29),('Group005',_binary '',30),('Group006',_binary '',31),('Group007',_binary '',32);
/*!40000 ALTER TABLE `usersGroup` ENABLE KEYS */;
UNLOCK TABLES;

--
-- Table structure for table `users_groups`
--

DROP TABLE IF EXISTS `users_groups`;
/*!40101 SET @saved_cs_client     = @@character_set_client */;
 SET character_set_client = utf8mb4 ;
CREATE TABLE `users_groups` (
  `id` bigint(20) NOT NULL AUTO_INCREMENT,
  `groupId` bigint(20) unsigned NOT NULL,
  `userId` bigint(20) unsigned NOT NULL,
  PRIMARY KEY (`id`),
  KEY `c_users_groups_2` (`userId`),
  KEY `FK_ID` (`groupId`),
  CONSTRAINT `FK_ID` FOREIGN KEY (`groupId`) REFERENCES `usersGroup` (`groupid`),
  CONSTRAINT `c_users_groups_2` FOREIGN KEY (`userId`) REFERENCES `users` (`userid`) ON DELETE CASCADE
) ENGINE=InnoDB AUTO_INCREMENT=62 DEFAULT CHARSET=utf8mb4 COLLATE=utf8mb4_0900_ai_ci;
/*!40101 SET character_set_client = @saved_cs_client */;

--
-- Dumping data for table `users_groups`
--

LOCK TABLES `users_groups` WRITE;
/*!40000 ALTER TABLE `users_groups` DISABLE KEYS */;
INSERT INTO `users_groups` VALUES (4,2,54),(5,24,54),(6,3,55),(7,24,55),(11,3,57),(12,2,57),(34,2,13),(35,22,13),(39,2,12),(40,3,12),(41,2,61),(42,3,62),(43,2,64),(44,2,65),(45,2,63),(46,2,66),(47,3,67),(48,2,68),(49,2,69),(50,2,70),(51,2,71),(52,2,72),(53,2,73),(54,2,74),(55,26,12),(56,27,12),(57,28,12),(58,30,12),(60,2,75),(61,32,12);
/*!40000 ALTER TABLE `users_groups` ENABLE KEYS */;
UNLOCK TABLES;
/*!40103 SET TIME_ZONE=@OLD_TIME_ZONE */;

/*!40101 SET SQL_MODE=@OLD_SQL_MODE */;
/*!40014 SET FOREIGN_KEY_CHECKS=@OLD_FOREIGN_KEY_CHECKS */;
/*!40014 SET UNIQUE_CHECKS=@OLD_UNIQUE_CHECKS */;
/*!40101 SET CHARACTER_SET_CLIENT=@OLD_CHARACTER_SET_CLIENT */;
/*!40101 SET CHARACTER_SET_RESULTS=@OLD_CHARACTER_SET_RESULTS */;
/*!40101 SET COLLATION_CONNECTION=@OLD_COLLATION_CONNECTION */;
/*!40111 SET SQL_NOTES=@OLD_SQL_NOTES */;

-- Dump completed on 2019-02-01 18:00:37
