-- MySQL dump 10.13  Distrib 8.0.12, for linux-glibc2.12 (x86_64)
--
-- Host: localhost    Database: testdb
-- ------------------------------------------------------
-- Server version	8.0.12

/*!40101 SET @OLD_CHARACTER_SET_CLIENT=@@CHARACTER_SET_CLIENT */;
/*!40101 SET @OLD_CHARACTER_SET_RESULTS=@@CHARACTER_SET_RESULTS */;
/*!40101 SET @OLD_COLLATION_CONNECTION=@@COLLATION_CONNECTION */;
 SET NAMES utf8mb4 ;
/*!40103 SET @OLD_TIME_ZONE=@@TIME_ZONE */;
/*!40103 SET TIME_ZONE='+00:00' */;
/*!40014 SET @OLD_UNIQUE_CHECKS=@@UNIQUE_CHECKS, UNIQUE_CHECKS=0 */;
/*!40014 SET @OLD_FOREIGN_KEY_CHECKS=@@FOREIGN_KEY_CHECKS, FOREIGN_KEY_CHECKS=0 */;
/*!40101 SET @OLD_SQL_MODE=@@SQL_MODE, SQL_MODE='NO_AUTO_VALUE_ON_ZERO' */;
/*!40111 SET @OLD_SQL_NOTES=@@SQL_NOTES, SQL_NOTES=0 */;

--
-- Table structure for table `department`
--

DROP TABLE IF EXISTS `department`;
/*!40101 SET @saved_cs_client     = @@character_set_client */;
 SET character_set_client = utf8mb4 ;
CREATE TABLE `department` (
  `id` int(11) NOT NULL AUTO_INCREMENT,
  `departmentName` varchar(255) DEFAULT NULL,
  PRIMARY KEY (`id`)
) ENGINE=InnoDB AUTO_INCREMENT=83 DEFAULT CHARSET=utf8mb4 COLLATE=utf8mb4_0900_ai_ci;
/*!40101 SET character_set_client = @saved_cs_client */;

--
-- Dumping data for table `department`
--

LOCK TABLES `department` WRITE;
/*!40000 ALTER TABLE `department` DISABLE KEYS */;
INSERT INTO `department` VALUES (74,'Ë¥¢Âä°ÈÉ®'),(75,'Ë¥¢Âä°ÈÉ®'),(76,'Ë¥¢Âä°ÈÉ®'),(77,'Ë¥¢Âä°ÈÉ®'),(78,'Ë¥¢Âä°ÈÉ®'),(79,'Ë¥¢Âä°ÈÉ®'),(80,'Ë¥¢Âä°ÈÉ®'),(81,'Áîü‰∫ßÈÉ®'),(82,'ÂÆ¢ÊúçÈÉ®');
/*!40000 ALTER TABLE `department` ENABLE KEYS */;
UNLOCK TABLES;

--
-- Table structure for table `employee`
--

DROP TABLE IF EXISTS `employee`;
/*!40101 SET @saved_cs_client     = @@character_set_client */;
 SET character_set_client = utf8mb4 ;
CREATE TABLE `employee` (
  `id` int(11) NOT NULL AUTO_INCREMENT,
  `lastName` varchar(255) DEFAULT NULL,
  `email` varchar(255) DEFAULT NULL,
  `gender` int(2) DEFAULT NULL,
  `d_id` int(11) DEFAULT NULL,
  PRIMARY KEY (`id`)
) ENGINE=InnoDB AUTO_INCREMENT=2 DEFAULT CHARSET=utf8;
/*!40101 SET character_set_client = @saved_cs_client */;

--
-- Dumping data for table `employee`
--

LOCK TABLES `employee` WRITE;
/*!40000 ALTER TABLE `employee` DISABLE KEYS */;
INSERT INTO `employee` VALUES (1,'aa','aa@qq.com',1,1);
/*!40000 ALTER TABLE `employee` ENABLE KEYS */;
UNLOCK TABLES;

--
-- Table structure for table `oauth_access_token`
--

DROP TABLE IF EXISTS `oauth_access_token`;
/*!40101 SET @saved_cs_client     = @@character_set_client */;
 SET character_set_client = utf8mb4 ;
CREATE TABLE `oauth_access_token` (
  `create_time` timestamp NULL DEFAULT CURRENT_TIMESTAMP,
  `token_id` varchar(255) DEFAULT NULL,
  `token` blob,
  `authentication_id` varchar(255) DEFAULT NULL,
  `user_name` varchar(255) DEFAULT NULL,
  `client_id` varchar(255) DEFAULT NULL,
  `authentication` blob,
  `refresh_token` varchar(255) DEFAULT NULL
) ENGINE=InnoDB DEFAULT CHARSET=utf8;
/*!40101 SET character_set_client = @saved_cs_client */;

--
-- Dumping data for table `oauth_access_token`
--

LOCK TABLES `oauth_access_token` WRITE;
/*!40000 ALTER TABLE `oauth_access_token` DISABLE KEYS */;
INSERT INTO `oauth_access_token` VALUES ('2018-12-21 07:15:47','bd59809f690fbd4475da56d6f69c9f1d',_binary '¨\Ì\0sr\0Corg.springframework.security.oauth2.common.DefaultOAuth2AccessToken≤û6$˙\Œ\0L\0additionalInformationt\0Ljava/util/Map;L\0\nexpirationt\0Ljava/util/Date;L\0refreshTokent\0?Lorg/springframework/security/oauth2/common/OAuth2RefreshToken;L\0scopet\0Ljava/util/Set;L\0	tokenTypet\0Ljava/lang/String;L\0valueq\0~\0xpsr\0java.util.Collections$EmptyMapY6ÖZ\‹\Á\–\0\0xpsr\0java.util.DatehjÅKYt\0\0xpw\0\0gœÆÇ\œxsr\0Lorg.springframework.security.oauth2.common.DefaultExpiringOAuth2RefreshToken/\ﬂGcù\–…∑\0L\0\nexpirationq\0~\0xr\0Dorg.springframework.security.oauth2.common.DefaultOAuth2RefreshTokens\·\ncT\‘^\0L\0valueq\0~\0xpt\0$bd8d2e35-ef3a-44f6-ac1b-ba09c48dfa6esq\0~\0	w\0\0gœÆÇ\œxsr\0%java.util.Collections$UnmodifiableSetÄí—èõÄU\0\0xr\0,java.util.Collections$UnmodifiableCollectionB\0Ä\À^\˜\0L\0ct\0Ljava/util/Collection;xpsr\0java.util.LinkedHashSet\ÿl\◊Zï\›*\0\0xr\0java.util.HashSet∫DÖïñ∏∑4\0\0xpw\0\0\0?@\0\0\0\0\0t\0readt\0writext\0bearert\0$4f3c15cf-4272-4e1f-b7ae-18e4173b1193','2414fcd669c18b6a2f40b4eb01cefdaf','Lucy','test',_binary '¨\Ì\0sr\0Aorg.springframework.security.oauth2.provider.OAuth2AuthenticationΩ@bR\0L\0\rstoredRequestt\0<Lorg/springframework/security/oauth2/provider/OAuth2Request;L\0userAuthenticationt\02Lorg/springframework/security/core/Authentication;xr\0Gorg.springframework.security.authentication.AbstractAuthenticationToken”™(~nGd\0Z\0\rauthenticatedL\0authoritiest\0Ljava/util/Collection;L\0detailst\0Ljava/lang/Object;xp\0sr\0&java.util.Collections$UnmodifiableList¸%1µ\Ïé\0L\0listt\0Ljava/util/List;xr\0,java.util.Collections$UnmodifiableCollectionB\0Ä\À^\˜\0L\0cq\0~\0xpsr\0java.util.ArrayListxÅ\“ô\«aù\0I\0sizexp\0\0\0\0w\0\0\0\0xq\0~\0psr\0:org.springframework.security.oauth2.provider.OAuth2Request\0\0\0\0\0\0\0\0Z\0approvedL\0authoritiesq\0~\0L\0\nextensionst\0Ljava/util/Map;L\0redirectUrit\0Ljava/lang/String;L\0refresht\0;Lorg/springframework/security/oauth2/provider/TokenRequest;L\0resourceIdst\0Ljava/util/Set;L\0\rresponseTypesq\0~\0xr\08org.springframework.security.oauth2.provider.BaseRequest6(z>£qiΩ\0L\0clientIdq\0~\0L\0requestParametersq\0~\0L\0scopeq\0~\0xpt\0testsr\0%java.util.Collections$UnmodifiableMap\Ò•®˛t\ıB\0L\0mq\0~\0xpsr\0java.util.HashMap\⁄¡\√`\—\0F\0\nloadFactorI\0	thresholdxp?@\0\0\0\0\0w\0\0\0\0\0\0t\0\ngrant_typet\0passwordt\0usernamet\0Lucyxsr\0%java.util.Collections$UnmodifiableSetÄí—èõÄU\0\0xq\0~\0	sr\0java.util.LinkedHashSet\ÿl\◊Zï\›*\0\0xr\0java.util.HashSet∫DÖïñ∏∑4\0\0xpw\0\0\0?@\0\0\0\0\0t\0readt\0writexsq\0~\0 w\0\0\0?@\0\0\0\0\0\0xsq\0~\0?@\0\0\0\0\0\0w\0\0\0\0\0\0\0xppsq\0~\0 w\0\0\0?@\0\0\0\0\0\0xsq\0~\0 w\0\0\0?@\0\0\0\0\0\0xsr\0Oorg.springframework.security.authentication.UsernamePasswordAuthenticationToken\0\0\0\0\0\0§\0L\0credentialsq\0~\0L\0	principalq\0~\0xq\0~\0sq\0~\0sq\0~\0\0\0\0\0w\0\0\0\0xq\0~\0+sr\0java.util.LinkedHashMap4¿N\\l¿˚\0Z\0accessOrderxq\0~\0?@\0\0\0\0\0w\0\0\0\0\0\0q\0~\0q\0~\0\Zq\0~\0q\0~\0x\0psr\0-com.yunwei.weibbix.oauth.entity.MyUserDetailsÜ\‡Y/ÆY¡\0L\0usert\0 Lcom/yunwei/weibbix/entity/User;xr\02org.springframework.security.core.userdetails.User\0\0\0\0\0\0§\0Z\0accountNonExpiredZ\0accountNonLockedZ\0credentialsNonExpiredZ\0enabledL\0authoritiesq\0~\0L\0passwordq\0~\0L\0usernameq\0~\0xpsq\0~\0sr\0java.util.TreeSet›òPìï\Ìá[\0\0xpsr\0Forg.springframework.security.core.userdetails.User$AuthorityComparator\0\0\0\0\0\0§\0\0xpw\0\0\0\0xpt\0Lucysr\0com.yunwei.weibbix.entity.UserÅ\Ï<É\ÏH¨\0Z\0enabledL\0passwordq\0~\0L\0userIdt\0Ljava/lang/Integer;L\0userNameq\0~\0xpt\0<$2a$10$EJWZhlx2hrleT.BY3WmWa.4GyWhnG2pe7u6rIkOMmsailnz29Dh4asr\0java.lang.Integer‚†§\˜Åá8\0I\0valuexr\0java.lang.NumberÜ¨ïî\‡ã\0\0xp\0\0\0q\0~\07','2f3c278dff3db21e5fed8c9fdee0c02e'),('2018-12-29 09:21:51','07b3160b931eba70a88849a8691ed990',_binary '¨\Ì\0sr\0Corg.springframework.security.oauth2.common.DefaultOAuth2AccessToken≤û6$˙\Œ\0L\0additionalInformationt\0Ljava/util/Map;L\0\nexpirationt\0Ljava/util/Date;L\0refreshTokent\0?Lorg/springframework/security/oauth2/common/OAuth2RefreshToken;L\0scopet\0Ljava/util/Set;L\0	tokenTypet\0Ljava/lang/String;L\0valueq\0~\0xpsr\0java.util.Collections$EmptyMapY6ÖZ\‹\Á\–\0\0xpsr\0java.util.DatehjÅKYt\0\0xpw\0\0g˝?\Õ&xsr\0Lorg.springframework.security.oauth2.common.DefaultExpiringOAuth2RefreshToken/\ﬂGcù\–…∑\0L\0\nexpirationq\0~\0xr\0Dorg.springframework.security.oauth2.common.DefaultOAuth2RefreshTokens\·\ncT\‘^\0L\0valueq\0~\0xpt\0$38de6c9c-b78a-4340-9589-7b11a3c482cesq\0~\0	w\0\0g˝?\Õ&xsr\0%java.util.Collections$UnmodifiableSetÄí—èõÄU\0\0xr\0,java.util.Collections$UnmodifiableCollectionB\0Ä\À^\˜\0L\0ct\0Ljava/util/Collection;xpsr\0java.util.LinkedHashSet\ÿl\◊Zï\›*\0\0xr\0java.util.HashSet∫DÖïñ∏∑4\0\0xpw\0\0\0?@\0\0\0\0\0t\0readt\0writext\0bearert\0$8c2bef17-5834-4293-97c8-39042f2e7ad3','ee9732feabee89b53bba824700d1db5f','test-user4','test',_binary '¨\Ì\0sr\0Aorg.springframework.security.oauth2.provider.OAuth2AuthenticationΩ@bR\0L\0\rstoredRequestt\0<Lorg/springframework/security/oauth2/provider/OAuth2Request;L\0userAuthenticationt\02Lorg/springframework/security/core/Authentication;xr\0Gorg.springframework.security.authentication.AbstractAuthenticationToken”™(~nGd\0Z\0\rauthenticatedL\0authoritiest\0Ljava/util/Collection;L\0detailst\0Ljava/lang/Object;xp\0sr\0&java.util.Collections$UnmodifiableList¸%1µ\Ïé\0L\0listt\0Ljava/util/List;xr\0,java.util.Collections$UnmodifiableCollectionB\0Ä\À^\˜\0L\0cq\0~\0xpsr\0java.util.ArrayListxÅ\“ô\«aù\0I\0sizexp\0\0\0\0w\0\0\0\0xq\0~\0psr\0:org.springframework.security.oauth2.provider.OAuth2Request\0\0\0\0\0\0\0\0Z\0approvedL\0authoritiesq\0~\0L\0\nextensionst\0Ljava/util/Map;L\0redirectUrit\0Ljava/lang/String;L\0refresht\0;Lorg/springframework/security/oauth2/provider/TokenRequest;L\0resourceIdst\0Ljava/util/Set;L\0\rresponseTypesq\0~\0xr\08org.springframework.security.oauth2.provider.BaseRequest6(z>£qiΩ\0L\0clientIdq\0~\0L\0requestParametersq\0~\0L\0scopeq\0~\0xpt\0testsr\0%java.util.Collections$UnmodifiableMap\Ò•®˛t\ıB\0L\0mq\0~\0xpsr\0java.util.HashMap\⁄¡\√`\—\0F\0\nloadFactorI\0	thresholdxp?@\0\0\0\0\0w\0\0\0\0\0\0t\0\ngrant_typet\0passwordt\0	client_idt\0testt\0scopet\0\nread writet\0usernamet\0\ntest-user4xsr\0%java.util.Collections$UnmodifiableSetÄí—èõÄU\0\0xq\0~\0	sr\0java.util.LinkedHashSet\ÿl\◊Zï\›*\0\0xr\0java.util.HashSet∫DÖïñ∏∑4\0\0xpw\0\0\0?@\0\0\0\0\0t\0readt\0writexsq\0~\0$w\0\0\0?@\0\0\0\0\0\0xsq\0~\0?@\0\0\0\0\0\0w\0\0\0\0\0\0\0xppsq\0~\0$w\0\0\0?@\0\0\0\0\0\0xsq\0~\0$w\0\0\0?@\0\0\0\0\0\0xsr\0Oorg.springframework.security.authentication.UsernamePasswordAuthenticationToken\0\0\0\0\0\0§\0L\0credentialsq\0~\0L\0	principalq\0~\0xq\0~\0sq\0~\0sq\0~\0\0\0\0\0w\0\0\0\0xq\0~\0/sr\0java.util.LinkedHashMap4¿N\\l¿˚\0Z\0accessOrderxq\0~\0?@\0\0\0\0\0w\0\0\0\0\0\0q\0~\0q\0~\0\Zq\0~\0q\0~\0t\0\rclient_secrett\0123456q\0~\0q\0~\0q\0~\0q\0~\0 x\0psr\0-com.yunwei.weibbix.oauth.entity.MyUserDetailsÜ\‡Y/ÆY¡\0L\0usert\0 Lcom/yunwei/weibbix/entity/User;xr\02org.springframework.security.core.userdetails.User\0\0\0\0\0\0§\0Z\0accountNonExpiredZ\0accountNonLockedZ\0credentialsNonExpiredZ\0enabledL\0authoritiesq\0~\0L\0passwordq\0~\0L\0usernameq\0~\0xpsq\0~\0!sr\0java.util.TreeSet›òPìï\Ìá[\0\0xpsr\0Forg.springframework.security.core.userdetails.User$AuthorityComparator\0\0\0\0\0\0§\0\0xpw\0\0\0\0xpt\0\ntest-user4sr\0com.yunwei.weibbix.entity.User^xX(:ón\0Z\0enabledL\0passwordq\0~\0L\0userIdt\0Ljava/math/BigInteger;L\0userNameq\0~\0xpt\0<$2a$10$V.YBfJWMyeuufpaJ20b9Le7Ac.haYNokfP7ll6iD6yvTT5pXv0rTqsr\0java.math.BigIntegerå¸ü©;˚\0I\0bitCountI\0	bitLengthI\0firstNonzeroByteNumI\0lowestSetBitI\0signum[\0	magnitudet\0[Bxr\0java.lang.NumberÜ¨ïî\‡ã\0\0xpˇˇˇˇˇˇˇˇˇˇˇ˛ˇˇˇ˛\0\0\0ur\0[B¨\Û¯T\‡\0\0xp\0\0\0\rxq\0~\0=','17218db08583f5a669e4d3e50c4aed32'),('2018-12-29 09:22:17','5f03f49e7e6d0322a81049cd8fe35ae5',_binary '¨\Ì\0sr\0Corg.springframework.security.oauth2.common.DefaultOAuth2AccessToken≤û6$˙\Œ\0L\0additionalInformationt\0Ljava/util/Map;L\0\nexpirationt\0Ljava/util/Date;L\0refreshTokent\0?Lorg/springframework/security/oauth2/common/OAuth2RefreshToken;L\0scopet\0Ljava/util/Set;L\0	tokenTypet\0Ljava/lang/String;L\0valueq\0~\0xpsr\0java.util.Collections$EmptyMapY6ÖZ\‹\Á\–\0\0xpsr\0java.util.DatehjÅKYt\0\0xpw\0\0g˛\˜≠xsr\0Lorg.springframework.security.oauth2.common.DefaultExpiringOAuth2RefreshToken/\ﬂGcù\–…∑\0L\0\nexpirationq\0~\0xr\0Dorg.springframework.security.oauth2.common.DefaultOAuth2RefreshTokens\·\ncT\‘^\0L\0valueq\0~\0xpt\0$55f23e03-a6fb-42cf-9c9b-a42b7aba7cfasq\0~\0	w\0\0g˛\˜≠xsr\0%java.util.Collections$UnmodifiableSetÄí—èõÄU\0\0xr\0,java.util.Collections$UnmodifiableCollectionB\0Ä\À^\˜\0L\0ct\0Ljava/util/Collection;xpsr\0java.util.LinkedHashSet\ÿl\◊Zï\›*\0\0xr\0java.util.HashSet∫DÖïñ∏∑4\0\0xpw\0\0\0?@\0\0\0\0\0t\0readt\0writext\0bearert\0$f8160513-a86b-46e6-966c-b11c499a3a7e','578e2a355d165ba24732043b788db7e6','admin','test',_binary '¨\Ì\0sr\0Aorg.springframework.security.oauth2.provider.OAuth2AuthenticationΩ@bR\0L\0\rstoredRequestt\0<Lorg/springframework/security/oauth2/provider/OAuth2Request;L\0userAuthenticationt\02Lorg/springframework/security/core/Authentication;xr\0Gorg.springframework.security.authentication.AbstractAuthenticationToken”™(~nGd\0Z\0\rauthenticatedL\0authoritiest\0Ljava/util/Collection;L\0detailst\0Ljava/lang/Object;xp\0sr\0&java.util.Collections$UnmodifiableList¸%1µ\Ïé\0L\0listt\0Ljava/util/List;xr\0,java.util.Collections$UnmodifiableCollectionB\0Ä\À^\˜\0L\0cq\0~\0xpsr\0java.util.ArrayListxÅ\“ô\«aù\0I\0sizexp\0\0\0\0w\0\0\0\0xq\0~\0psr\0:org.springframework.security.oauth2.provider.OAuth2Request\0\0\0\0\0\0\0\0Z\0approvedL\0authoritiesq\0~\0L\0\nextensionst\0Ljava/util/Map;L\0redirectUrit\0Ljava/lang/String;L\0refresht\0;Lorg/springframework/security/oauth2/provider/TokenRequest;L\0resourceIdst\0Ljava/util/Set;L\0\rresponseTypesq\0~\0xr\08org.springframework.security.oauth2.provider.BaseRequest6(z>£qiΩ\0L\0clientIdq\0~\0L\0requestParametersq\0~\0L\0scopeq\0~\0xpt\0testsr\0%java.util.Collections$UnmodifiableMap\Ò•®˛t\ıB\0L\0mq\0~\0xpsr\0java.util.HashMap\⁄¡\√`\—\0F\0\nloadFactorI\0	thresholdxp?@\0\0\0\0\0w\0\0\0\0\0\0t\0\ngrant_typet\0passwordt\0	client_idt\0testt\0scopet\0\nread writet\0usernamet\0adminxsr\0%java.util.Collections$UnmodifiableSetÄí—èõÄU\0\0xq\0~\0	sr\0java.util.LinkedHashSet\ÿl\◊Zï\›*\0\0xr\0java.util.HashSet∫DÖïñ∏∑4\0\0xpw\0\0\0?@\0\0\0\0\0t\0readt\0writexsq\0~\0$w\0\0\0?@\0\0\0\0\0\0xsq\0~\0?@\0\0\0\0\0\0w\0\0\0\0\0\0\0xppsq\0~\0$w\0\0\0?@\0\0\0\0\0\0xsq\0~\0$w\0\0\0?@\0\0\0\0\0\0xsr\0Oorg.springframework.security.authentication.UsernamePasswordAuthenticationToken\0\0\0\0\0\0§\0L\0credentialsq\0~\0L\0	principalq\0~\0xq\0~\0sq\0~\0sq\0~\0\0\0\0\0w\0\0\0\0xq\0~\0/sr\0java.util.LinkedHashMap4¿N\\l¿˚\0Z\0accessOrderxq\0~\0?@\0\0\0\0\0w\0\0\0\0\0\0q\0~\0q\0~\0\Zq\0~\0q\0~\0t\0\rclient_secrett\0123456q\0~\0q\0~\0q\0~\0q\0~\0 x\0psr\0-com.yunwei.weibbix.oauth.entity.MyUserDetailsÜ\‡Y/ÆY¡\0L\0usert\0 Lcom/yunwei/weibbix/entity/User;xr\02org.springframework.security.core.userdetails.User\0\0\0\0\0\0§\0Z\0accountNonExpiredZ\0accountNonLockedZ\0credentialsNonExpiredZ\0enabledL\0authoritiesq\0~\0L\0passwordq\0~\0L\0usernameq\0~\0xpsq\0~\0!sr\0java.util.TreeSet›òPìï\Ìá[\0\0xpsr\0Forg.springframework.security.core.userdetails.User$AuthorityComparator\0\0\0\0\0\0§\0\0xpw\0\0\0\0xpt\0adminsr\0com.yunwei.weibbix.entity.User^xX(:ón\0Z\0enabledL\0passwordq\0~\0L\0userIdt\0Ljava/math/BigInteger;L\0userNameq\0~\0xpt\0<$2a$10$rujM8XhL20KCln2aS9IgYuUbRDDoQKy3V3uuhvrKmwLcUtX3uRNBmsr\0java.math.BigIntegerå¸ü©;˚\0I\0bitCountI\0	bitLengthI\0firstNonzeroByteNumI\0lowestSetBitI\0signum[\0	magnitudet\0[Bxr\0java.lang.NumberÜ¨ïî\‡ã\0\0xpˇˇˇˇˇˇˇˇˇˇˇ˛ˇˇˇ˛\0\0\0ur\0[B¨\Û¯T\‡\0\0xp\0\0\0xq\0~\0=','279eec3495b307c105500551b8819ea7');
/*!40000 ALTER TABLE `oauth_access_token` ENABLE KEYS */;
UNLOCK TABLES;

--
-- Table structure for table `oauth_refresh_token`
--

DROP TABLE IF EXISTS `oauth_refresh_token`;
/*!40101 SET @saved_cs_client     = @@character_set_client */;
 SET character_set_client = utf8mb4 ;
CREATE TABLE `oauth_refresh_token` (
  `create_time` timestamp NULL DEFAULT CURRENT_TIMESTAMP,
  `token_id` varchar(255) DEFAULT NULL,
  `token` blob,
  `authentication` blob
) ENGINE=InnoDB DEFAULT CHARSET=utf8;
/*!40101 SET character_set_client = @saved_cs_client */;

--
-- Dumping data for table `oauth_refresh_token`
--

LOCK TABLES `oauth_refresh_token` WRITE;
/*!40000 ALTER TABLE `oauth_refresh_token` DISABLE KEYS */;
INSERT INTO `oauth_refresh_token` VALUES ('2018-12-21 07:15:47','2f3c278dff3db21e5fed8c9fdee0c02e',_binary '¨\Ì\0sr\0Lorg.springframework.security.oauth2.common.DefaultExpiringOAuth2RefreshToken/\ﬂGcù\–…∑\0L\0\nexpirationt\0Ljava/util/Date;xr\0Dorg.springframework.security.oauth2.common.DefaultOAuth2RefreshTokens\·\ncT\‘^\0L\0valuet\0Ljava/lang/String;xpt\0$bd8d2e35-ef3a-44f6-ac1b-ba09c48dfa6esr\0java.util.DatehjÅKYt\0\0xpw\0\0gœÆÇ\œx',_binary '¨\Ì\0sr\0Aorg.springframework.security.oauth2.provider.OAuth2AuthenticationΩ@bR\0L\0\rstoredRequestt\0<Lorg/springframework/security/oauth2/provider/OAuth2Request;L\0userAuthenticationt\02Lorg/springframework/security/core/Authentication;xr\0Gorg.springframework.security.authentication.AbstractAuthenticationToken”™(~nGd\0Z\0\rauthenticatedL\0authoritiest\0Ljava/util/Collection;L\0detailst\0Ljava/lang/Object;xp\0sr\0&java.util.Collections$UnmodifiableList¸%1µ\Ïé\0L\0listt\0Ljava/util/List;xr\0,java.util.Collections$UnmodifiableCollectionB\0Ä\À^\˜\0L\0cq\0~\0xpsr\0java.util.ArrayListxÅ\“ô\«aù\0I\0sizexp\0\0\0\0w\0\0\0\0xq\0~\0psr\0:org.springframework.security.oauth2.provider.OAuth2Request\0\0\0\0\0\0\0\0Z\0approvedL\0authoritiesq\0~\0L\0\nextensionst\0Ljava/util/Map;L\0redirectUrit\0Ljava/lang/String;L\0refresht\0;Lorg/springframework/security/oauth2/provider/TokenRequest;L\0resourceIdst\0Ljava/util/Set;L\0\rresponseTypesq\0~\0xr\08org.springframework.security.oauth2.provider.BaseRequest6(z>£qiΩ\0L\0clientIdq\0~\0L\0requestParametersq\0~\0L\0scopeq\0~\0xpt\0testsr\0%java.util.Collections$UnmodifiableMap\Ò•®˛t\ıB\0L\0mq\0~\0xpsr\0java.util.HashMap\⁄¡\√`\—\0F\0\nloadFactorI\0	thresholdxp?@\0\0\0\0\0w\0\0\0\0\0\0t\0\ngrant_typet\0passwordt\0usernamet\0Lucyxsr\0%java.util.Collections$UnmodifiableSetÄí—èõÄU\0\0xq\0~\0	sr\0java.util.LinkedHashSet\ÿl\◊Zï\›*\0\0xr\0java.util.HashSet∫DÖïñ∏∑4\0\0xpw\0\0\0?@\0\0\0\0\0t\0readt\0writexsq\0~\0 w\0\0\0?@\0\0\0\0\0\0xsq\0~\0?@\0\0\0\0\0\0w\0\0\0\0\0\0\0xppsq\0~\0 w\0\0\0?@\0\0\0\0\0\0xsq\0~\0 w\0\0\0?@\0\0\0\0\0\0xsr\0Oorg.springframework.security.authentication.UsernamePasswordAuthenticationToken\0\0\0\0\0\0§\0L\0credentialsq\0~\0L\0	principalq\0~\0xq\0~\0sq\0~\0sq\0~\0\0\0\0\0w\0\0\0\0xq\0~\0+sr\0java.util.LinkedHashMap4¿N\\l¿˚\0Z\0accessOrderxq\0~\0?@\0\0\0\0\0w\0\0\0\0\0\0q\0~\0q\0~\0\Zq\0~\0q\0~\0x\0psr\0-com.yunwei.weibbix.oauth.entity.MyUserDetailsÜ\‡Y/ÆY¡\0L\0usert\0 Lcom/yunwei/weibbix/entity/User;xr\02org.springframework.security.core.userdetails.User\0\0\0\0\0\0§\0Z\0accountNonExpiredZ\0accountNonLockedZ\0credentialsNonExpiredZ\0enabledL\0authoritiesq\0~\0L\0passwordq\0~\0L\0usernameq\0~\0xpsq\0~\0sr\0java.util.TreeSet›òPìï\Ìá[\0\0xpsr\0Forg.springframework.security.core.userdetails.User$AuthorityComparator\0\0\0\0\0\0§\0\0xpw\0\0\0\0xpt\0Lucysr\0com.yunwei.weibbix.entity.UserÅ\Ï<É\ÏH¨\0Z\0enabledL\0passwordq\0~\0L\0userIdt\0Ljava/lang/Integer;L\0userNameq\0~\0xpt\0<$2a$10$EJWZhlx2hrleT.BY3WmWa.4GyWhnG2pe7u6rIkOMmsailnz29Dh4asr\0java.lang.Integer‚†§\˜Åá8\0I\0valuexr\0java.lang.NumberÜ¨ïî\‡ã\0\0xp\0\0\0q\0~\07'),('2018-12-24 06:52:14','71950b10cf802a9166122d22b07ffac8',_binary '¨\Ì\0sr\0Lorg.springframework.security.oauth2.common.DefaultExpiringOAuth2RefreshToken/\ﬂGcù\–…∑\0L\0\nexpirationt\0Ljava/util/Date;xr\0Dorg.springframework.security.oauth2.common.DefaultOAuth2RefreshTokens\·\ncT\‘^\0L\0valuet\0Ljava/lang/String;xpt\0$661ba58c-9af5-40a9-b03e-ec3c7367ef31sr\0java.util.DatehjÅKYt\0\0xpw\0\0g\ﬂx',_binary '¨\Ì\0sr\0Aorg.springframework.security.oauth2.provider.OAuth2AuthenticationΩ@bR\0L\0\rstoredRequestt\0<Lorg/springframework/security/oauth2/provider/OAuth2Request;L\0userAuthenticationt\02Lorg/springframework/security/core/Authentication;xr\0Gorg.springframework.security.authentication.AbstractAuthenticationToken”™(~nGd\0Z\0\rauthenticatedL\0authoritiest\0Ljava/util/Collection;L\0detailst\0Ljava/lang/Object;xp\0sr\0&java.util.Collections$UnmodifiableList¸%1µ\Ïé\0L\0listt\0Ljava/util/List;xr\0,java.util.Collections$UnmodifiableCollectionB\0Ä\À^\˜\0L\0cq\0~\0xpsr\0java.util.ArrayListxÅ\“ô\«aù\0I\0sizexp\0\0\0\0w\0\0\0\0xq\0~\0psr\0:org.springframework.security.oauth2.provider.OAuth2Request\0\0\0\0\0\0\0\0Z\0approvedL\0authoritiesq\0~\0L\0\nextensionst\0Ljava/util/Map;L\0redirectUrit\0Ljava/lang/String;L\0refresht\0;Lorg/springframework/security/oauth2/provider/TokenRequest;L\0resourceIdst\0Ljava/util/Set;L\0\rresponseTypesq\0~\0xr\08org.springframework.security.oauth2.provider.BaseRequest6(z>£qiΩ\0L\0clientIdq\0~\0L\0requestParametersq\0~\0L\0scopeq\0~\0xpt\0testsr\0%java.util.Collections$UnmodifiableMap\Ò•®˛t\ıB\0L\0mq\0~\0xpsr\0java.util.HashMap\⁄¡\√`\—\0F\0\nloadFactorI\0	thresholdxp?@\0\0\0\0\0w\0\0\0\0\0\0t\0\ngrant_typet\0passwordt\0	client_idt\0testt\0scopet\0\nread writet\0usernamet\0\ntest-user4xsr\0%java.util.Collections$UnmodifiableSetÄí—èõÄU\0\0xq\0~\0	sr\0java.util.LinkedHashSet\ÿl\◊Zï\›*\0\0xr\0java.util.HashSet∫DÖïñ∏∑4\0\0xpw\0\0\0?@\0\0\0\0\0t\0readt\0writexsq\0~\0$w\0\0\0?@\0\0\0\0\0\0xsq\0~\0?@\0\0\0\0\0\0w\0\0\0\0\0\0\0xppsq\0~\0$w\0\0\0?@\0\0\0\0\0\0xsq\0~\0$w\0\0\0?@\0\0\0\0\0\0xsr\0Oorg.springframework.security.authentication.UsernamePasswordAuthenticationToken\0\0\0\0\0\0§\0L\0credentialsq\0~\0L\0	principalq\0~\0xq\0~\0sq\0~\0sq\0~\0\0\0\0\0w\0\0\0\0xq\0~\0/sr\0java.util.LinkedHashMap4¿N\\l¿˚\0Z\0accessOrderxq\0~\0?@\0\0\0\0\0w\0\0\0\0\0\0q\0~\0q\0~\0\Zq\0~\0q\0~\0t\0\rclient_secrett\0123456q\0~\0q\0~\0q\0~\0q\0~\0 x\0psr\0-com.yunwei.weibbix.oauth.entity.MyUserDetailsÜ\‡Y/ÆY¡\0L\0usert\0 Lcom/yunwei/weibbix/entity/User;xr\02org.springframework.security.core.userdetails.User\0\0\0\0\0\0§\0Z\0accountNonExpiredZ\0accountNonLockedZ\0credentialsNonExpiredZ\0enabledL\0authoritiesq\0~\0L\0passwordq\0~\0L\0usernameq\0~\0xpsq\0~\0!sr\0java.util.TreeSet›òPìï\Ìá[\0\0xpsr\0Forg.springframework.security.core.userdetails.User$AuthorityComparator\0\0\0\0\0\0§\0\0xpw\0\0\0\0xpt\0\ntest-user4sr\0com.yunwei.weibbix.entity.UserÅ\Ï<É\ÏH¨\0Z\0enabledL\0passwordq\0~\0L\0userIdt\0Ljava/lang/Integer;L\0userNameq\0~\0xpt\0<$2a$10$V.YBfJWMyeuufpaJ20b9Le7Ac.haYNokfP7ll6iD6yvTT5pXv0rTqsr\0java.lang.Integer‚†§\˜Åá8\0I\0valuexr\0java.lang.NumberÜ¨ïî\‡ã\0\0xp\0\0\0\rq\0~\0='),('2018-12-24 07:15:13','44226a6891d14d9ff55952e7d318fe95',_binary '¨\Ì\0sr\0Lorg.springframework.security.oauth2.common.DefaultExpiringOAuth2RefreshToken/\ﬂGcù\–…∑\0L\0\nexpirationt\0Ljava/util/Date;xr\0Dorg.springframework.security.oauth2.common.DefaultOAuth2RefreshTokens\·\ncT\‘^\0L\0valuet\0Ljava/lang/String;xpt\0$d55e3e82-d1c0-4f87-9e43-0ebbe9af6555sr\0java.util.DatehjÅKYt\0\0xpw\0\0g\ﬂ!%*x',_binary '¨\Ì\0sr\0Aorg.springframework.security.oauth2.provider.OAuth2AuthenticationΩ@bR\0L\0\rstoredRequestt\0<Lorg/springframework/security/oauth2/provider/OAuth2Request;L\0userAuthenticationt\02Lorg/springframework/security/core/Authentication;xr\0Gorg.springframework.security.authentication.AbstractAuthenticationToken”™(~nGd\0Z\0\rauthenticatedL\0authoritiest\0Ljava/util/Collection;L\0detailst\0Ljava/lang/Object;xp\0sr\0&java.util.Collections$UnmodifiableList¸%1µ\Ïé\0L\0listt\0Ljava/util/List;xr\0,java.util.Collections$UnmodifiableCollectionB\0Ä\À^\˜\0L\0cq\0~\0xpsr\0java.util.ArrayListxÅ\“ô\«aù\0I\0sizexp\0\0\0\0w\0\0\0\0xq\0~\0psr\0:org.springframework.security.oauth2.provider.OAuth2Request\0\0\0\0\0\0\0\0Z\0approvedL\0authoritiesq\0~\0L\0\nextensionst\0Ljava/util/Map;L\0redirectUrit\0Ljava/lang/String;L\0refresht\0;Lorg/springframework/security/oauth2/provider/TokenRequest;L\0resourceIdst\0Ljava/util/Set;L\0\rresponseTypesq\0~\0xr\08org.springframework.security.oauth2.provider.BaseRequest6(z>£qiΩ\0L\0clientIdq\0~\0L\0requestParametersq\0~\0L\0scopeq\0~\0xpt\0testsr\0%java.util.Collections$UnmodifiableMap\Ò•®˛t\ıB\0L\0mq\0~\0xpsr\0java.util.HashMap\⁄¡\√`\—\0F\0\nloadFactorI\0	thresholdxp?@\0\0\0\0\0w\0\0\0\0\0\0t\0\ngrant_typet\0passwordt\0usernamet\0\ntest-user4xsr\0%java.util.Collections$UnmodifiableSetÄí—èõÄU\0\0xq\0~\0	sr\0java.util.LinkedHashSet\ÿl\◊Zï\›*\0\0xr\0java.util.HashSet∫DÖïñ∏∑4\0\0xpw\0\0\0?@\0\0\0\0\0t\0readt\0writexsq\0~\0 w\0\0\0?@\0\0\0\0\0\0xsq\0~\0?@\0\0\0\0\0\0w\0\0\0\0\0\0\0xppsq\0~\0 w\0\0\0?@\0\0\0\0\0\0xsq\0~\0 w\0\0\0?@\0\0\0\0\0\0xsr\0Oorg.springframework.security.authentication.UsernamePasswordAuthenticationToken\0\0\0\0\0\0§\0L\0credentialsq\0~\0L\0	principalq\0~\0xq\0~\0sq\0~\0sq\0~\0\0\0\0\0w\0\0\0\0xq\0~\0+sr\0java.util.LinkedHashMap4¿N\\l¿˚\0Z\0accessOrderxq\0~\0?@\0\0\0\0\0w\0\0\0\0\0\0q\0~\0q\0~\0\Zq\0~\0q\0~\0x\0psr\0-com.yunwei.weibbix.oauth.entity.MyUserDetailsÜ\‡Y/ÆY¡\0L\0usert\0 Lcom/yunwei/weibbix/entity/User;xr\02org.springframework.security.core.userdetails.User\0\0\0\0\0\0§\0Z\0accountNonExpiredZ\0accountNonLockedZ\0credentialsNonExpiredZ\0enabledL\0authoritiesq\0~\0L\0passwordq\0~\0L\0usernameq\0~\0xpsq\0~\0sr\0java.util.TreeSet›òPìï\Ìá[\0\0xpsr\0Forg.springframework.security.core.userdetails.User$AuthorityComparator\0\0\0\0\0\0§\0\0xpw\0\0\0\0xpt\0\ntest-user4sr\0com.yunwei.weibbix.entity.UserÅ\Ï<É\ÏH¨\0Z\0enabledL\0passwordq\0~\0L\0userIdt\0Ljava/lang/Integer;L\0userNameq\0~\0xpt\0<$2a$10$V.YBfJWMyeuufpaJ20b9Le7Ac.haYNokfP7ll6iD6yvTT5pXv0rTqsr\0java.lang.Integer‚†§\˜Åá8\0I\0valuexr\0java.lang.NumberÜ¨ïî\‡ã\0\0xp\0\0\0\rq\0~\07'),('2018-12-25 08:51:01','861e2d2f34f536f90e81ebf0a074e020',_binary '¨\Ì\0sr\0Lorg.springframework.security.oauth2.common.DefaultExpiringOAuth2RefreshToken/\ﬂGcù\–…∑\0L\0\nexpirationt\0Ljava/util/Date;xr\0Dorg.springframework.security.oauth2.common.DefaultOAuth2RefreshTokens\·\ncT\‘^\0L\0valuet\0Ljava/lang/String;xpt\0$323437b1-180c-423e-8016-b12bd96d1678sr\0java.util.DatehjÅKYt\0\0xpw\0\0g\È∂J\Íx',_binary '¨\Ì\0sr\0Aorg.springframework.security.oauth2.provider.OAuth2AuthenticationΩ@bR\0L\0\rstoredRequestt\0<Lorg/springframework/security/oauth2/provider/OAuth2Request;L\0userAuthenticationt\02Lorg/springframework/security/core/Authentication;xr\0Gorg.springframework.security.authentication.AbstractAuthenticationToken”™(~nGd\0Z\0\rauthenticatedL\0authoritiest\0Ljava/util/Collection;L\0detailst\0Ljava/lang/Object;xp\0sr\0&java.util.Collections$UnmodifiableList¸%1µ\Ïé\0L\0listt\0Ljava/util/List;xr\0,java.util.Collections$UnmodifiableCollectionB\0Ä\À^\˜\0L\0cq\0~\0xpsr\0java.util.ArrayListxÅ\“ô\«aù\0I\0sizexp\0\0\0\0w\0\0\0\0xq\0~\0psr\0:org.springframework.security.oauth2.provider.OAuth2Request\0\0\0\0\0\0\0\0Z\0approvedL\0authoritiesq\0~\0L\0\nextensionst\0Ljava/util/Map;L\0redirectUrit\0Ljava/lang/String;L\0refresht\0;Lorg/springframework/security/oauth2/provider/TokenRequest;L\0resourceIdst\0Ljava/util/Set;L\0\rresponseTypesq\0~\0xr\08org.springframework.security.oauth2.provider.BaseRequest6(z>£qiΩ\0L\0clientIdq\0~\0L\0requestParametersq\0~\0L\0scopeq\0~\0xpt\0testsr\0%java.util.Collections$UnmodifiableMap\Ò•®˛t\ıB\0L\0mq\0~\0xpsr\0java.util.HashMap\⁄¡\√`\—\0F\0\nloadFactorI\0	thresholdxp?@\0\0\0\0\0w\0\0\0\0\0\0t\0\ngrant_typet\0passwordt\0	client_idt\0testt\0scopet\0\nread writet\0usernamet\0\ntest-user4xsr\0%java.util.Collections$UnmodifiableSetÄí—èõÄU\0\0xq\0~\0	sr\0java.util.LinkedHashSet\ÿl\◊Zï\›*\0\0xr\0java.util.HashSet∫DÖïñ∏∑4\0\0xpw\0\0\0?@\0\0\0\0\0t\0readt\0writexsq\0~\0$w\0\0\0?@\0\0\0\0\0\0xsq\0~\0?@\0\0\0\0\0\0w\0\0\0\0\0\0\0xppsq\0~\0$w\0\0\0?@\0\0\0\0\0\0xsq\0~\0$w\0\0\0?@\0\0\0\0\0\0xsr\0Oorg.springframework.security.authentication.UsernamePasswordAuthenticationToken\0\0\0\0\0\0§\0L\0credentialsq\0~\0L\0	principalq\0~\0xq\0~\0sq\0~\0sq\0~\0\0\0\0\0w\0\0\0\0xq\0~\0/sr\0java.util.LinkedHashMap4¿N\\l¿˚\0Z\0accessOrderxq\0~\0?@\0\0\0\0\0w\0\0\0\0\0\0q\0~\0q\0~\0\Zq\0~\0q\0~\0t\0\rclient_secrett\0123456q\0~\0q\0~\0q\0~\0q\0~\0 x\0psr\0-com.yunwei.weibbix.oauth.entity.MyUserDetailsÜ\‡Y/ÆY¡\0L\0usert\0 Lcom/yunwei/weibbix/entity/User;xr\02org.springframework.security.core.userdetails.User\0\0\0\0\0\0§\0Z\0accountNonExpiredZ\0accountNonLockedZ\0credentialsNonExpiredZ\0enabledL\0authoritiesq\0~\0L\0passwordq\0~\0L\0usernameq\0~\0xpsq\0~\0!sr\0java.util.TreeSet›òPìï\Ìá[\0\0xpsr\0Forg.springframework.security.core.userdetails.User$AuthorityComparator\0\0\0\0\0\0§\0\0xpw\0\0\0\0xpt\0\ntest-user4sr\0com.yunwei.weibbix.entity.UserÅ\Ï<É\ÏH¨\0Z\0enabledL\0passwordq\0~\0L\0userIdt\0Ljava/lang/Integer;L\0userNameq\0~\0xpt\0<$2a$10$V.YBfJWMyeuufpaJ20b9Le7Ac.haYNokfP7ll6iD6yvTT5pXv0rTqsr\0java.lang.Integer‚†§\˜Åá8\0I\0valuexr\0java.lang.NumberÜ¨ïî\‡ã\0\0xp\0\0\0\rq\0~\0='),('2018-12-26 08:52:55','4044238089f1c158599f313e0858d21a',_binary '¨\Ì\0sr\0Lorg.springframework.security.oauth2.common.DefaultExpiringOAuth2RefreshToken/\ﬂGcù\–…∑\0L\0\nexpirationt\0Ljava/util/Date;xr\0Dorg.springframework.security.oauth2.common.DefaultOAuth2RefreshTokens\·\ncT\‘^\0L\0valuet\0Ljava/lang/String;xpt\0$7b0488dd-68e2-4d39-847e-b2087cae6f5esr\0java.util.DatehjÅKYt\0\0xpw\0\0g\Ó\ﬁlx',_binary '¨\Ì\0sr\0Aorg.springframework.security.oauth2.provider.OAuth2AuthenticationΩ@bR\0L\0\rstoredRequestt\0<Lorg/springframework/security/oauth2/provider/OAuth2Request;L\0userAuthenticationt\02Lorg/springframework/security/core/Authentication;xr\0Gorg.springframework.security.authentication.AbstractAuthenticationToken”™(~nGd\0Z\0\rauthenticatedL\0authoritiest\0Ljava/util/Collection;L\0detailst\0Ljava/lang/Object;xp\0sr\0&java.util.Collections$UnmodifiableList¸%1µ\Ïé\0L\0listt\0Ljava/util/List;xr\0,java.util.Collections$UnmodifiableCollectionB\0Ä\À^\˜\0L\0cq\0~\0xpsr\0java.util.ArrayListxÅ\“ô\«aù\0I\0sizexp\0\0\0\0w\0\0\0\0xq\0~\0psr\0:org.springframework.security.oauth2.provider.OAuth2Request\0\0\0\0\0\0\0\0Z\0approvedL\0authoritiesq\0~\0L\0\nextensionst\0Ljava/util/Map;L\0redirectUrit\0Ljava/lang/String;L\0refresht\0;Lorg/springframework/security/oauth2/provider/TokenRequest;L\0resourceIdst\0Ljava/util/Set;L\0\rresponseTypesq\0~\0xr\08org.springframework.security.oauth2.provider.BaseRequest6(z>£qiΩ\0L\0clientIdq\0~\0L\0requestParametersq\0~\0L\0scopeq\0~\0xpt\0testsr\0%java.util.Collections$UnmodifiableMap\Ò•®˛t\ıB\0L\0mq\0~\0xpsr\0java.util.HashMap\⁄¡\√`\—\0F\0\nloadFactorI\0	thresholdxp?@\0\0\0\0\0w\0\0\0\0\0\0t\0\ngrant_typet\0passwordt\0	client_idt\0testt\0scopet\0\nread writet\0usernamet\0\ntest-user4xsr\0%java.util.Collections$UnmodifiableSetÄí—èõÄU\0\0xq\0~\0	sr\0java.util.LinkedHashSet\ÿl\◊Zï\›*\0\0xr\0java.util.HashSet∫DÖïñ∏∑4\0\0xpw\0\0\0?@\0\0\0\0\0t\0readt\0writexsq\0~\0$w\0\0\0?@\0\0\0\0\0\0xsq\0~\0?@\0\0\0\0\0\0w\0\0\0\0\0\0\0xppsq\0~\0$w\0\0\0?@\0\0\0\0\0\0xsq\0~\0$w\0\0\0?@\0\0\0\0\0\0xsr\0Oorg.springframework.security.authentication.UsernamePasswordAuthenticationToken\0\0\0\0\0\0§\0L\0credentialsq\0~\0L\0	principalq\0~\0xq\0~\0sq\0~\0sq\0~\0\0\0\0\0w\0\0\0\0xq\0~\0/sr\0java.util.LinkedHashMap4¿N\\l¿˚\0Z\0accessOrderxq\0~\0?@\0\0\0\0\0w\0\0\0\0\0\0q\0~\0q\0~\0\Zq\0~\0q\0~\0t\0\rclient_secrett\0123456q\0~\0q\0~\0q\0~\0q\0~\0 x\0psr\0-com.yunwei.weibbix.oauth.entity.MyUserDetailsÜ\‡Y/ÆY¡\0L\0usert\0 Lcom/yunwei/weibbix/entity/User;xr\02org.springframework.security.core.userdetails.User\0\0\0\0\0\0§\0Z\0accountNonExpiredZ\0accountNonLockedZ\0credentialsNonExpiredZ\0enabledL\0authoritiesq\0~\0L\0passwordq\0~\0L\0usernameq\0~\0xpsq\0~\0!sr\0java.util.TreeSet›òPìï\Ìá[\0\0xpsr\0Forg.springframework.security.core.userdetails.User$AuthorityComparator\0\0\0\0\0\0§\0\0xpw\0\0\0\0xpt\0\ntest-user4sr\0com.yunwei.weibbix.entity.UserÅ\Ï<É\ÏH¨\0Z\0enabledL\0passwordq\0~\0L\0userIdt\0Ljava/lang/Integer;L\0userNameq\0~\0xpt\0<$2a$10$V.YBfJWMyeuufpaJ20b9Le7Ac.haYNokfP7ll6iD6yvTT5pXv0rTqsr\0java.lang.Integer‚†§\˜Åá8\0I\0valuexr\0java.lang.NumberÜ¨ïî\‡ã\0\0xp\0\0\0\rq\0~\0='),('2018-12-27 08:55:50','6a6d544e2a1592c50f484dfa69fb04cb',_binary '¨\Ì\0sr\0Lorg.springframework.security.oauth2.common.DefaultExpiringOAuth2RefreshToken/\ﬂGcù\–…∑\0L\0\nexpirationt\0Ljava/util/Date;xr\0Dorg.springframework.security.oauth2.common.DefaultOAuth2RefreshTokens\·\ncT\‘^\0L\0valuet\0Ljava/lang/String;xpt\0$1f092115-9609-4f95-9fee-6a90181bfd1bsr\0java.util.DatehjÅKYt\0\0xpw\0\0g\Ùwàx',_binary '¨\Ì\0sr\0Aorg.springframework.security.oauth2.provider.OAuth2AuthenticationΩ@bR\0L\0\rstoredRequestt\0<Lorg/springframework/security/oauth2/provider/OAuth2Request;L\0userAuthenticationt\02Lorg/springframework/security/core/Authentication;xr\0Gorg.springframework.security.authentication.AbstractAuthenticationToken”™(~nGd\0Z\0\rauthenticatedL\0authoritiest\0Ljava/util/Collection;L\0detailst\0Ljava/lang/Object;xp\0sr\0&java.util.Collections$UnmodifiableList¸%1µ\Ïé\0L\0listt\0Ljava/util/List;xr\0,java.util.Collections$UnmodifiableCollectionB\0Ä\À^\˜\0L\0cq\0~\0xpsr\0java.util.ArrayListxÅ\“ô\«aù\0I\0sizexp\0\0\0\0w\0\0\0\0xq\0~\0psr\0:org.springframework.security.oauth2.provider.OAuth2Request\0\0\0\0\0\0\0\0Z\0approvedL\0authoritiesq\0~\0L\0\nextensionst\0Ljava/util/Map;L\0redirectUrit\0Ljava/lang/String;L\0refresht\0;Lorg/springframework/security/oauth2/provider/TokenRequest;L\0resourceIdst\0Ljava/util/Set;L\0\rresponseTypesq\0~\0xr\08org.springframework.security.oauth2.provider.BaseRequest6(z>£qiΩ\0L\0clientIdq\0~\0L\0requestParametersq\0~\0L\0scopeq\0~\0xpt\0testsr\0%java.util.Collections$UnmodifiableMap\Ò•®˛t\ıB\0L\0mq\0~\0xpsr\0java.util.HashMap\⁄¡\√`\—\0F\0\nloadFactorI\0	thresholdxp?@\0\0\0\0\0w\0\0\0\0\0\0t\0\ngrant_typet\0passwordt\0	client_idt\0testt\0scopet\0\nread writet\0usernamet\0\ntest-user4xsr\0%java.util.Collections$UnmodifiableSetÄí—èõÄU\0\0xq\0~\0	sr\0java.util.LinkedHashSet\ÿl\◊Zï\›*\0\0xr\0java.util.HashSet∫DÖïñ∏∑4\0\0xpw\0\0\0?@\0\0\0\0\0t\0readt\0writexsq\0~\0$w\0\0\0?@\0\0\0\0\0\0xsq\0~\0?@\0\0\0\0\0\0w\0\0\0\0\0\0\0xppsq\0~\0$w\0\0\0?@\0\0\0\0\0\0xsq\0~\0$w\0\0\0?@\0\0\0\0\0\0xsr\0Oorg.springframework.security.authentication.UsernamePasswordAuthenticationToken\0\0\0\0\0\0§\0L\0credentialsq\0~\0L\0	principalq\0~\0xq\0~\0sq\0~\0sq\0~\0\0\0\0\0w\0\0\0\0xq\0~\0/sr\0java.util.LinkedHashMap4¿N\\l¿˚\0Z\0accessOrderxq\0~\0?@\0\0\0\0\0w\0\0\0\0\0\0q\0~\0q\0~\0\Zq\0~\0q\0~\0t\0\rclient_secrett\0123456q\0~\0q\0~\0q\0~\0q\0~\0 x\0psr\0-com.yunwei.weibbix.oauth.entity.MyUserDetailsÜ\‡Y/ÆY¡\0L\0usert\0 Lcom/yunwei/weibbix/entity/User;xr\02org.springframework.security.core.userdetails.User\0\0\0\0\0\0§\0Z\0accountNonExpiredZ\0accountNonLockedZ\0credentialsNonExpiredZ\0enabledL\0authoritiesq\0~\0L\0passwordq\0~\0L\0usernameq\0~\0xpsq\0~\0!sr\0java.util.TreeSet›òPìï\Ìá[\0\0xpsr\0Forg.springframework.security.core.userdetails.User$AuthorityComparator\0\0\0\0\0\0§\0\0xpw\0\0\0\0xpt\0\ntest-user4sr\0com.yunwei.weibbix.entity.UserÅ\Ï<É\ÏH¨\0Z\0enabledL\0passwordq\0~\0L\0userIdt\0Ljava/lang/Integer;L\0userNameq\0~\0xpt\0<$2a$10$V.YBfJWMyeuufpaJ20b9Le7Ac.haYNokfP7ll6iD6yvTT5pXv0rTqsr\0java.lang.Integer‚†§\˜Åá8\0I\0valuexr\0java.lang.NumberÜ¨ïî\‡ã\0\0xp\0\0\0\rq\0~\0='),('2018-12-28 03:51:58','9a26ed13d756fbe589ad8ca49544ceea',_binary '¨\Ì\0sr\0Lorg.springframework.security.oauth2.common.DefaultExpiringOAuth2RefreshToken/\ﬂGcù\–…∑\0L\0\nexpirationt\0Ljava/util/Date;xr\0Dorg.springframework.security.oauth2.common.DefaultOAuth2RefreshTokens\·\ncT\‘^\0L\0valuet\0Ljava/lang/String;xpt\0$48f258e3-d572-4721-b87b-8418fbbdff21sr\0java.util.DatehjÅKYt\0\0xpw\0\0g¯§˝x',_binary '¨\Ì\0sr\0Aorg.springframework.security.oauth2.provider.OAuth2AuthenticationΩ@bR\0L\0\rstoredRequestt\0<Lorg/springframework/security/oauth2/provider/OAuth2Request;L\0userAuthenticationt\02Lorg/springframework/security/core/Authentication;xr\0Gorg.springframework.security.authentication.AbstractAuthenticationToken”™(~nGd\0Z\0\rauthenticatedL\0authoritiest\0Ljava/util/Collection;L\0detailst\0Ljava/lang/Object;xp\0sr\0&java.util.Collections$UnmodifiableList¸%1µ\Ïé\0L\0listt\0Ljava/util/List;xr\0,java.util.Collections$UnmodifiableCollectionB\0Ä\À^\˜\0L\0cq\0~\0xpsr\0java.util.ArrayListxÅ\“ô\«aù\0I\0sizexp\0\0\0\0w\0\0\0\0xq\0~\0psr\0:org.springframework.security.oauth2.provider.OAuth2Request\0\0\0\0\0\0\0\0Z\0approvedL\0authoritiesq\0~\0L\0\nextensionst\0Ljava/util/Map;L\0redirectUrit\0Ljava/lang/String;L\0refresht\0;Lorg/springframework/security/oauth2/provider/TokenRequest;L\0resourceIdst\0Ljava/util/Set;L\0\rresponseTypesq\0~\0xr\08org.springframework.security.oauth2.provider.BaseRequest6(z>£qiΩ\0L\0clientIdq\0~\0L\0requestParametersq\0~\0L\0scopeq\0~\0xpt\0testsr\0%java.util.Collections$UnmodifiableMap\Ò•®˛t\ıB\0L\0mq\0~\0xpsr\0java.util.HashMap\⁄¡\√`\—\0F\0\nloadFactorI\0	thresholdxp?@\0\0\0\0\0w\0\0\0\0\0\0t\0\ngrant_typet\0passwordt\0	client_idt\0testt\0scopet\0\nread writet\0usernamet\0\ntest-user4xsr\0%java.util.Collections$UnmodifiableSetÄí—èõÄU\0\0xq\0~\0	sr\0java.util.LinkedHashSet\ÿl\◊Zï\›*\0\0xr\0java.util.HashSet∫DÖïñ∏∑4\0\0xpw\0\0\0?@\0\0\0\0\0t\0readt\0writexsq\0~\0$w\0\0\0?@\0\0\0\0\0\0xsq\0~\0?@\0\0\0\0\0\0w\0\0\0\0\0\0\0xppsq\0~\0$w\0\0\0?@\0\0\0\0\0\0xsq\0~\0$w\0\0\0?@\0\0\0\0\0\0xsr\0Oorg.springframework.security.authentication.UsernamePasswordAuthenticationToken\0\0\0\0\0\0§\0L\0credentialsq\0~\0L\0	principalq\0~\0xq\0~\0sq\0~\0sq\0~\0\0\0\0\0w\0\0\0\0xq\0~\0/sr\0java.util.LinkedHashMap4¿N\\l¿˚\0Z\0accessOrderxq\0~\0?@\0\0\0\0\0w\0\0\0\0\0\0q\0~\0q\0~\0\Zq\0~\0q\0~\0t\0\rclient_secrett\0123456q\0~\0q\0~\0q\0~\0q\0~\0 x\0psr\0-com.yunwei.weibbix.oauth.entity.MyUserDetailsÜ\‡Y/ÆY¡\0L\0usert\0 Lcom/yunwei/weibbix/entity/User;xr\02org.springframework.security.core.userdetails.User\0\0\0\0\0\0§\0Z\0accountNonExpiredZ\0accountNonLockedZ\0credentialsNonExpiredZ\0enabledL\0authoritiesq\0~\0L\0passwordq\0~\0L\0usernameq\0~\0xpsq\0~\0!sr\0java.util.TreeSet›òPìï\Ìá[\0\0xpsr\0Forg.springframework.security.core.userdetails.User$AuthorityComparator\0\0\0\0\0\0§\0\0xpw\0\0\0\0xpt\0\ntest-user4sr\0com.yunwei.weibbix.entity.User^xX(:ón\0Z\0enabledL\0passwordq\0~\0L\0userIdt\0Ljava/math/BigInteger;L\0userNameq\0~\0xpt\0<$2a$10$V.YBfJWMyeuufpaJ20b9Le7Ac.haYNokfP7ll6iD6yvTT5pXv0rTqsr\0java.math.BigIntegerå¸ü©;˚\0I\0bitCountI\0	bitLengthI\0firstNonzeroByteNumI\0lowestSetBitI\0signum[\0	magnitudet\0[Bxr\0java.lang.NumberÜ¨ïî\‡ã\0\0xpˇˇˇˇˇˇˇˇˇˇˇ˛ˇˇˇ˛\0\0\0ur\0[B¨\Û¯T\‡\0\0xp\0\0\0\rxq\0~\0='),('2018-12-29 03:53:55','17218db08583f5a669e4d3e50c4aed32',_binary '¨\Ì\0sr\0Lorg.springframework.security.oauth2.common.DefaultExpiringOAuth2RefreshToken/\ﬂGcù\–…∑\0L\0\nexpirationt\0Ljava/util/Date;xr\0Dorg.springframework.security.oauth2.common.DefaultOAuth2RefreshTokens\·\ncT\‘^\0L\0valuet\0Ljava/lang/String;xpt\0$38de6c9c-b78a-4340-9589-7b11a3c482cesr\0java.util.DatehjÅKYt\0\0xpw\0\0g˝?\Õ&x',_binary '¨\Ì\0sr\0Aorg.springframework.security.oauth2.provider.OAuth2AuthenticationΩ@bR\0L\0\rstoredRequestt\0<Lorg/springframework/security/oauth2/provider/OAuth2Request;L\0userAuthenticationt\02Lorg/springframework/security/core/Authentication;xr\0Gorg.springframework.security.authentication.AbstractAuthenticationToken”™(~nGd\0Z\0\rauthenticatedL\0authoritiest\0Ljava/util/Collection;L\0detailst\0Ljava/lang/Object;xp\0sr\0&java.util.Collections$UnmodifiableList¸%1µ\Ïé\0L\0listt\0Ljava/util/List;xr\0,java.util.Collections$UnmodifiableCollectionB\0Ä\À^\˜\0L\0cq\0~\0xpsr\0java.util.ArrayListxÅ\“ô\«aù\0I\0sizexp\0\0\0\0w\0\0\0\0xq\0~\0psr\0:org.springframework.security.oauth2.provider.OAuth2Request\0\0\0\0\0\0\0\0Z\0approvedL\0authoritiesq\0~\0L\0\nextensionst\0Ljava/util/Map;L\0redirectUrit\0Ljava/lang/String;L\0refresht\0;Lorg/springframework/security/oauth2/provider/TokenRequest;L\0resourceIdst\0Ljava/util/Set;L\0\rresponseTypesq\0~\0xr\08org.springframework.security.oauth2.provider.BaseRequest6(z>£qiΩ\0L\0clientIdq\0~\0L\0requestParametersq\0~\0L\0scopeq\0~\0xpt\0testsr\0%java.util.Collections$UnmodifiableMap\Ò•®˛t\ıB\0L\0mq\0~\0xpsr\0java.util.HashMap\⁄¡\√`\—\0F\0\nloadFactorI\0	thresholdxp?@\0\0\0\0\0w\0\0\0\0\0\0t\0\ngrant_typet\0passwordt\0	client_idt\0testt\0scopet\0\nread writet\0usernamet\0\ntest-user4xsr\0%java.util.Collections$UnmodifiableSetÄí—èõÄU\0\0xq\0~\0	sr\0java.util.LinkedHashSet\ÿl\◊Zï\›*\0\0xr\0java.util.HashSet∫DÖïñ∏∑4\0\0xpw\0\0\0?@\0\0\0\0\0t\0readt\0writexsq\0~\0$w\0\0\0?@\0\0\0\0\0\0xsq\0~\0?@\0\0\0\0\0\0w\0\0\0\0\0\0\0xppsq\0~\0$w\0\0\0?@\0\0\0\0\0\0xsq\0~\0$w\0\0\0?@\0\0\0\0\0\0xsr\0Oorg.springframework.security.authentication.UsernamePasswordAuthenticationToken\0\0\0\0\0\0§\0L\0credentialsq\0~\0L\0	principalq\0~\0xq\0~\0sq\0~\0sq\0~\0\0\0\0\0w\0\0\0\0xq\0~\0/sr\0java.util.LinkedHashMap4¿N\\l¿˚\0Z\0accessOrderxq\0~\0?@\0\0\0\0\0w\0\0\0\0\0\0q\0~\0q\0~\0\Zq\0~\0q\0~\0t\0\rclient_secrett\0123456q\0~\0q\0~\0q\0~\0q\0~\0 x\0psr\0-com.yunwei.weibbix.oauth.entity.MyUserDetailsÜ\‡Y/ÆY¡\0L\0usert\0 Lcom/yunwei/weibbix/entity/User;xr\02org.springframework.security.core.userdetails.User\0\0\0\0\0\0§\0Z\0accountNonExpiredZ\0accountNonLockedZ\0credentialsNonExpiredZ\0enabledL\0authoritiesq\0~\0L\0passwordq\0~\0L\0usernameq\0~\0xpsq\0~\0!sr\0java.util.TreeSet›òPìï\Ìá[\0\0xpsr\0Forg.springframework.security.core.userdetails.User$AuthorityComparator\0\0\0\0\0\0§\0\0xpw\0\0\0\0xpt\0\ntest-user4sr\0com.yunwei.weibbix.entity.User^xX(:ón\0Z\0enabledL\0passwordq\0~\0L\0userIdt\0Ljava/math/BigInteger;L\0userNameq\0~\0xpt\0<$2a$10$V.YBfJWMyeuufpaJ20b9Le7Ac.haYNokfP7ll6iD6yvTT5pXv0rTqsr\0java.math.BigIntegerå¸ü©;˚\0I\0bitCountI\0	bitLengthI\0firstNonzeroByteNumI\0lowestSetBitI\0signum[\0	magnitudet\0[Bxr\0java.lang.NumberÜ¨ïî\‡ã\0\0xpˇˇˇˇˇˇˇˇˇˇˇ˛ˇˇˇ˛\0\0\0ur\0[B¨\Û¯T\‡\0\0xp\0\0\0\rxq\0~\0='),('2018-12-29 07:29:16','279eec3495b307c105500551b8819ea7',_binary '¨\Ì\0sr\0Lorg.springframework.security.oauth2.common.DefaultExpiringOAuth2RefreshToken/\ﬂGcù\–…∑\0L\0\nexpirationt\0Ljava/util/Date;xr\0Dorg.springframework.security.oauth2.common.DefaultOAuth2RefreshTokens\·\ncT\‘^\0L\0valuet\0Ljava/lang/String;xpt\0$55f23e03-a6fb-42cf-9c9b-a42b7aba7cfasr\0java.util.DatehjÅKYt\0\0xpw\0\0g˛\˜≠x',_binary '¨\Ì\0sr\0Aorg.springframework.security.oauth2.provider.OAuth2AuthenticationΩ@bR\0L\0\rstoredRequestt\0<Lorg/springframework/security/oauth2/provider/OAuth2Request;L\0userAuthenticationt\02Lorg/springframework/security/core/Authentication;xr\0Gorg.springframework.security.authentication.AbstractAuthenticationToken”™(~nGd\0Z\0\rauthenticatedL\0authoritiest\0Ljava/util/Collection;L\0detailst\0Ljava/lang/Object;xp\0sr\0&java.util.Collections$UnmodifiableList¸%1µ\Ïé\0L\0listt\0Ljava/util/List;xr\0,java.util.Collections$UnmodifiableCollectionB\0Ä\À^\˜\0L\0cq\0~\0xpsr\0java.util.ArrayListxÅ\“ô\«aù\0I\0sizexp\0\0\0\0w\0\0\0\0xq\0~\0psr\0:org.springframework.security.oauth2.provider.OAuth2Request\0\0\0\0\0\0\0\0Z\0approvedL\0authoritiesq\0~\0L\0\nextensionst\0Ljava/util/Map;L\0redirectUrit\0Ljava/lang/String;L\0refresht\0;Lorg/springframework/security/oauth2/provider/TokenRequest;L\0resourceIdst\0Ljava/util/Set;L\0\rresponseTypesq\0~\0xr\08org.springframework.security.oauth2.provider.BaseRequest6(z>£qiΩ\0L\0clientIdq\0~\0L\0requestParametersq\0~\0L\0scopeq\0~\0xpt\0testsr\0%java.util.Collections$UnmodifiableMap\Ò•®˛t\ıB\0L\0mq\0~\0xpsr\0java.util.HashMap\⁄¡\√`\—\0F\0\nloadFactorI\0	thresholdxp?@\0\0\0\0\0w\0\0\0\0\0\0t\0\ngrant_typet\0passwordt\0	client_idt\0testt\0scopet\0\nread writet\0usernamet\0adminxsr\0%java.util.Collections$UnmodifiableSetÄí—èõÄU\0\0xq\0~\0	sr\0java.util.LinkedHashSet\ÿl\◊Zï\›*\0\0xr\0java.util.HashSet∫DÖïñ∏∑4\0\0xpw\0\0\0?@\0\0\0\0\0t\0readt\0writexsq\0~\0$w\0\0\0?@\0\0\0\0\0\0xsq\0~\0?@\0\0\0\0\0\0w\0\0\0\0\0\0\0xppsq\0~\0$w\0\0\0?@\0\0\0\0\0\0xsq\0~\0$w\0\0\0?@\0\0\0\0\0\0xsr\0Oorg.springframework.security.authentication.UsernamePasswordAuthenticationToken\0\0\0\0\0\0§\0L\0credentialsq\0~\0L\0	principalq\0~\0xq\0~\0sq\0~\0sq\0~\0\0\0\0\0w\0\0\0\0xq\0~\0/sr\0java.util.LinkedHashMap4¿N\\l¿˚\0Z\0accessOrderxq\0~\0?@\0\0\0\0\0w\0\0\0\0\0\0q\0~\0q\0~\0\Zq\0~\0q\0~\0t\0\rclient_secrett\0123456q\0~\0q\0~\0q\0~\0q\0~\0 x\0psr\0-com.yunwei.weibbix.oauth.entity.MyUserDetailsÜ\‡Y/ÆY¡\0L\0usert\0 Lcom/yunwei/weibbix/entity/User;xr\02org.springframework.security.core.userdetails.User\0\0\0\0\0\0§\0Z\0accountNonExpiredZ\0accountNonLockedZ\0credentialsNonExpiredZ\0enabledL\0authoritiesq\0~\0L\0passwordq\0~\0L\0usernameq\0~\0xpsq\0~\0!sr\0java.util.TreeSet›òPìï\Ìá[\0\0xpsr\0Forg.springframework.security.core.userdetails.User$AuthorityComparator\0\0\0\0\0\0§\0\0xpw\0\0\0\0xpt\0adminsr\0com.yunwei.weibbix.entity.User^xX(:ón\0Z\0enabledL\0passwordq\0~\0L\0userIdt\0Ljava/math/BigInteger;L\0userNameq\0~\0xpt\0<$2a$10$fRHwUgLHLb9cu3zarItrhufZW5UCV.9DBWNa2V3//atviuebFVZwysr\0java.math.BigIntegerå¸ü©;˚\0I\0bitCountI\0	bitLengthI\0firstNonzeroByteNumI\0lowestSetBitI\0signum[\0	magnitudet\0[Bxr\0java.lang.NumberÜ¨ïî\‡ã\0\0xpˇˇˇˇˇˇˇˇˇˇˇ˛ˇˇˇ˛\0\0\0ur\0[B¨\Û¯T\‡\0\0xp\0\0\0xq\0~\0=');
/*!40000 ALTER TABLE `oauth_refresh_token` ENABLE KEYS */;
UNLOCK TABLES;

--
-- Table structure for table `user`
--

DROP TABLE IF EXISTS `user`;
/*!40101 SET @saved_cs_client     = @@character_set_client */;
 SET character_set_client = utf8mb4 ;
CREATE TABLE `user` (
  `username` varchar(20) DEFAULT NULL,
  `password` varchar(20) DEFAULT NULL,
  `email` varchar(20) DEFAULT NULL
) ENGINE=InnoDB DEFAULT CHARSET=utf8mb4 COLLATE=utf8mb4_0900_ai_ci;
/*!40101 SET character_set_client = @saved_cs_client */;

--
-- Dumping data for table `user`
--

LOCK TABLES `user` WRITE;
/*!40000 ALTER TABLE `user` DISABLE KEYS */;
INSERT INTO `user` VALUES ('Â∞èÊòé','aaaaaa','xm@qq.com'),('Âº†‰∏â','aaaaaa','xm@qq.com');
/*!40000 ALTER TABLE `user` ENABLE KEYS */;
UNLOCK TABLES;

--
-- Table structure for table `users`
--

DROP TABLE IF EXISTS `users`;
/*!40101 SET @saved_cs_client     = @@character_set_client */;
 SET character_set_client = utf8mb4 ;
CREATE TABLE `users` (
  `userId` bigint(20) unsigned NOT NULL AUTO_INCREMENT,
  `userName` char(50) NOT NULL,
  `password` char(100) DEFAULT NULL,
  `enabled` bit(1) NOT NULL,
  PRIMARY KEY (`userId`),
  UNIQUE KEY `userName` (`userName`)
) ENGINE=InnoDB AUTO_INCREMENT=61 DEFAULT CHARSET=utf8mb4 COLLATE=utf8mb4_0900_ai_ci;
/*!40101 SET character_set_client = @saved_cs_client */;

--
-- Dumping data for table `users`
--

LOCK TABLES `users` WRITE;
/*!40000 ALTER TABLE `users` DISABLE KEYS */;
INSERT INTO `users` VALUES (12,'admin','$2a$10$rujM8XhL20KCln2aS9IgYuUbRDDoQKy3V3uuhvrKmwLcUtX3uRNBm',_binary ''),(13,'test-user4','$2a$10$V.YBfJWMyeuufpaJ20b9Le7Ac.haYNokfP7ll6iD6yvTT5pXv0rTq',_binary ''),(14,'Lucy','$2a$10$EJWZhlx2hrleT.BY3WmWa.4GyWhnG2pe7u6rIkOMmsailnz29Dh4a',_binary ''),(34,'9999999999999999','$2a$10$9yvx0Q0y2SNwYKJ.LPKgJe.UVE.wCIXR192RIPHcaAvWJebA52pwq',_binary ''),(54,'user01','$2a$10$JgOoNJ8YIPHgQlvw2trzV.bjaA61i4VNPVSWZZcdaYO5J1pi4zh4y',_binary ''),(55,'user02','$2a$10$6Vh3a3lquXGdpUuS90khIOJBGiirUFwaMJnItrL1.ibZIqk44iFsO',_binary ''),(56,'33333333','$2a$10$74rA5axHtJcPGcSpzA7L4uDIbRqQuExNKxo7SBdix3X4m8OrMoWUG',_binary '\0'),(57,'111111111111','$2a$10$A0ri0p3H71dOxiDfqiqp0.f1cWr02nT1kvSmYiX0.LSX6Ree8abMa',_binary '');
/*!40000 ALTER TABLE `users` ENABLE KEYS */;
UNLOCK TABLES;

--
-- Table structure for table `usersGroup`
--

DROP TABLE IF EXISTS `usersGroup`;
/*!40101 SET @saved_cs_client     = @@character_set_client */;
 SET character_set_client = utf8mb4 ;
CREATE TABLE `usersGroup` (
  `groupName` char(50) NOT NULL,
  `enabled` bit(1) NOT NULL,
  `groupId` bigint(20) unsigned NOT NULL AUTO_INCREMENT,
  PRIMARY KEY (`groupId`),
  UNIQUE KEY `groupName` (`groupName`)
) ENGINE=InnoDB AUTO_INCREMENT=26 DEFAULT CHARSET=utf8mb4 COLLATE=utf8mb4_0900_ai_ci;
/*!40101 SET character_set_client = @saved_cs_client */;

--
-- Dumping data for table `usersGroup`
--

LOCK TABLES `usersGroup` WRITE;
/*!40000 ALTER TABLE `usersGroup` DISABLE KEYS */;
INSERT INTO `usersGroup` VALUES ('Ë∂ÖÁ∫ßÁÆ°ÁêÜÂëòÁªÑ',_binary '',2),('‰∏öÂä°ÁªÑ1',_binary '',3),('12345',_binary '',22),('È°πÁõÆÁªÑ',_binary '\0',23),('ËÆæËÆ°ÁªÑ',_binary '\0',24),('È°πÁõÆ5ÁªÑ',_binary '\0',25);
/*!40000 ALTER TABLE `usersGroup` ENABLE KEYS */;
UNLOCK TABLES;

--
-- Table structure for table `users_groups`
--

DROP TABLE IF EXISTS `users_groups`;
/*!40101 SET @saved_cs_client     = @@character_set_client */;
 SET character_set_client = utf8mb4 ;
CREATE TABLE `users_groups` (
  `id` bigint(20) NOT NULL AUTO_INCREMENT,
  `groupId` bigint(20) unsigned NOT NULL,
  `userId` bigint(20) unsigned NOT NULL,
  PRIMARY KEY (`id`),
  KEY `c_users_groups_2` (`userId`),
  KEY `FK_ID` (`groupId`),
  CONSTRAINT `FK_ID` FOREIGN KEY (`groupId`) REFERENCES `usersGroup` (`groupid`),
  CONSTRAINT `c_users_groups_2` FOREIGN KEY (`userId`) REFERENCES `users` (`userid`) ON DELETE CASCADE
) ENGINE=InnoDB AUTO_INCREMENT=41 DEFAULT CHARSET=utf8mb4 COLLATE=utf8mb4_0900_ai_ci;
/*!40101 SET character_set_client = @saved_cs_client */;

--
-- Dumping data for table `users_groups`
--

LOCK TABLES `users_groups` WRITE;
/*!40000 ALTER TABLE `users_groups` DISABLE KEYS */;
INSERT INTO `users_groups` VALUES (4,2,54),(5,24,54),(6,3,55),(7,24,55),(8,2,56),(9,22,56),(10,3,56),(11,3,57),(12,2,57),(34,2,13),(35,22,13),(39,2,12),(40,3,12);
/*!40000 ALTER TABLE `users_groups` ENABLE KEYS */;
UNLOCK TABLES;
/*!40103 SET TIME_ZONE=@OLD_TIME_ZONE */;

/*!40101 SET SQL_MODE=@OLD_SQL_MODE */;
/*!40014 SET FOREIGN_KEY_CHECKS=@OLD_FOREIGN_KEY_CHECKS */;
/*!40014 SET UNIQUE_CHECKS=@OLD_UNIQUE_CHECKS */;
/*!40101 SET CHARACTER_SET_CLIENT=@OLD_CHARACTER_SET_CLIENT */;
/*!40101 SET CHARACTER_SET_RESULTS=@OLD_CHARACTER_SET_RESULTS */;
/*!40101 SET COLLATION_CONNECTION=@OLD_COLLATION_CONNECTION */;
/*!40111 SET SQL_NOTES=@OLD_SQL_NOTES */;

-- Dump completed on 2018-12-29 18:26:58
